time_s,pyr1_raw_C,pyr2_raw_C,tc_ref_C,pyr1_cal_C,pyr2_cal_C,fused_C,true_C
0.0,2084.0296616330097,2162.4349965378747,1992.2380676908995,1232.3810859451708,1225.4454505708538,1228.9308128167809,1995.33
0.0020007278020378457,2057.0542072921958,2153.0840230082026,1992.8721554927165,1315.5199405549224,1308.4776788514932,1312.0166239866371,1976.745
0.0040014556040756915,2044.364913824396,2090.356893225311,1989.1042724663785,1384.8807591480156,1378.0444113335884,1381.4798786392464,1955.505
0.006002183406113537,2032.7482821050212,2107.12380360742,1985.710297497403,1435.9430102826302,1429.6533009818409,1432.8140662400617,1934.265
0.008002911208151383,1992.3064925111325,2065.808337538774,1978.9114004502894,1468.4547528624769,1463.0121355301114,1465.7472119788388,1915.68
0.01000363901018923,1972.9510987041099,2050.529145165519,1972.0786377997515,1485.18259024171,1480.7955090431708,1483.0001473140676,1897.0951
0.012004366812227074,1978.1204756610887,2050.148162003657,1964.1335311049502,1489.9247369610407,1486.6889291027237,1488.3150184133317,1881.1649
0.01400509461426492,1954.5538212420224,2029.27473297623,1959.905770799683,1485.8832035867094,1483.7887545224796,1484.8412772259533,1867.89
0.016005822416302766,1923.1204577594056,2029.5467118546771,1949.6091411079087,1475.006259625492,1473.9582686721055,1474.4849151732367,1851.9601
0.018006550218340613,1924.2043240386565,1981.6086340751078,1940.3864289580329,1458.3189427741713,1458.1580848419242,1458.2389207183442,1841.34
0.02000727802037846,1903.8371810456254,1988.9728813901522,1933.3091178691768,1436.86164018079,1437.3825110707837,1437.1207580176012,1833.3749
0.022008005822416302,1461.3947634649694,1545.276689873486,1887.8217705613654,1412.6696032486452,1413.6456949802632,1413.1551799681072,1408.5751
0.02400873362445415,905.8079662041049,947.8143459248478,1809.5152998291703,1389.2090500882985,1390.430957211173,1389.816912682554,866.95496
0.026009461426491996,675.3281736852002,735.6998066821902,1717.641610388021,1370.866651941616,1372.1855979681725,1371.5227885156457,670.485
0.02801018922852984,1833.3975436270312,1952.776525332983,1722.6987435479252,1361.5661596974694,1362.9178085910867,1362.2385649790292,1780.275
0.030010917030567685,1648.2624373444207,1718.010275752158,1713.166376157534,1363.1427040469134,1364.5309985686138,1363.8333394428068,1589.1151
0.03201164483260553,962.6429015559869,1005.1992174542709,1653.3236460889746,1374.3344375919,1375.778502883838,1375.0528172937604,935.985
0.03401237263464338,558.2737145731745,588.5795050726036,1561.2736236158364,1390.9767112629104,1392.452226934497,1391.7107365969187,532.42505
0.036013100436681225,1851.495678867183,1938.8397838624717,1578.436920170138,1407.2293113147912,1408.642256251578,1407.932209561914,1788.2401
0.03801382823871907,1850.9742305839766,1967.506233591455,1593.648441016361,1417.151810524464,1418.36168005797,1417.753684774626,1793.5499
0.04001455604075692,1891.0399336645587,1959.7397541438172,1607.4597943850492,1415.9638828877578,1416.8405277442175,1416.3999877329727,1798.86
0.04201528384279476,1879.0382429879116,1950.5231071521212,1628.063890011112,1400.780703102505,1401.2600066501325,1401.0191424179345,1806.8251
0.044016011644832605,1896.3832144328176,1982.2582012281086,1640.6722033091569,1370.9897966237882,1371.0983962113824,1371.0438217013202,1820.1
0.04601673944687045,1900.5966252810636,1982.9894147236023,1653.9628227474777,1328.4092943564742,1328.2511949680122,1328.3306445944577,1841.34
0.0480174672489083,1247.5386963681979,1324.5559556925723,1621.9493420091799,1277.1006730904871,1276.8195418677526,1276.9608186357757,1204.14
0.050018195050946145,987.1881877757371,1002.7968691393157,1569.0463483703468,1222.6132960589296,1222.3534000871218,1222.4840055124535,946.60486
0.05201892285298399,618.1134310748387,681.0279708588449,1493.1118029118643,1170.7074796311483,1170.5913897031721,1170.6497283311799,606.765
0.05401965065502184,586.6620017084293,612.9387554610795,1419.133839130573,1125.9806703461963,1126.1086006969542,1126.0443119057225,558.975
0.05602037845705968,547.2950823030056,575.3912296468988,1347.995858920535,1090.999065407782,1091.4613116908397,1091.2290192394148,532.42505
0.058021106259097524,575.8881637720119,618.0462028642978,1284.8556255882106,1066.256324493614,1067.1402970086822,1066.6960746319025,556.31995
0.06002183406113537,522.396402977466,561.6423721491664,1218.1526973638486,1050.8688112513719,1052.2450017146398,1051.5534252367815,508.53
0.06202256186317322,488.2470220519979,510.1063513848764,1158.8997339473092,1043.5953535716797,1045.479471678844,1044.5326465124149,447.46494
0.06402328966521106,485.21346054923856,530.1271406366341,1104.9066838023857,1043.736250316374,1046.0443155995179,1044.8844444175936,466.05002
0.06602401746724891,406.32056089354484,443.5279216113022,1047.7263949289202,1051.6178949217424,1054.143996151341,1052.8745554469413,402.32993
0.06802474526928676,887.8890936327383,899.9608353551135,1030.9574504114491,1068.5178837240924,1070.9610360028407,1069.7332796036314,843.05994
0.0700254730713246,708.523277079254,744.5124595135857,1004.3729094778947,1096.010046131947,1098.0514620485371,1097.0255900728755,694.38
0.07202620087336245,581.8948519095883,603.1056999525143,968.9680547825678,1134.8799432691349,1136.2814983408791,1135.5771753958272,556.31995
0.0740269286754003,533.7517197439114,600.8210875334606,933.6514369167612,1184.0070560674008,1184.6834450095023,1184.3435395278657,535.07996
0.07602765647743814,414.1352232237657,440.5644116897647,890.4442413189475,1239.7925780954643,1239.8218354465998,1239.8071327608964,412.94992
0.07802838427947599,1922.8210750648045,1995.6111881012123,964.8798074261641,1296.5812381182218,1296.1536828702497,1296.3685420488116,1843.995
0.08002911208151384,1915.4950218115075,2021.1960325189307,1036.8721722881369,1348.0506255834332,1347.389314502238,1347.7216429120829,1830.7201
0.08202983988355167,1889.333885194592,1965.885059132355,1099.3835650064286,1388.957716890724,1388.2558679862589,1388.6085678532424,1812.1349
0.08403056768558952,1885.8896864316537,1956.3499948480176,1156.3910617165695,1416.4497913691637,1415.8513404247449,1416.1520797536089,1812.1349
0.08603129548762736,1883.664221473241,1981.7675339195737,1210.6707034921178,1430.458465696411,1430.0779659412044,1430.2691783406178,1812.1349
0.08803202328966521,1872.3003386546534,1969.6725490696188,1259.5080784171778,1433.2596207533775,1433.2109829134017,1433.2354248689005,1814.7899
0.09003275109170306,1651.901786491451,1706.4563552567492,1284.0130650830079,1428.6180228168278,1429.018947654559,1428.8174710460773,1594.4249
0.0920334788937409,1508.46244705317,1597.4592970216236,1297.5864988029339,1420.883926899103,1421.8235056087196,1421.3513394718289,1453.7101
0.09403420669577875,1421.601970620877,1455.7632375285411,1303.3296631001197,1414.1717628818906,1415.6612003848447,1414.9127139145658,1352.82
0.0960349344978166,1858.219977092009,1934.0493368656153,1341.283832141061,1411.6295159817205,1413.574592383216,1412.5971338679774,1780.275
0.09803566229985444,1564.7260864950222,1652.473025652405,1354.1303691322355,1414.8791558140256,1417.1018473189793,1415.9848789898201,1522.7401
0.10003639010189229,1335.383026187425,1392.6872172415099,1350.2106825683738,1423.813136670697,1426.113746537447,1424.9576219231299,1278.4801
0.10203711790393014,1343.4634852912543,1366.412256379801,1344.2412964208847,1436.8859490941636,1439.1043967487892,1437.9895610801452,1294.41
0.10403784570596798,1890.214948691641,1973.399918415741,1382.5415005329055,1451.8186528648723,1453.8527536019571,1452.8305577207118,1822.755
0.10603857350800583,1919.5034455442153,2354.777974374944,1419.9180044177835,1466.4180811571478,1468.1883212804396,1467.298723174577,1836.0299
0.10803930131004368,1935.5958712230763,2028.1753870103764,1452.6563833950363,1479.1429730849911,1480.5359337469874,1479.835929747446,1846.65
0.11004002911208152,1950.9896924840818,2004.8603343497132,1486.1937608031162,1489.1986845551046,1490.0397543438712,1489.6170918580647,1862.58
0.11204075691411935,1943.5694043697658,2053.6984430768393,1517.7875593410934,1496.2084741597155,1496.2950527258176,1496.2515444314347,1875.8551
0.1140414847161572,1972.0501936772855,2046.4926590624655,1549.219037610761,1499.6567480147824,1498.841001124374,1499.250938103557,1897.0951
0.11604221251819505,1993.5612207471552,2067.8806833213175,1578.1037868224078,1498.413432162598,1496.6876438041356,1497.5549035812742,1910.37
0.1180429403202329,2020.6481919160933,2089.015063179684,1605.3293906468202,1490.5883796530977,1488.1209925556839,1489.3609276692366,1928.955
0.12004366812227074,2025.312287075544,2119.839846414435,1627.2097357920654,1473.9241556603547,1471.0206468579925,1472.4797460485217,1950.195
0.12204439592430859,2050.955197748784,2158.9768178573854,1660.0345879613876,1446.7890785598731,1443.791751675709,1445.297997231733,1971.4349
0.12404512372634643,2064.793072108803,2171.6676653752115,1687.2062237584564,1409.5615834263408,1406.7322066416473,1408.1540522971138,1995.33
0.1260458515283843,1823.151624026657,1913.8920154124582,1693.8470808646553,1365.8221421342328,1363.2570318383473,1364.5460757542119,1764.3451
0.12804657933042213,1570.747013970293,1645.3618723130126,1675.2291628131738,1322.5463115090051,1320.1560165762837,1321.3572105931992,1498.8451
0.13004730713245996,584.6030053428499,578.7878067079051,1582.3817597084571,1288.7184924402281,1286.274420332454,1287.5026389729992,545.69995
0.13204803493449782,448.565077759786,467.9219192951168,1495.8309791827692,1272.5481056238248,1269.7744517553479,1271.1682949946069,431.535
0.13404876273653565,610.7866574700167,642.890080898607,1418.2244971851296,1278.391221196908,1275.0698865151014,1276.7389555882714,574.905
0.13604949053857351,525.6612875740091,553.803325241173,1349.5092080676454,1304.9163867003915,1300.973560537932,1302.9549474920068,500.56503
0.13805021834061135,2081.3879574759885,2170.12988061669,1398.6183815484462,1345.545100783403,1341.094335853686,1343.33097708615,2005.9501
0.1400509461426492,2079.640702344226,2136.8914899944316,1445.15327871838,1390.9848753335,1386.3101008779417,1388.659313533492,1992.6749
0.14205167394468704,2074.4046809850915,2149.55735865383,1490.057455874974,1432.5308980985706,1428.008643328781,1430.28121032379,1974.09
0.1440524017467249,2030.6324654603682,2089.6180644334318,1527.4575028486438,1464.535086283291,1460.5186883550907,1462.5370473010364,1950.195
0.14605312954876273,2033.2476476978932,2096.928473007657,1559.9814958403701,1485.118381891336,1481.8294607234513,1483.4822410456154,1934.265
0.1480538573508006,1958.1491183212356,2096.047119747145,1587.9916930337683,1495.2772122659703,1492.7517340340194,1494.0208616636448,1910.37
0.15005458515283843,1985.6235722400027,2071.1693079174806,1610.3814212515133,1497.2540026946824,1495.3641440474296,1496.3138540053183,1897.0951
0.1520553129548763,1962.9796234126081,2009.6032402623657,1630.5050178272888,1493.0826756106603,1491.612251004413,1492.3511829308338,1883.82
0.15405604075691412,1938.9913795678472,2029.4742163006854,1651.313600463801,1483.8281550287988,1482.550917473155,1483.1927671834217,1865.235
0.15605676855895198,1927.090142990301,2002.8403102641253,1665.5784836348914,1469.6126089019433,1468.3321341033322,1468.9756106240945,1849.305
0.1580574963609898,1891.0776398216642,1974.1421393152011,1682.4001995657225,1450.2658289992628,1448.814244970596,1449.5437089486245,1838.6849
0.16005822416302767,1898.4670867600123,1988.7010395758593,1694.7935923762589,1426.2916441393575,1424.5203133721077,1425.41045955887,1825.41
0.1620589519650655,1349.6046867956409,1394.5000802588506,1661.2872827051174,1399.7241581302324,1397.5219531942303,1398.6286264155706,1291.755
0.16405967976710334,787.9147212126794,795.1168559827039,1587.2258497954854,1374.360641227598,1371.704263529354,1373.0391720187288,739.515
0.1660604075691412,495.7466692459506,526.5238313104019,1498.1870511094853,1355.01659762475,1352.0225256787462,1353.527135531916,481.97995
0.16806113537117903,1844.3946343824693,1922.457389822219,1523.2859834573906,1345.9328796813802,1342.8679650768652,1344.4081754646725,1780.275
0.1700618631732169,1535.6197846176105,1609.7650790565185,1514.3791156631844,1349.0022579517592,1346.2307035342035,1347.623491737178,1480.2599
0.17206259097525473,922.1845934788312,940.2222567489314,1464.1781503248665,1362.762610533534,1360.6425419108568,1361.7079392014377,874.92004
0.17406331877729259,508.67603138232244,517.5319222137581,1391.6874811577823,1382.7120899587994,1381.4823527711296,1382.1003321392766,484.63498
0.17606404657933042,1856.0348453282331,2153.112345541101,1417.5405836308973,1402.7707677641183,1402.473047779915,1402.6226608920235,1788.2401
0.17806477438136828,1879.6113576348603,1973.6667426912898,1451.4173346757693,1417.1258100323926,1417.5935320516357,1417.3584878805575,1798.86
0.1800655021834061,1880.1473524671765,1928.9842617610398,1480.1340238622217,1421.683273241198,1422.6034664845017,1422.1410421187336,1804.17
0.18206622998544397,1901.666342425457,1984.7288945282573,1501.6982993709526,1414.7824040432192,1415.8096227299086,1415.2934149081773,1814.7899
0.1840669577874818,1900.9735562328467,2016.644617137639,1528.3081318743523,1397.2498080347632,1398.129463190288,1397.687410414582,1833.3749
0.18606768558951967,1899.9363403736393,2411.138021830284,1558.0092231758144,1371.9803970668995,1372.6317756248422,1372.3044386021857,1828.0651
0.1880684133915575,1028.158715834289,1087.1898018400632,1508.4347325889164,1343.1414110387584,1343.670486016192,1343.4046101660224,991.7401
0.19006914119359536,583.9472200364771,609.1717435305596,1433.8637117738422,1315.100017434268,1315.7456417568524,1315.4211964079345,577.56006
0.1920698689956332,1177.43698824665,1236.1826018076488,1410.0244165124789,1291.3335146058303,1292.3775549333764,1291.8528937387687,1127.1449
0.19407059679767102,1171.4861788911587,1203.4447365262943,1385.9867178587092,1273.698288208765,1275.373389476991,1274.5316014643165,1121.8351
0.19607132459970888,1384.092001128147,1437.7459500822106,1384.259996887443,1262.3031843345543,1264.719304322595,1263.505132450306,1328.9249
0.19807205240174672,1334.2090022510608,1401.8292474198745,1372.8899828489416,1255.9245495058738,1259.025088608169,1257.4669758548405,1283.7899
0.20007278020378458,1306.2141594938325,1366.0497040770927,1362.943413445351,1252.6661618993714,1256.223029993403,1254.43559840284,1270.515
0.2020735080058224,1130.1244973377532,1163.919983409097,1347.0356508226973,1250.5465567069266,1254.2035897984879,1252.3658223292473,1089.975
0.20407423580786027,1175.3011220907413,1239.0678119953893,1325.4756777172395,1247.8519949611868,1251.213233656832,1249.5241116345392,1132.455
0.2060749636098981,1194.6722333162156,1290.2468500227135,1312.5261398231967,1243.2781879868767,1246.0152896334257,1244.639814968556,1156.35
0.20807569141193596,1243.8405724365705,1322.261533477822,1306.261473177878,1235.9695336146115,1237.9047440195259,1236.9322434598523,1196.1749
0.2100764192139738,1253.3896259067744,1315.5076055441932,1296.2805009851606,1225.5536599715667,1226.6790568503434,1226.1135115785294,1198.83
0.21207714701601166,1196.5177757364013,1242.5956498786315,1284.8450864657477,1212.19365205331,1212.616665825023,1212.404088872824,1127.1449
0.2140778748180495,1046.0191280899196,1100.9964233510782,1261.8898546707435,1196.598791903369,1196.4427376889241,1196.5211595548367,1002.36
0.21607860262008735,980.6526164074231,1028.4544018363663,1233.5679447044665,1179.9125890961254,1179.2250440023672,1179.5705557807157,938.64
0.21807933042212518,849.4742027217435,903.9604982265288,1203.081452296718,1163.453394837646,1162.1702114909313,1162.815049137357,816.5099
0.22008005822416304,741.624525689849,773.8179686174431,1164.0265463091673,1148.3911586665618,1146.3702744245352,1147.3858286254715,734.20496
0.22208078602620088,711.7948706039844,747.2893419227065,1124.099744976364,1135.4827447740113,1132.5848561417702,1134.041131030314,683.76
0.2240815138282387,599.4670252146049,624.0820951802259,1081.8460047199321,1124.9600071381653,1121.1313326633533,1123.055355012606,574.905
0.22608224163027657,929.698187576386,941.1371284162233,1061.2890544570157,1116.6037566237007,1111.9230771461202,1114.2752572501747,864.2999
0.2280829694323144,801.052630336689,830.5461299461538,1042.1730267762903,1109.949343571804,1104.625587243973,1107.3009325166283,771.3749
0.23008369723435226,820.8051525806596,862.6437855414757,1021.4451443914529,1104.5822658938607,1098.9140583177498,1101.7625005471398,784.65
0.2320844250363901,761.4682243885371,780.9200782007312,997.1986750587945,1100.491129506425,1094.8107125722786,1097.6652903657873,731.55005
0.23408515283842796,725.7399016345031,762.9881467832762,970.1895801594527,1098.426961222146,1093.0491264573693,1095.75164774668,710.31006
0.2360858806404658,742.4175480905865,749.3114419030386,954.3880507648817,1100.1430252983512,1095.3297422648202,1097.748559584161,699.69006
0.23808660844250365,632.6533233453663,667.1196046951401,924.6910911701581,1108.3032900683036,1104.2474430104094,1106.2856263127187,598.80005
0.24008733624454148,666.3036016262353,685.9572537998355,900.318439378131,1125.8669549757976,1122.6923078856003,1124.2876620983218,630.66003
0.24208806404657934,629.3079315971506,660.592452175359,877.1522730652778,1154.957580689365,1152.7263274416796,1153.8475983002058,614.73
0.24408879184861718,601.7522939382644,604.5335388561343,851.1694794777587,1195.5925707823562,1194.307900497465,1194.9534853743755,561.63
0.24608951965065504,562.5662760160238,605.5732735999915,827.880138675865,1244.9378696557046,1244.5315409022387,1244.7357331384699,556.31995
0.24809024745269287,1924.7358886412283,2029.7235473211576,911.1291844362482,1297.6469662782472,1297.9559258849563,1297.8006645295616,1841.34
0.25009097525473073,1935.6836608690946,1969.632918676985,982.4600291150182,1347.3084065889893,1348.0602384802764,1347.6824206816534,1833.3749
0.2520917030567686,1878.1561666374942,1983.8865420454358,1049.4485917785148,1388.365119819568,1389.1954461936934,1388.778182592021,1814.7899
0.2540924308588064,1872.1868491197667,1968.7048121136702,1110.0758373419903,1417.6105812469586,1418.121082015066,1417.8645402553498,1804.17
0.25609315866084426,1874.6479648185516,1938.5660009552325,1165.2129462887206,1434.6973620034596,1434.5362366399984,1434.617206908526,1798.86
0.2580938864628821,1859.1150304318555,1972.2289832997835,1214.21624151069,1441.7050637375548,1440.6338750503562,1441.172179099968,1790.8949
0.2600946142649199,1152.5106911709563,1232.1009569316386,1207.8345262123096,1442.1970429693,1440.1149182067777,1441.161247583532,1124.4901
0.2620953420669578,848.425233725016,876.0441182565944,1177.3159476557382,1440.1714489679703,1437.0940908052257,1438.6405544496877,813.85486
0.26409606986899564,2388.4297522201696,1900.8652252232034,1223.1113669363435,1439.1089596442662,1435.128933247297,1437.1290144212812,1780.275
0.2660967976710335,1859.7796667848097,1938.4720446468823,1269.0181587636312,1441.2400875415833,1436.4992051693425,1438.881639011493,1780.275
0.2680975254730713,1475.3060205173194,1550.2157283781405,1285.8361271469569,1447.2022062342885,1441.8863447836588,1444.5577226466319,1427.16
0.27009825327510917,838.5509340516168,837.8591654695891,1242.274341650563,1456.2240411754387,1450.562523315903,1453.407603764529,787.30505
0.27209898107714703,1886.1738364685277,1958.834194428569,1286.7557318616457,1466.7607707214934,1461.0033294983612,1463.8966142789536,1820.1
0.2740997088791849,2215.399803080069,2007.6763007673237,1330.1024183150494,1477.2508090600422,1471.613860394451,1474.44659409525,1833.3749
0.2761004366812227,1932.9860835615611,1971.264728316182,1370.823074402724,1486.614815598935,1481.2169830585697,1483.9295538225538,1846.65
0.27810116448326055,1925.04395925748,2029.4305198061868,1415.7458169907657,1494.3183755387486,1489.1423096708231,1491.7434361120004,1862.58
0.2801018922852984,1950.8392604261871,2029.0591517808764,1451.1519054530852,1500.0465915509571,1494.9546376327635,1497.513495327358,1870.545
0.2821026200873363,2414.0924055705063,2061.5703220324963,1481.756142075537,1503.2246490468533,1498.0278175373787,1500.6393793286227,1889.13
0.2841033478893741,1962.0008505993278,2061.7479142928128,1518.2083660003561,1502.6051028471961,1497.1531241890375,1499.8929049813082,1902.4049
0.28610407569141194,2002.8622127477001,2092.5128716306444,1552.487358240526,1496.1241117676316,1490.370107045987,1493.2616648827745,1920.9901
0.2881048034934498,2020.3556540778561,2091.170168621354,1580.9073385260808,1481.1857887062502,1475.1927938496954,1478.2044513094318,1936.92
0.2901055312954876,2048.739662547265,2126.725269336163,1610.1787874979032,1455.4342343980707,1449.3256989061063,1452.3954189580625,1958.16
0.29210625909752547,2049.400243813213,2162.367389716534,1645.315257856922,1417.8635834914962,1411.7529438653967,1414.8237213070915,1982.055
0.2941069868995633,2076.0490518929887,2185.1148198940664,1666.4445004309753,1369.8333414319393,1363.7772782262837,1366.8206293998624,2008.6051
0.2961077147016012,1453.8912284749028,1517.6935431365607,1653.0991454030648,1315.4256075048984,1309.4243128920743,1312.4401412252187,1389.9901
0.298108442503639,812.4550514303608,828.3586125719905,1578.2620584874803,1260.7814595673265,1254.8182086672093,1257.8149189076616,776.68494
0.30010917030567685,446.90483998540054,453.98500327448016,1488.5695511302438,1212.5660827638644,1206.6582156681711,1209.6270939061385,426.22495
0.3021098981077147,785.3977349592762,805.9441642322453,1424.7191700227677,1176.201530516451,1170.4362293114852,1173.3334639658033,750.135
0.3041106259097526,557.4028747277769,586.4848336208893,1354.9431995903522,1154.6057207113313,1149.1490454944746,1151.891186446628,543.04504
0.3061113537117904,618.121761162807,667.8092485039841,1292.989702121095,1147.8501526014156,1142.9312581711943,1145.4031483461422,590.83496
0.30811208151382824,660.3280879413029,680.2261014704766,1241.7883867343685,1153.6609104228426,1149.5375117392541,1151.6096417347126,630.66003
0.3101128093158661,1488.8271970461835,1542.2333544706275,1258.2690580233384,1168.3664892846334,1165.2794344204456,1166.8307709446506,1437.7799
0.31211353711790396,1301.3464474540497,1344.8822738977544,1257.4177240112515,1187.895994821693,1186.0236763412636,1186.964571845691,1228.035
0.31411426491994177,1132.5629481759415,1200.8611661069892,1237.99927023549,1208.5850677646474,1208.010844144519,1208.2994085251848,1082.0099
0.3161149927219796,974.326611451537,1009.8200807856769,1218.3629658087586,1227.724787601458,1228.4287869130615,1228.0750064027843,949.2599
0.3181157205240175,827.8303644950122,892.2282686732,1185.379484131386,1243.8659482467424,1245.7416250146189,1244.7990418712593,787.30505
0.32011644832605535,1341.9185660510223,1420.4775772821583,1195.0444724480521,1256.8945640255522,1259.7804128036844,1258.3301882985147,1299.7201
0.32211717612809315,1271.8117144636594,1336.5130334370488,1193.5370621051438,1267.8818745186645,1271.5931470423643,1269.7281226516143,1212.1051
0.324117903930131,1353.6923315184013,1425.0257839893222,1200.9240959233182,1278.7085101226028,1283.05792332041,1280.872214335807,1286.445
0.3261186317321689,1260.813555343842,1344.0820742488818,1203.0593750760556,1291.4814876280134,1296.285467191912,1293.8713251416796,1220.07
0.3281193595342067,1224.1554842540568,1264.0709528602913,1200.5012607102135,1307.8266395434655,1312.9016281031313,1310.3512960038006,1164.3151
0.33012008733624454,1151.1861592091755,1218.8180686125374,1194.7716259224062,1328.236403054648,1333.3934890874314,1330.8019005756967,1100.5951
0.3321208151382824,1189.2784182089963,1236.0818264026184,1184.969321104685,1351.7345375697435,1356.7787259503907,1354.2438718534818,1132.455
0.33412154294032026,1857.5024825887224,1934.2335097070666,1231.7610490017428,1376.0796735559918,1380.8158028748803,1378.4357575828499,1761.6901
0.33612227074235806,1831.7963094048405,1936.2152799024436,1272.9392543898737,1398.4892992073162,1402.7306593644196,1400.5992502338747,1761.6901
0.3381229985443959,1856.1119043089602,1926.6985868839813,1317.681010817223,1416.5693980539827,1420.143895487102,1418.3476046313726,1790.8949
0.3401237263464338,1837.8921110241813,1943.3515474538021,1355.6793960855223,1429.0027091549136,1431.7526442199544,1430.3707203820986,1774.965
0.34212445414847165,1794.5351056819773,1879.6768422837627,1380.955392244304,1435.7019416350922,1437.4785859772771,1436.5857695616937,1732.485
0.34412518195050945,1786.8091544870308,1868.1576077835277,1410.5953506034682,1437.4670023973463,1438.1273474824511,1437.7955045142594,1716.555
0.3461259097525473,1764.1771977212372,1839.148072570623,1434.842915341083,1435.4304309388726,1434.8480611583725,1435.1407192259578,1690.005
0.34812663755458517,1779.9941177169603,1855.7320605747218,1456.2060046800177,1430.6038984712668,1428.7037196089027,1429.6586157806244,1705.9349
0.35012736535662303,1742.3585720353074,1835.4868220172752,1472.8878623882879,1423.6802973550382,1420.4918384284538,1422.0941334981396,1663.455
0.35212809315866084,1721.528093015035,1771.9511149846592,1483.4820220935915,1415.0634894539326,1410.766230264986,1412.925730315058,1652.8351
0.3541288209606987,1694.5730241602628,1719.4417615838834,1497.360108129189,1405.008462914535,1399.9338013405472,1402.4839691198872,1610.3551
0.35612954876273656,1635.2433074542696,1675.3058947532215,1501.6384840492694,1393.7532057253238,1388.3262208079511,1391.0534415050297,1573.1849
0.35813027656477436,1626.8197643740755,1683.2464825328357,1506.446228391352,1381.6000154966393,1376.2423091913279,1378.9347153334454,1530.705
0.3601310043668122,1527.0281497747426,1572.2719466827834,1501.5813572886084,1368.9492149499288,1363.9910640796043,1366.4826817786882,1459.0199
0.3621317321688501,1453.932493112067,1530.9411391327067,1491.4709842328934,1356.3345976594042,1351.977488532562,1354.1670649494993,1405.92
0.36413245997088795,1523.2601298670168,1601.4480875453587,1492.2074566692359,1344.5043658299885,1340.8396417932931,1342.6812741903102,1474.9501
0.36613318777292575,1470.0080527719808,1512.6325032212437,1486.4284817740067,1334.5349604229107,1331.590398490343,1333.070128095012,1405.92
0.3681339155749636,1303.9266008729649,1379.6383745566159,1465.3622121833225,1327.9075386870968,1325.6876854315149,1326.8032274562809,1254.5851
0.37013464337700147,1378.7732061244176,1428.3219354352375,1454.5745510331276,1326.411804194665,1324.917671616482,1325.6685175011564,1315.65
0.37213537117903933,1337.17287004957,1385.9983335824343,1437.5767803342019,1331.7729952115887,1331.007760254631,1331.3923134908234,1278.4801
0.37413609898107714,1192.36543293093,1250.3695582862995,1417.786471601438,1345.0288601421837,1344.999528837812,1345.0142686872077,1145.7301
0.376136826783115,466.918522990601,512.6619758507409,1339.8876021199442,1365.8803750250604,1366.5934675183098,1366.2351174148673,458.08493
0.37813755458515286,442.31139629205086,465.1458464796015,1270.0006918710235,1392.3758494887907,1393.817224234074,1393.0928907233986,442.155
0.3801382823871907,2086.5363518251957,2198.659327496586,1328.448859373783,1421.20843234813,1423.3081057700465,1422.252957672062,2008.6051
0.3821390101892285,2085.5807406100066,2191.7631959642945,1379.8142034538146,1448.5999228149813,1451.2008153541835,1449.8937898009922,1992.6749
0.3841397379912664,2055.7522303983123,2116.9505051782103,1426.2003229995296,1471.387538960494,1474.2443559549004,1472.8087207811282,1971.4349
0.38614046579330424,2010.583361217956,2118.82031621025,1467.0996065951058,1487.7992736864703,1490.6182114431997,1489.2016117085443,1944.8849
0.38814119359534205,2008.2546847820893,2088.1592900491796,1504.801364517104,1497.6073278088995,1500.114292865298,1498.8544686548462,1926.2999
0.3901419213973799,1991.4447314083086,2086.070995610236,1539.7423025059181,1501.7238374067092,1503.7345894667133,1502.7241269874125,1907.715
0.39214264919941777,1962.3893162343363,2037.1865830549523,1562.9733307430358,1501.5719170159737,1503.0372853100962,1502.300894330313,1894.4401
0.39414337700145563,1980.3703360369714,2094.1844777745573,1591.0755368935054,1498.568446074321,1499.5774674487043,1499.0704043155079,1899.7499
0.39614410480349344,1943.2779723947895,1998.4651035219747,1616.6320252143198,1493.8755048916987,1494.6125631088607,1494.2421695191601,1865.235
0.3981448326055313,1915.0385068166574,2008.6117568448826,1636.535615432253,1488.380043804777,1489.0499801107615,1488.713317269935,1851.9601
0.40014556040756916,1919.2219151210545,2006.427502711314,1648.295971576758,1482.7723662107774,1483.5233941997346,1483.1459803858484,1838.6849
0.402146288209607,1844.2355178320438,1905.565965774858,1657.2952951040606,1477.6102744513355,1478.4862192211626,1478.0460310241908,1764.3451
0.4041470160116448,1081.8066735118534,1101.4864009643704,1611.5525210594226,1473.3288804073604,1474.2631589047312,1473.7936562815144,1026.255
0.4061477438136827,694.3427071439501,717.1658973589526,1532.156359991597,1470.2103003061632,1471.048339914622,1470.6272001841899,654.55505
0.40814847161572054,1843.0947986392025,1942.4159005849485,1550.8689868066438,1468.3416295489164,1468.866629970521,1468.6028017053657,1785.5851
0.4101491994177584,1842.842657138206,1935.3713192430569,1572.9566635716085,1467.577264756007,1467.5290082247957,1467.553258561344,1780.275
0.4121499272197962,1840.921390003379,1930.5579027559402,1587.1402002407376,1467.476992113468,1466.5781562928391,1467.029847920993,1761.6901
0.41415065502183407,1035.2253627029243,783.9367112363292,1518.8150868277478,1467.2125315287885,1465.2242190257869,1466.2234049629153,726.24
0.41615138282387193,1868.57254000911,1949.7021600828184,1537.3287662933747,1465.4613360770152,1462.2667080697045,1463.8721032852163,1788.2401
0.41815211062590973,1911.3895161691066,1937.7253363810185,1559.913796299376,1460.3841780968385,1456.0649208925608,1458.2354755970348,1790.8949
0.4201528384279476,1883.067971284568,1943.0981675254036,1581.0447874615613,1449.815617394041,1444.6718615780053,1447.2567512609126,1801.515
0.42215356622998546,1898.139482994667,2250.2589649982338,1598.308034852959,1431.7499245481893,1426.2351284068736,1429.006476845418,1809.4801
0.4241542940320233,1907.020897138481,1969.6094571518595,1616.7120683247108,1405.0370828736404,1399.6256466410628,1402.3450536633973,1820.1
0.4261550218340611,1919.9800250937947,1987.8149556673275,1635.371219887015,1370.0052920102235,1365.0491158946643,1367.5397412209759,1836.0299
0.428155749636099,1501.911593283066,1593.1916244568586,1618.4746790530078,1328.6496098369007,1324.2887426605573,1326.4802076087024,1445.745
0.43015647743813684,1025.3808240052942,1057.4965242447545,1565.1443455115273,1284.2005785762462,1280.3639361712992,1282.2919626414973,975.80994
0.4321572052401747,1056.7710193005491,1102.0314180863943,1524.6148407309277,1240.252566011714,1236.7436839534334,1238.5070011394305,1023.6
0.4341579330422125,963.6597025980261,1010.7207842575203,1473.0619500450284,1199.9166192238472,1196.5495964288152,1198.2416251324055,928.0199
0.43615866084425037,894.3149196526133,942.9303166044739,1425.9508470399528,1165.4177732807657,1162.1626000326714,1163.7984210253483,864.2999
0.43815938864628823,729.6861639890421,741.0038083179754,1369.4352106818749,1138.2021848433167,1135.3049663382785,1136.76090446805,699.69006
0.4401601164483261,565.6880732102384,558.133910986233,1293.6831698765232,1119.2423076625912,1117.2902502700513,1118.2712169401038,516.495
0.4421608442503639,465.73322906585213,505.54105786595295,1234.109814216356,1109.1343311263142,1109.0292517919938,1109.0820572704974,468.70493
0.44416157205240175,789.4754787298067,814.0699784434031,1195.5265494119158,1107.8314953455797,1110.6424610596368,1109.2298675125985,750.135
0.4461622998544396,388.6001378172086,441.1371849251891,1128.3980380770845,1114.2253170467607,1120.9207004290367,1117.5560719266493,391.70993
0.4481630276564774,551.6045788409956,586.1919228841308,1083.674432954466,1125.9702046753735,1137.0889053500227,1131.5014288660814,535.07996
0.4501637554585153,1289.2594237651708,1355.2321425816408,1094.791192222427,1139.810156852575,1155.186432192538,1147.4593983073162,1225.38
0.45216448326055314,1182.950193236958,1234.935660497431,1097.7351339912143,1152.3304467101866,1170.9954375492491,1161.615726696521,1135.11
0.454165211062591,1105.6488497742234,1200.836106439058,1098.1562863191598,1160.7867773579114,1181.111078337487,1170.8975149815772,1074.045
0.4561659388646288,1038.1056865435678,1468.6941227282546,1090.2742450996145,1163.6361274503956,1183.6785794910093,1173.6066535767898,1005.015
0.45816666666666667,1013.3681246473724,1036.8677664619445,1079.9302830552053,1160.6254096738335,1178.5707872184967,1169.5527033649696,965.19006
0.4601673944687045,941.1466111615819,1002.9389934381583,1063.2770461726159,1152.5348242561126,1167.079770146357,1159.77050393801,912.08997
0.4621681222707424,905.5019220202962,1136.3376060570538,1049.4211639066211,1140.8176724115328,1151.39985093477,1146.0819927265472,866.95496
0.4641688500727802,826.0285515319707,838.5932649356507,1031.2774377833662,1127.3384353066886,1134.1645282681159,1130.7342143298933,792.61487
0.46616957787481805,751.3004247349802,790.7048621961457,1004.4781607587753,1114.2804995113052,1118.1669573280885,1116.2138971376455,728.895
0.4681703056768559,724.0148656929977,719.8598094896826,981.262208516919,1104.1399309871053,1106.226245281027,1105.1778105406281,670.485
0.4701710334788938,664.4182465295349,690.204296692623,951.6925792670226,1099.6145218184326,1101.0398035754706,1100.3235572681483,630.66003
0.4721717612809316,571.6774149366712,624.4165527541358,923.5249781836665,1103.1959548359187,1104.8348193048882,1104.0112413573668,572.25
0.47417248908296944,562.2703497264519,610.9965298077014,887.3815228754067,1116.4206846885088,1118.74288272274,1117.5759094147072,537.735
0.4761732168850073,482.96411051848247,512.7849042354126,855.7543736451356,1139.0183570747772,1142.0823437685453,1140.542599683378,471.35995
0.47817394468704516,456.89326251755466,493.37907402741007,821.7687295277968,1168.4332523856542,1171.969078700846,1170.1922212275192,428.87997
0.48017467248908297,1775.4589894200576,1857.9822525496782,894.4622208139034,1200.1366571222375,1203.648266543167,1201.88357877664,1713.9
0.4821754002911208,1670.2236265695847,1762.1712276746332,948.7162926168103,1228.7894393530846,1231.6200721872142,1230.197595329695,1605.045
0.4841761280931587,1531.110262386828,1596.8639476211124,988.1091911624313,1249.7967131029593,1251.138719382808,1250.4643214698349,1464.33
0.4861768558951965,1433.131127759729,1517.2556204203659,1022.062455658936,1260.5902433188267,1259.4664306562797,1260.0311798125058,1366.0951
0.48817758369723435,1330.9157790528307,1378.8411493193792,1042.2090293201654,1261.1921169186135,1256.477060145071,1258.8465158587844,1291.755
0.4901783114992722,1263.8827136855336,1303.7877115363367,1055.9584170265,1254.0584817485847,1244.6233276531636,1249.364772105457,1217.4149
0.4921790393013101,1206.8956269691935,1300.0741906545893,1064.1074134686946,1243.4801176000888,1228.5027279076266,1236.0293099378691,1164.3151
0.4941797671033479,1171.573745498178,1219.3319182508337,1071.0977627955403,1234.7549338118451,1214.1299403184437,1224.4946105706592,1132.455
0.49618049490538574,711.1777604536857,710.3290680746661,1036.0298729620433,1233.1389464566203,1207.8037037449044,1220.5354137719057,662.52
0.4981812227074236,611.8992702776252,620.1677722549779,1001.3701090936611,1242.5650839125533,1214.5197717866683,1228.6133719809304,582.87
0.5001819505094615,511.72113815344824,573.0302944339633,960.4303921361302,1264.3868758593885,1236.3041156565089,1250.4165346188718,505.87497
0.5021826783114993,845.8219233726504,426.04787193857567,916.7260388976073,1296.7025331039672,1271.2407417934864,1284.0360462404085,410.295
0.5041834061135372,1948.6897513172767,2008.32330913446,992.9484645502047,1334.7591205510307,1313.8756970742609,1324.3702360491866,1846.65
0.5061841339155749,1930.0831866422388,1997.3862190898872,1061.4715936360367,1372.4233796187495,1356.9925990304384,1364.7470234176897,1841.34
0.5081848617176128,1882.8707098226143,2003.5440939597415,1120.7758648799827,1404.090958480277,1393.9589851144385,1399.050601893602,1825.41
0.5101855895196507,1884.2317936646675,1963.2240872656669,1178.795882900985,1426.1858212090442,1420.5590818945122,1423.386685093949,1814.7899
0.5121863173216885,1896.9504923839895,1972.211411702025,1225.3119830223566,1437.7252125469931,1435.6420822833063,1436.6889169541844,1806.8251
0.5141870451237264,1864.9601148500747,1935.02050010692,1269.9458190060168,1440.0312876519554,1440.684723233078,1440.3563524953336,1798.86
0.5161877729257642,1640.9798858721297,1749.1726533736253,1294.1165091238295,1436.0024900588774,1438.818249175905,1437.4032468018681,1570.5299
0.5181885007278021,1379.5008088364646,1427.246110658394,1296.1472151060093,1429.3038308305981,1433.8327008940482,1431.556809517995,1315.65
0.5201892285298398,1361.8471712551254,1434.6114539141972,1297.2728042236606,1423.5832675125089,1429.3453732518483,1426.449744413674,1318.305
0.5221899563318777,2288.9851100082033,1974.4101072359201,1343.0082202567094,1421.7103824385983,1428.1136270873317,1424.8958069532493,1788.2401
0.5241906841339156,1740.543756762921,1847.6095040075913,1365.4353951176754,1425.1500385701388,1431.5270216770589,1428.3223987457438,1708.59
0.5261914119359534,1468.516308264926,1576.91239573958,1374.6758256111077,1433.7144039458542,1439.4436124770111,1436.5645154605384,1421.85
0.5281921397379913,1422.4761401910946,1481.8607494366138,1372.426622916129,1445.8669882662102,1450.5052868508058,1448.1744044010231,1368.7499
0.5301928675400291,1891.6600246679843,2002.8820090249171,1409.5855385209068,1459.4611466064418,1462.8222599037688,1461.1332008978459,1830.7201
0.532193595342067,1940.0476758815546,1994.9070415414292,1442.1135707640594,1472.5441756037867,1474.6981467189075,1473.6157124215022,1843.995
0.5341943231441049,1917.1223610816598,1995.230524399854,1477.6435250209863,1483.849430826037,1485.0576256999793,1484.4504719826782,1857.2699
0.5361950509461426,1940.0640706518236,2038.6436679922276,1506.4365740672347,1492.801803878771,1493.426355800379,1493.1124999572282,1867.89
0.5381957787481805,1969.0342189586831,2065.7700729046123,1540.579191037868,1499.159550103974,1499.5853206296454,1499.3713583269127,1889.13
0.5401965065502183,2001.3510656016058,2047.8720618919488,1570.0507878574897,1502.5443154126583,1503.1343334099186,1502.8378318868306,1905.0599
0.5421972343522562,1975.1208504749093,2074.6904205647515,1595.3688581090319,1502.1111927036677,1503.1957221959842,1502.6507139965752,1913.025
0.5441979621542941,2025.6647521352345,2122.019649398435,1622.3775660415592,1496.5145552459576,1498.4030521607663,1497.4540265137723,1931.61
0.5461986899563319,2031.1851746619225,2131.396402850147,1649.596034214065,1484.209797180667,1487.2098910736333,1485.7022550137128,1950.195
0.5481994177583698,2046.9352750936746,2142.3156380049822,1675.734957967485,1464.002665448254,1468.4330477465576,1466.206649390221,1976.745
0.5502001455604075,2083.6143334880344,2158.8625631933373,1702.648689213102,1435.6414814362051,1441.8197093134786,1438.714966773246,1995.33
0.5522008733624454,1773.5322710343817,1884.7694727108458,1702.5940468342837,1400.1749265855353,1408.3625137089311,1404.2480086196358,1700.6249
0.5542016011644832,962.0639990365945,987.8171054266932,1638.9504788644206,1359.8707352380427,1370.1724599418103,1364.9955380864017,930.6749
0.5562023289665211,876.0910429886302,914.8125238833583,1574.1654514759316,1317.6784142795377,1329.9251272533884,1323.7707911713867,840.4049
0.558203056768559,508.4024819548464,511.95182814125945,1490.141543591366,1276.4387649890805,1290.1134566414287,1283.241518969174,492.59995
0.5602037845705968,1415.8088634164524,1501.608870155141,1477.7746685872419,1238.1594194067395,1252.4263273294628,1245.2567834367553,1358.13
0.5622045123726347,1380.9159050083151,1434.5929534154186,1465.5321530596634,1203.6532122335198,1217.507574023888,1210.5453467844952,1318.305
0.5642052401746726,1242.6873531609317,1595.379951829988,1443.1357193306603,1172.6682494109757,1185.163327005893,1178.884180343927,1174.9349
0.5662059679767103,957.1779522953278,1066.660626654009,1403.3265903608471,1144.439843462053,1154.9070217093697,1149.6469545467155,933.32996
0.5682066957787482,859.3735001052502,862.0383666953069,1353.8335310715522,1118.4121090569754,1126.595836503728,1122.48327101629,800.57996
0.570207423580786,658.2720289252612,745.6844182769653,1296.2368964098441,1094.8050586750865,1100.8791139813964,1097.8267212442174,654.55505
0.5722081513828239,635.6340231955105,661.0735250330391,1246.1784056989434,1074.7806670240425,1079.2619297169633,1077.009962454984,612.07495
0.5742088791848617,470.314475667268,482.3346383051925,1181.8231200794978,1060.140036936771,1063.7446564603852,1061.933228361806,444.81003
0.5762096069868996,425.1501006550079,490.8039585305381,1114.824231212112,1052.6709539180722,1056.153965855607,1054.403649171695,404.98495
0.5782103347889375,439.19166826215286,466.3701602383508,1059.9982736878576,1053.3816388860143,1057.3847145281045,1055.373050425606,428.87997
0.5802110625909752,405.45526126719705,404.192336822565,1006.6408389642454,1061.9023331812975,1066.8215252802513,1064.349485517947,391.70993
0.5822117903930131,446.2782942040159,480.1343551714248,963.9881410738749,1076.3051645883481,1082.1955840868327,1079.2354737833534,434.19003
0.5842125181950509,1070.0330916666694,1123.3515047791354,971.7156499525316,1093.471067732516,1100.017845750278,1096.7278958460386,1034.2201
0.5862132459970888,1023.7033428400335,1066.7893592018258,967.4415805273405,1109.9067080095956,1116.4930080821875,1113.183197174543,973.1549
0.5882139737991267,998.436651651893,1037.6138290563788,967.6819293157045,1122.68443650149,1128.5642468311014,1125.6094679492805,954.56995
0.5902147016011645,941.5960955990596,1033.795223201908,961.4179067369765,1130.1107458318454,1134.64464180954,1132.3662247626844,912.08997
0.5922154294032024,902.6391316106677,943.4220579949314,957.7964416200487,1131.8828656851465,1134.757045091588,1133.3126847914014,856.33484
0.5942161572052402,856.8202846802068,873.7128067379508,945.227221646188,1128.7762290967196,1130.114712176723,1129.442084776048,819.1649
0.596216885007278,818.64558077763,849.2007822122322,928.5768835595075,1122.1049958050335,1122.4230207172131,1122.2632037772569,776.68494
0.5982176128093158,813.6816447358958,829.6960762928646,913.5257726685503,1113.2586660809582,1113.2681286337408,1113.2633734206365,774.0299
0.6002183406113537,727.0509612361226,767.5872091898868,902.9995949584918,1103.4687363533312,1103.8061519873302,1103.6365906352037,707.655
0.6022190684133916,721.9815018340427,747.0241335847744,883.6807026412273,1093.845751798718,1094.8195568093533,1094.3301909422357,699.69006
0.6042197962154294,690.6646057810104,752.3547063478792,868.0894871086606,1085.6250733418908,1087.0762805189654,1086.347005920026,654.55505
0.6062205240174673,666.9007981656704,678.9364029941877,848.3442867004455,1080.5124392772489,1081.844542835901,1081.1751213337002,633.31506
0.6082212518195051,609.553807337274,651.8897277748899,823.109763432282,1080.9531064544074,1081.3257847028897,1081.1385028423194,585.525
0.6102219796215429,580.7964173692367,829.8223991201135,803.5281292974227,1090.082216466103,1088.6958459159894,1089.3925381890758,556.31995
0.6122227074235808,572.5997399799298,563.9247880211973,782.8284552499566,1111.1260829021821,1107.4798698149473,1109.3121999114678,535.07996
0.6142234352256186,500.3972981191263,536.4662169864547,758.4854257596576,1146.237186411802,1140.2560866192266,1143.2617664569182,487.29
0.6162241630276565,486.4103223826342,511.3112093718436,736.1415786262219,1195.1374748800213,1187.133992935268,1191.155979718123,460.73996
0.6182248908296943,455.2981144403245,491.1087870311069,712.9992631428315,1254.309595141883,1244.833398382589,1249.5954679893803,439.49997
0.6202256186317322,2086.5172200925235,2134.392912523576,819.2755059648757,1317.3977777562568,1307.074295744033,1312.262151291508,2005.9501
0.6222263464337701,2088.4892773019715,2144.9669940418066,910.7994642970506,1376.8898527232075,1366.3267968424018,1371.6350453562889,1992.6749
0.6242270742358079,2052.027920992544,2149.8562684440312,996.9140415653986,1426.3471088973324,1416.1215159496408,1421.2601793421945,1960.8151
0.6262278020378457,2029.7643128976326,2092.9499892415915,1068.6296645675347,1462.0738638112518,1452.7515994786588,1457.4363134807372,1939.5751
0.6282285298398835,2016.3123521311645,2093.064862759794,1140.0262700989304,1483.4831354371859,1475.611547617033,1479.567253694872,1920.9901
0.6302292576419214,2299.6064322287334,2035.0755720320064,1197.260582363546,1492.2162608455812,1486.267122376302,1489.2567407021731,1891.785
0.6322299854439593,1959.058313585227,2050.7257916706385,1250.2031125173876,1490.7364951836728,1487.0257838640778,1488.8905262331396,1873.2001
0.6342307132459971,1933.325993256816,2039.9210620719318,1298.7496150549143,1481.2364019031638,1479.8700243335074,1480.5566695416157,1859.9249
0.636231441048035,1929.8790099017363,2024.8165155970264,1339.2752088654179,1465.3504134858667,1466.2232485513316,1465.784623072928,1849.305
0.6382321688500728,1910.6016134257127,2015.8295194908258,1385.5849476559097,1444.6399370744666,1447.472977703774,1446.0492908578462,1836.0299
0.6402328966521107,1476.4426381033502,1570.01117234044,1383.9094431039218,1421.3824554248777,1425.7569538490768,1423.5586387950543,1416.5399
0.6422336244541484,890.6907124302429,1138.1747479190183,1346.256536601076,1399.0136197114216,1404.3752896058645,1401.680891642786,848.37
0.6442343522561863,536.3887492621358,1010.4830838238269,1277.5733823116598,1381.7162952910455,1387.3684340844652,1384.5280668944201,524.45996
0.6462350800582242,1887.500615081663,1961.5699782531412,1315.6375569391023,1373.1546656157716,1378.2889511377869,1375.7088205581852,1788.2401
0.648235807860262,1648.467708414191,1755.36658954141,1338.566037335086,1374.9377097077881,1378.7398562021585,1376.8291649489772,1594.4249
0.6502365356622999,1043.1792483652973,1094.5669968243903,1315.1694387485275,1385.669356564892,1387.484201621043,1386.5721882149835,1015.6349
0.6522372634643377,654.1179115366883,658.1084749266117,1255.023598847199,1401.1181780847542,1400.6067792646736,1400.8637723221116,614.73
0.6542379912663756,1880.1869640463053,1942.3719037568853,1302.9571191871876,1415.4023866494613,1412.6146479041852,1414.0155692113049,1796.205
0.6562387190684134,1883.7067229608758,1930.9973001256933,1338.7235874351727,1422.5445550992215,1417.8720964062602,1420.2201453225002,1801.515
0.6582394468704512,1892.0528414236715,1945.663195320951,1377.6962073897841,1417.7930571120487,1411.8265485052134,1414.8248958398024,1809.4801
0.6602401746724891,1898.1910514211495,1960.5211983377037,1415.0580683106068,1398.499485972798,1391.8547379000677,1395.1939206593217,1822.755
0.6622409024745269,1895.8663703937325,1986.3382805413448,1448.8806062308897,1364.6414363732063,1357.8182130552584,1361.2470849126182,1830.7201
0.6642416302765648,1924.1335316514496,2013.8131818514573,1481.4371956081468,1319.0058386067733,1312.3148873564041,1315.677288581205,1846.65
0.6662423580786027,1118.7510125868546,1186.665725587296,1445.4021145229738,1266.8414126791085,1260.4004929417492,1263.6372459240024,1082.0099
0.6682430858806405,685.1031091642942,697.0331709264647,1383.2842817056005,1214.8279747552208,1208.5999137682488,1211.729698922426,646.58997
0.6702438136826784,616.3351649375993,639.8433014319396,1322.854290531013,1169.5799805073011,1163.4177807949006,1166.5144687074453,593.49
0.6722445414847161,414.63736859942736,449.0363582370523,1247.0096030033178,1136.2262137531652,1129.90032353022,1133.079270773695,407.63998
0.674245269286754,669.5450422634453,679.2972390637241,1200.1316909485558,1117.5691845864208,1110.7782587646025,1114.190900173334,646.58997
0.6762459970887919,567.7532121192762,608.2183112485405,1147.1357703712183,1113.9114157457323,1106.3052748029247,1110.1275859609525,540.39
0.6782467248908297,520.0870509718211,576.6287539125578,1098.1384923671596,1123.273153690286,1114.5237247248167,1118.9205719844915,505.87497
0.6802474526928676,904.0980158977341,945.7587523850784,1077.167304559185,1141.7564098122486,1131.6886517784344,1136.7479984508568,877.5748
0.6822481804949054,590.6081454636842,609.7549869917849,1034.2140979887024,1164.058889376598,1152.8070740977676,1158.461444613871,564.28503
0.6842489082969433,1516.9297111579922,1604.8724781343444,1068.3955390387728,1184.3735631944955,1172.483949430675,1178.4588325804625,1453.7101
0.686249636098981,1397.3029123642964,1465.000504852163,1092.8832591691132,1197.7734505729281,1186.1683048080688,1192.0002343609262,1347.5099
0.6882503639010189,1320.3112854497676,1397.1138292637106,1103.8196475353793,1201.8064225340036,1191.5789561709503,1196.718561010224,1273.17
0.6902510917030568,1712.6537016832772,1307.0558499025797,1113.4320015637863,1197.6727950139386,1189.7756947163657,1193.7442215699232,1201.485
0.6922518195050946,1181.392275011407,1281.9807991364883,1117.5931893165307,1190.2915327093456,1185.254948967578,1187.78598150816,1151.0399
0.6942525473071325,545.9084693754501,599.8844438005325,1069.7449849707239,1186.8992642105438,1184.7111050913702,1185.8107198736423,540.39
0.6962532751091703,449.103095614502,491.40803822690077,1021.3896196997102,1194.4696133100238,1194.6635837081758,1194.5661078366716,439.49997
0.6982540029112082,416.45172622047346,451.40495658280037,972.7122577155326,1216.9424573290676,1218.8258018364452,1217.8793654268272,402.32993
0.7002547307132461,411.68361905866044,419.7031669857186,925.8089710890682,1253.5349800312333,1256.4256266572954,1254.9729910914032,391.70993
0.7022554585152838,1940.9281515565197,2359.2594666124096,995.5442136110504,1298.9922141589607,1302.3543474247715,1300.6647758544686,1846.65
0.7042561863173217,1916.9253383299867,2005.7459418308342,1065.3640574456765,1345.6536973976913,1349.1011666395186,1347.368711213163,1830.7201
0.7062569141193595,1896.4187503357514,1985.5408371982846,1126.124522629197,1386.2566227787274,1389.4739533101642,1387.85714940371,1822.755
0.7082576419213974,1884.2845008176678,1947.6700118510298,1179.7414149409778,1416.138434159849,1418.8031650857235,1417.4640588519976,1809.4801
0.7102583697234353,1864.1869327805962,1993.9487755846126,1230.8108363607985,1434.0585884442726,1435.8284394736952,1434.9390368990287,1801.515
0.7122590975254731,1870.4648540868413,1972.086399721189,1276.020722824145,1441.7269292794185,1442.3054085076005,1442.0147055578138,1796.205
0.714259825327511,1073.6415650829583,1127.9659162794014,1255.9844607269904,1442.6519916610619,1441.8956579555668,1442.275738049197,1034.2201
0.7162605531295487,884.6563141303071,917.7385908056415,1221.3215682142575,1440.8880989258723,1438.8937615683615,1439.8959751733687,845.71497
0.7182612809315866,1849.7000597320596,1946.5665504883073,1268.257267380686,1439.9736941226372,1437.090643617432,1438.5394619075562,1785.5851
0.7202620087336244,1868.6241259443316,1955.2008075920116,1313.6387393821872,1442.1741518949893,1438.9254126740468,1440.5580003774699,1788.2401
0.7222627365356623,1493.6715534794685,1505.789154452342,1317.651066626035,1448.1530317795857,1445.0970925549123,1446.6327925484509,1416.5399
0.7242634643377002,760.5796438435177,836.7982649187774,1273.579441051943,1457.1670480632058,1454.7566775716873,1455.967960151643,731.55005
0.726264192139738,1908.6888267979998,1974.9393804272852,1316.088962844004,1467.705595203154,1466.190338583951,1466.9517999250443,1828.0651
0.7282649199417759,1931.5056048536583,2009.311392313842,1356.8608929010916,1478.243682665654,1477.6286760903133,1477.9377351141814,1846.65
0.7302656477438138,1932.2345486733075,2024.3971669458265,1397.9861635278096,1487.7396914188444,1487.7921579690296,1487.765791973224,1859.9249
0.7322663755458515,1948.0337142739124,2068.3724541138013,1436.0904687947673,1495.6888474506266,1495.988312414157,1495.8378223982413,1867.89
0.7342671033478894,1956.5558939656316,2042.3845882390062,1472.8254867269918,1501.774801232236,1501.8126597174635,1501.7936347070674,1878.5099
0.7362678311499272,1974.167718651336,2089.8702643127167,1510.109154666643,1505.3603388818876,1504.6826875623753,1505.0232274260593,1894.4401
0.7382685589519651,2535.910186489913,2085.9044210315633,1537.8600674888876,1505.060567836408,1503.414037975025,1504.2414680093239,1910.37
0.7402692867540029,2009.2357724817323,2081.4579168472187,1566.5853572365022,1498.621355747618,1496.036445060152,1497.3354392593785,1928.955
0.7422700145560408,2031.5082060574455,2118.502772359689,1595.804945856227,1483.2590459732817,1480.0223945871808,1481.6489077954902,1944.8849
0.7442707423580787,2062.301784816978,2134.133398728632,1627.4190108892992,1456.4913142822484,1453.0167094606081,1454.7628013197198,1963.4701
0.7462714701601164,2084.0500682723973,2145.588289151887,1654.9469896226276,1417.2522030550745,1413.9182113750542,1415.593640964794,1990.0199
0.7482721979621543,2120.4976133182636,2194.6114097350755,1686.6435157994902,1366.821154109769,1363.8602026779793,1365.3481684915512,2011.2599
0.7502729257641921,1358.231892721906,1430.5517359175349,1656.8555980044466,1309.0281174222514,1306.5139021620207,1307.7773698146875,1312.995
0.75227365356623,797.2383554531482,834.9099968572784,1583.4107244713489,1249.4700364570324,1247.3834946162517,1248.4320437056883,755.44495
0.7542743813682679,495.87075836573524,522.8691821805818,1496.242432915355,1194.0006254583107,1192.3105211958803,1193.1598486576106,474.01498
0.7562751091703057,727.3303085384558,723.8504177090961,1429.3141671038047,1147.1692719933792,1145.870140039331,1146.522992333424,673.14
0.7582758369723436,550.3333185249569,602.4182672756748,1361.6038229544668,1111.269934323473,1110.3641520033716,1110.8193344533026,537.735
0.7602765647743814,818.1701640657056,856.9398258352345,1314.1130230242168,1086.2700252725203,1085.7274193453875,1086.0000948986394,795.2699
0.7622772925764192,480.94769963162486,457.8811519955967,1247.1195394762515,1070.4302966218193,1070.1723494414807,1070.3019755413654,468.70493
0.764278020378457,421.1773138082823,472.7700379088307,1177.1161840256168,1061.192835052614,1061.130294638505,1061.1617230493737,428.87997
0.7662787481804949,609.0256565367058,636.3108329629803,1130.5357697200182,1055.970430361759,1056.0860417391334,1056.02794359698,590.83496
0.7682794759825328,1226.9288716501803,823.2279190078375,1103.0040566550276,1052.6619860109702,1053.0997322946853,1052.87975181875,747.48
0.7702802037845706,625.4348523908395,690.9361749573691,1058.6882263084306,1049.8770981779464,1050.9857789074408,1050.428633995862,598.80005
0.7722809315866085,821.2876561819821,893.2259199766878,1038.3667897262305,1046.9755811243574,1049.2624493092032,1048.1132302971444,784.65
0.7742816593886463,596.3724485080907,600.1292510177232,1002.886108106449,1044.0069978330648,1047.9934103756984,1045.9901199743265,551.01
0.7762823871906841,427.6531634508107,423.94874958071523,951.1673901152832,1041.635925626761,1047.6572626790967,1044.6313624263344,399.67502
0.778283114992722,561.4052811320512,607.8866483612197,917.4989042586943,1041.099885811439,1049.1308453705044,1045.095050272425,545.69995
0.7802838427947598,513.3056328305385,544.5950583718901,887.9175819350224,1044.2061725939668,1053.7924033014237,1048.975038375891,503.21994
0.7822845705967977,411.09074368112493,923.3381645355219,850.9273620349684,1053.3163050902783,1063.6468925812146,1058.4554663201848,389.05502
0.7842852983988355,444.64676450403357,473.09744188258503,812.7929833280745,1071.1625867982505,1081.2540892649245,1076.1828103115538,442.155
0.7862860262008734,656.6679959129085,671.099831183381,800.4591068623663,1100.3022608137017,1109.2189589027018,1104.7380539530536,609.42004
0.7882867540029113,623.9579079134992,626.0443229073198,779.14582286479,1142.1577710355223,1149.1896217563747,1145.655908448404,585.525
0.7902874818049491,653.9462471552123,713.8696488368936,768.9714684899966,1195.92487277169,1200.6789792526743,1198.2898999041115,633.31506
0.7922882096069869,492.468630768097,529.1869481066925,746.9304214541002,1257.955703346296,1260.3665901816103,1259.1550481236004,492.59995
0.7942889374090247,2110.90589231811,2200.3651858480375,846.6400198822834,1322.1996286775357,1322.492485102018,1322.3453160727538,2011.2599
0.7962896652110626,2084.9900238100936,2157.065781268131,942.3620588321727,1381.7651285414227,1380.4000484217324,1381.0860416227954,2003.295
0.7982903930131005,2073.5671746499315,2165.082704413875,1020.422524540677,1430.9577825511224,1428.5558360733369,1429.7628853368278,1976.745
0.8002911208151383,2011.9292460241552,2104.8168885180926,1098.0274999762305,1466.8012941009804,1464.046696565757,1465.4309634330064,1950.195
0.8022918486171762,2007.2794235526796,2109.6322637948733,1166.7159427037002,1489.3631789636593,1486.89762558106,1488.1366391985944,1934.265
0.804292576419214,2243.530748970877,2106.0682224346333,1226.4533380426426,1500.931650700792,1499.285265358451,1500.11262276765,1918.3351
0.8062933042212518,1981.8544165392393,2066.769948104135,1280.054312915518,1504.6681683134568,1504.2678859308544,1504.469039686601,1902.4049
0.8082940320232896,1962.064546373499,2037.4462396078923,1331.0471313474588,1503.4504169922834,1504.6978553963775,1504.0709806425734,1889.13
0.8102947598253275,1961.1142138366074,2050.5153507826153,1371.2755834251352,1499.3023237552156,1502.6576525914218,1500.9715004485788,1875.8551
0.8122954876273654,1946.3584767224088,2032.212079234636,1409.4213737686944,1493.4062598260823,1499.3971000019417,1496.3865253330878,1881.1649
0.8142962154294032,1957.4613680547445,2040.086060166506,1450.2367671111726,1486.4532797037346,1495.5614847711865,1490.9843418914131,1881.1649
0.8162969432314411,1905.3118337133553,1994.5087699680164,1479.962725529842,1479.0425852557282,1491.4895873172231,1485.2346000350544,1828.0651
0.818297671033479,1722.0151849540175,2077.150865030822,1489.3674709499205,1471.922888441281,1487.4372851228395,1479.6408411715788,1647.525
0.8202983988355168,1652.4888414276916,1719.3024790524335,1498.1405802129984,1465.9809072464145,1483.666553177676,1474.7789921545123,1578.495
0.8222991266375546,1854.4261698979456,1952.71072652973,1521.338262183285,1462.0136715939743,1480.4149420581857,1471.1677585066175,1793.5499
0.8242998544395924,1846.7473682324226,1962.7049357546414,1543.5785590612948,1460.4259695742535,1477.805854334382,1469.0719473579816,1790.8949
0.8263005822416303,1595.684416784657,1653.4777964545815,1542.2830706880122,1461.0029790722297,1475.7444049222001,1468.3364017133115,1517.43
0.8283013100436681,1587.1051997843801,1666.9055845955593,1540.527644397129,1462.8864658670277,1473.8564972846027,1468.3437315067138,1520.0851
0.830302037845706,1867.2354467175714,1980.4106919102376,1560.4247126486432,1464.73605653068,1471.473120641844,1468.0875463383861,1801.515
0.8323027656477439,1897.5962455812703,1957.9928801306928,1578.8494627705397,1464.995818810477,1467.6772578656532,1466.3297553019697,1804.17
0.8343034934497817,1891.4306981505767,1916.483502554487,1600.7868494416596,1462.1817468809977,1461.4345453356818,1461.810036248279,1814.7899
0.8363042212518195,1909.7244421853284,1966.4882691832404,1617.8705321115306,1455.1416347653087,1451.8058382453914,1453.4821748206487,1820.1
0.8383049490538573,1907.4436446284838,2014.509144403164,1634.9773477371473,1443.260786462528,1438.1909267388908,1440.7386814461734,1830.7201
0.8403056768558952,1947.9528520517088,2009.4511736395705,1655.1993087524402,1426.5580101082683,1420.4982596352752,1423.5434637699273,1846.65
0.842306404657933,1665.0135529999434,1712.860275699626,1646.1153311251244,1405.620680289022,1399.1550303277397,1402.4042109801544,1578.495
0.8443071324599709,1522.0628452573137,1616.0427194115234,1630.5394973164152,1381.415882856166,1374.979815432594,1378.2141299834177,1464.33
0.8463078602620088,1486.9375379348899,1541.3489844133273,1613.8825692066307,1355.129066251554,1349.0560602061346,1352.1079256586315,1416.5399
0.8483085880640466,1502.3787887387718,1525.6956309173304,1599.9742753728895,1328.178552461,1322.7401724967785,1325.4731195424804,1435.1249
0.8503093158660845,1497.2325386513257,1521.8673952458273,1586.7740907193854,1302.3731934030288,1297.775290041419,1300.0858726949305,1421.85
0.8523100436681222,938.3319292152263,1003.1195706566878,1531.5768601130653,1279.9593684439,1276.292090105738,1278.1350061149142,912.08997
0.8543107714701601,1212.5321780668562,1259.5594149509718,1497.755153135254,1263.2882676985214,1260.4691696524005,1261.8858499372236,1156.35
0.856311499272198,968.1423780218826,1027.5577833745779,1454.0282210480093,1254.0998695917874,1251.8657520299055,1252.9884622911713,917.4
0.8583122270742358,721.4241788972977,766.2546394437765,1395.5497635272989,1252.7758999061375,1250.748456210658,1251.7673067312799,712.96497
0.8603129548762737,692.3837225550419,736.4259602905956,1340.7874342274995,1258.0391215138204,1255.8398215614127,1256.9450349424355,678.44995
0.8623136826783115,1412.0965966793788,1487.002229445996,1339.9025169259826,1267.3320907652676,1264.6931011127638,1266.0192715940277,1379.37
0.8643144104803494,1353.1467566585402,1409.979998950053,1335.075832073579,1277.6895013085093,1274.5168698631414,1276.1112111546217,1302.3749
0.8663151382823872,1472.8288908586142,1497.717119445773,1343.8810034199812,1286.644463894635,1283.020810741342,1284.8418038027119,1405.92
0.868315866084425,1388.2334848204648,1426.8453422901534,1343.2365448824535,1292.7570960945209,1288.8990875977502,1290.837851162067,1315.65
0.8703165938864629,1379.3897477166,1441.5136138168045,1339.2861084578512,1295.6581996485202,1291.8527207082063,1293.7650866141992,1323.6151
0.8723173216885007,1356.567434398418,1396.7720259468804,1340.3364103268534,1295.7708815852093,1292.3105221156882,1294.049455263337,1283.7899
0.8743180494905386,842.1017463686088,939.3017701441156,1298.9776806234106,1293.981560979615,1291.115582322114,1292.5558215030082,824.475
0.8763187772925765,711.0280386574257,801.0418352631792,1247.150721959269,1291.433966183747,1289.347125469986,1290.3958247519495,702.345
0.8783195050946143,1123.4454881601155,1163.8151389128252,1234.233848514089,1289.4614461022375,1288.2833140453256,1288.8753603064486,1079.3551
0.8803202328966522,1438.411153551334,1463.3648509298528,1248.026248638431,1289.5606441987366,1289.3849734703865,1289.4732532156818,1376.715
0.8823209606986899,1339.3968475931833,1400.386381655556,1248.4016090836776,1293.2801244557838,1294.1634635091573,1293.7195594656457,1286.445
0.8843216885007278,1295.624166479209,1388.7861257810575,1248.5153980485209,1301.9443554939526,1303.8661554281,1302.9003940272762,1267.86
0.8863224163027656,1258.5321220258465,1303.1236647509452,1248.6475587482312,1316.222220184982,1319.0291135222253,1317.6185664651814,1209.4501
0.8883231441048035,1185.8807898220668,1243.5002094468357,1240.3445407288955,1335.6752099859862,1339.0596164703816,1337.3588519478888,1153.695
0.8903238719068414,1132.1481311328355,1205.893738051724,1224.9961764195962,1358.5261851563205,1362.0762860518146,1360.292255178997,1079.3551
0.8923245997088792,1919.3276457500372,1997.1074328357079,1276.135120022512,1381.8610703364898,1385.1702874316254,1383.5073078047444,1838.6849
0.8943253275109171,1870.4690011578218,1979.0896869320088,1317.75653316961,1402.29857968614,1405.0792862037856,1403.6818987993822,1806.8251
0.8963260553129548,2255.1135648140225,2389.5889745587538,1354.7071371282207,1416.8760322814833,1419.0198339556337,1417.9425101035886,1785.5851
0.8983267831149927,1838.62085863577,1934.4648944193889,1387.6770625827403,1423.7706927788638,1425.3354514567018,1424.549113864631,1777.62
0.9003275109170306,1856.1095451686595,1935.2131172841762,1420.9860530123754,1422.5499397724152,1423.6974932704125,1423.1208136410435,1782.93
0.9023282387190684,1782.6052625335149,1839.7732503008629,1442.602062546596,1413.896495896926,1414.8221057275885,1414.3569593662044,1700.6249
0.9043289665211063,1665.3019026783484,1774.7418967220626,1457.0808964545874,1398.9917947813422,1399.8725061693347,1399.4299226055225,1610.3551
0.9063296943231441,1594.6960191237142,1636.727261942565,1463.6618316779893,1378.8571698318663,1379.8211145117496,1379.3367037529504,1525.3949
0.908330422125182,1532.5128851420307,1615.2605584873875,1463.7319248611375,1353.9443032442696,1355.0499049959299,1354.4943073619286,1477.6051
0.9103311499272199,1485.1198033566018,1557.3638714275176,1461.5146481856214,1324.1719385602219,1325.3924709953096,1324.7791172880288,1435.1249
0.9123318777292576,1438.0481552117953,1513.5908630480294,1453.615544484709,1289.4203574998635,1290.6426459457955,1290.028409791043,1382.025
0.9143326055312955,1385.4332933028425,1456.7547369489905,1448.0467846197653,1250.2434236490942,1251.2940074649052,1250.7660579735912,1342.2001
0.9163333333333333,1355.2661204452088,1441.0559676275616,1432.9599630633943,1208.3711726657543,1209.0714834959147,1208.719556556835,1307.6849
0.9183340611353712,565.0139540584651,592.8682517137381,1361.1660716684323,1166.6274728577641,1166.8616654239377,1166.7439767214087,556.31995
0.920334788937409,594.6699633137466,621.9848639524698,1296.9652826945764,1128.2075671258503,1127.9791562618964,1128.0939394877755,548.355
0.9223355167394469,590.8721372330357,620.8190368189931,1242.6024025843126,1095.7134115935646,1095.170410640875,1095.4432847061719,566.94006
0.9243362445414848,490.80406905057333,502.32285748886653,1180.5549540732713,1070.484926193287,1069.9151409774058,1070.2014749284485,479.32492
0.9263369723435226,598.5468849053732,639.3713019327394,1133.670071004109,1052.6067451215747,1052.41972262511,1052.5137069701825,572.25
0.9283377001455604,544.8594608646475,571.6803106796144,1079.873184722252,1041.5424014997684,1042.252876492775,1041.8958417607487,524.45996
0.9303384279475982,441.2472905868513,437.88807145152015,1034.6561767967823,1037.0293903475242,1039.234821007951,1038.1265267645242,426.22495
0.9323391557496361,498.27554849622425,523.6245461458227,984.7559091439856,1039.777258256682,1044.0923966196342,1041.9239117549484,471.35995
0.934339883551674,635.4851730869739,677.0017436230427,951.0931248608011,1051.6060693353722,1058.5143911058487,1055.0427547550253,601.45496
0.9363406113537118,420.94242739078305,474.4523805418293,915.4598742620393,1074.8516144834862,1084.4790851980972,1079.6409959472217,410.295
0.9383413391557497,511.64669966695135,757.407053419008,875.395439063731,1111.1402974958862,1123.0446541302163,1117.0623622512358,497.91
0.9403420669577875,421.2427145951178,451.1328720989411,839.5897994032993,1159.9986797090517,1173.1227765850556,1166.5275290994537,407.63998
0.9423427947598253,383.09478049582924,435.0282524086219,804.2924358603714,1218.0336922112667,1230.926495492718,1224.4474798905228,394.36496
0.9443435225618632,2166.6506975958614,2046.1845375133898,889.5850003833264,1279.3063353202201,1290.5639669682387,1284.9066735543065,1854.6151
0.946344250363901,1936.8612314437094,1993.262979463673,963.5380800279679,1336.9260471258622,1345.6547277696413,1341.2683071562913,1843.995
0.9483449781659389,1923.607898694828,1982.2071833111233,1036.2348635571245,1385.1466936901716,1391.2180973026889,1388.167037120198,1828.0651
0.9503457059679767,1889.819306783136,1964.029771681996,1098.3266061737536,1420.932923175233,1424.9236047636884,1422.918169040319,1817.445
0.9523464337700146,1894.1961493769818,1947.2181159342229,1154.0827117831395,1444.309353918633,1447.1908395102503,1445.7428076355648,1812.1349
0.9543471615720525,1877.1871502920224,1963.3645983323545,1208.27846958914,1457.5722784565314,1460.3271745306174,1458.942757638745,1798.86
0.9563478893740903,1550.9366820061502,1613.0483969092008,1225.3405190615485,1463.9937053982103,1467.3240937336038,1465.6504749312887,1453.7101
0.9583486171761281,802.9705434684649,825.5158122625643,1187.5348402428242,1466.6959664893675,1470.9040673772092,1468.7893720147847,758.1
0.9603493449781659,494.9007799178558,507.70888035200255,1135.1690480013908,1468.0406084214396,1473.0676518557452,1470.5414136022973,476.67
0.9623500727802038,1853.6902529940448,1953.6719992703058,1184.542078952082,1469.5048058381108,1475.0584937835993,1472.2676010612763,1790.8949
0.9643508005822417,1834.8192017740967,1949.3965797899486,1229.6852575056419,1471.8345868724823,1477.5266650185877,1474.6662271206026,1780.275
0.9663515283842795,1864.8335314038443,1944.6375032197827,1274.4827058735104,1475.2716441584694,1480.7173388113072,1477.9807159178756,1788.2401
0.9683522561863174,1867.1410762128385,1987.1395450169784,1318.2477023323722,1479.7451068784685,1484.6177282330966,1482.1690916494883,1801.515
0.9703529839883552,1897.861422281703,1987.6175719099776,1355.0518015371315,1484.991548179531,1489.0577837493063,1487.014379912014,1838.6849
0.972353711790393,1951.4110472640896,2043.2032138121551,1400.2871886706926,1490.620779422302,1493.7792677880363,1492.1920338130647,1881.1649
0.9743544395924308,1926.8357550113149,2033.5335269125258,1438.2345227004744,1496.1333664635404,1498.4533181682173,1497.2874737073337,1862.58
0.9763551673944687,1976.6504847771207,2052.5852857393857,1473.306881798205,1500.870662710961,1502.602152660641,1501.732027665004,1878.5099
0.9783558951965066,1989.1053118490183,2069.4327637877313,1505.2150784306214,1503.8940285384156,1505.4173143387807,1504.6518180962864,1899.7499
0.9803566229985444,1983.960114437013,2051.348484497098,1538.6193310710148,1503.795519065403,1505.5100733328677,1504.6484590192686,1905.0599
0.9823573508005823,2018.4059361119928,2133.750441942153,1572.3938704202885,1498.5396703863917,1500.7334368071652,1499.6310041897211,1920.9901
0.9843580786026201,2020.9306169573965,2107.607295981272,1601.543825135942,1485.5191742476754,1488.279283664973,1486.8922469136896,1939.5751
0.986358806404658,2029.0223776699984,2134.0280875722874,1628.4737608010687,1462.0146955500472,1465.2208963880423,1463.609685482263,1958.16
0.9883595342066958,2085.286277989736,2171.9802182161648,1656.6589124585248,1426.0976360601057,1429.491892133987,1427.7861779009809,1984.7101
0.9903602620087336,2095.5963150554658,2172.492019875147,1684.4057461808534,1377.7172629083714,1380.9986936328146,1379.3496774803864,2005.9501
0.9923609898107715,1590.02606860902,1677.7108937485496,1673.51690334437,1319.4451573224287,1322.3316790839724,1320.881116384701,1538.67
0.9943617176128093,1282.2033626208092,1333.0510343370286,1638.0734856728695,1256.3306186932994,1258.562142160501,1257.4407355086626,1233.3451
0.9963624454148472,521.8746000023517,568.7614288094865,1548.3819643326747,1194.746627472737,1196.0571598017318,1195.3985784814881,511.18503
0.9983631732168851,449.4260870663186,487.1517720589874,1460.7157709737544,1140.6617502391912,1140.7781432032498,1140.7196522906331,447.46494
1.000363901018923,446.71782930084845,465.26513784607147,1373.9737913754361,1098.184149831602,1096.8923596200173,1097.5415224710212,418.25998
1.0023646288209607,508.28842693173533,493.48379233514953,1302.9477899271199,1069.0858993288668,1066.3513634117137,1067.7255487215514,466.05002
1.0043653566229986,626.2029068876078,661.7018827856754,1249.0694867265638,1053.4400526006814,1049.5139059312335,1051.4869109459346,617.385
1.0063660844250364,599.9696200980993,600.1820287508081,1192.4156964570327,1050.8621831957912,1046.2976772839904,1048.591476729563,569.595
1.0083668122270744,682.1845987408506,712.8565402217087,1150.4535361354228,1061.5299793500428,1057.0804902964849,1059.3164903633808,662.52
1.010367540029112,449.113815463183,434.34417086117617,1094.1688863362167,1086.306029940455,1082.743312462255,1084.5336835416524,436.84494
1.0123682678311499,464.4411996669461,492.44608866500846,1042.9206355665833,1125.8133667900674,1123.7439279929965,1124.783882296286,452.775
1.0143689956331878,405.88018815642033,430.7253455116252,992.2048475310382,1178.9691642532293,1178.7129724867166,1178.8417164391492,399.67502
1.0163697234352256,519.1387780900254,549.7139622468559,950.566649367728,1241.9246546275963,1243.4768395262495,1242.696820630721,497.91
1.0183704512372636,2087.4531591499426,2193.577095457553,1039.1309282913169,1308.252305092266,1311.3151951961715,1309.7760021798968,2013.9149
1.0203711790393013,2097.904905737483,2212.532004567307,1114.7659356256127,1370.5171818224267,1374.5800999650044,1372.5383632331584,2011.2599
1.0223719068413393,2063.6407950303606,2204.9102987524943,1184.7652801141858,1422.475658475565,1426.928527340845,1424.6908288184309,1982.055
1.024372634643377,2036.4904115235406,2152.760968652059,1245.6300317851096,1460.7406835293386,1465.0057056042692,1462.8624056590247,1958.16
1.0263733624454148,2014.6414626180008,2109.730689389133,1302.722213451004,1485.1225574253476,1488.7808389092224,1486.9424440858602,1944.8849
1.0283740902474527,1996.4902430566176,2085.960223570019,1355.3048731103258,1497.7057746560167,1500.5843933759268,1499.1378021892065,1923.6449
1.0303748180494905,1998.6507542802215,2096.0787955503624,1395.8767982522781,1501.3586338496566,1503.5491793438093,1502.448365337413,1910.37
1.0323755458515285,1984.5366410171175,2038.6263400869357,1435.7952305880392,1498.468523480838,1500.2670873078296,1499.3632557017593,1899.7499
1.0343762736535662,1944.6741222186674,2040.207645055529,1470.553965338798,1490.347620274404,1492.136176419201,1491.2373739699144,1878.5099
1.0363770014556042,1943.7714554385882,2027.1961486188443,1503.5366894616118,1477.3646901607835,1479.4787294912462,1478.416362098623,1865.235
1.038377729257642,1940.5359325898364,2030.4810740479722,1531.5902601319353,1459.6165744426216,1462.2494030107482,1460.9263286569078,1854.6151
1.0403784570596797,1903.1910135796686,2022.3821875014924,1557.0289420753982,1437.8274192252616,1441.004515107652,1439.4079303043072,1846.65
1.0423791848617177,1299.3029150819966,1340.7905301186086,1532.6132782438533,1414.061790237885,1417.683184870644,1415.8633267827518,1241.3099
1.0443799126637554,1146.5763469238998,1202.6342217128397,1498.5117563016001,1391.824225268931,1395.7405950098644,1393.7725031913862,1108.5599
1.0463806404657934,1089.4825599996805,1143.1790661836842,1461.1185760955643,1375.294846890618,1379.3709230254756,1377.322574012699,1039.5299
1.0483813682678311,1864.2930385589898,1945.1224744430074,1492.0869314981421,1367.905835497012,1372.0434398305526,1369.9641710751464,1798.86
1.050382096069869,1572.5191491670257,1690.1188589470821,1492.9627391456584,1370.8753251713883,1375.0013598770524,1372.9279052024078,1530.705
1.0523828238719068,1126.7022788313395,1212.4625455931066,1458.1239558274701,1382.4644967756672,1386.5125015133299,1384.478259209268,1100.5951
1.0543835516739448,1124.6890799068117,1181.539316395914,1426.7362818876998,1398.3208660215928,1402.2292356379307,1400.2651641190678,1079.3551
1.0563842794759826,1879.3339551769077,1969.4732473800009,1458.1704539112925,1412.6875068135405,1416.4134728212507,1414.5410645194866,1801.515
1.0583850072780203,1876.4256663190597,1965.5738306354224,1488.0729197650978,1419.878103140954,1423.4081061900104,1421.6341750804324,1812.1349
1.0603857350800583,1903.235985481891,1971.3642032625794,1512.795193499537,1415.502698279269,1418.8433779579443,1417.1645874507462,1820.1
1.062386462882096,1889.4599526121474,1989.4163183196217,1538.6205931313166,1397.2827972962218,1400.4359207610964,1398.8513828077437,1833.3749
1.064387190684134,1916.9006459318573,2014.7203057923957,1564.0451111540333,1365.5447005533404,1368.4822561685025,1367.0060474458942,1841.34
1.0663879184861718,1872.745271423163,1977.6470775357616,1583.1603846085825,1323.36727049432,1326.019736135136,1324.686793570515,1812.1349
1.0683886462882097,1072.048572175124,1124.8164732066994,1535.9913918129346,1276.195232446736,1278.4554841910442,1277.3196407288758,1036.8751
1.0703893740902475,770.7487767315782,823.1185907127746,1478.1954040629016,1230.7973612686856,1232.5358914715657,1231.662228540126,739.515
1.0723901018922852,710.0833037767488,754.6272660676294,1414.985678754132,1193.809064646464,1194.8986002094157,1194.3510763112063,691.725
1.0743908296943232,677.0824159887734,704.9400653902062,1350.026266354782,1170.4016001003624,1170.753777628745,1170.576797987365,654.55505
1.076391557496361,657.8263682027608,684.5413042325969,1294.105772750011,1163.5382818999472,1163.1474468935337,1163.343853062864,620.04004
1.078392285298399,572.4657863352535,592.5672901260498,1232.7451239491916,1173.856801930873,1172.8336638622743,1173.3478210525252,556.31995
1.0803930131004367,907.4024508525943,911.9030264658305,1203.8939674861488,1199.8710813189696,1198.4400357670077,1199.1591785520336,861.6449
1.0823937409024746,925.2940426464523,985.427611753442,1181.7925295865257,1238.210641824722,1236.6592411972476,1237.4388659732745,901.46985
1.0843944687045124,898.2015832404521,924.7005523820143,1156.4814871342048,1283.9261538122194,1282.5227752854084,1283.2280145706516,856.33484
1.0863951965065501,1954.3480177838323,2021.461888055634,1212.8397614863698,1331.1114928772738,1330.0294012100467,1330.573184330127,1859.9249
1.0883959243085881,1896.3292796703474,1997.1194018190033,1262.7992402645061,1373.9250789609805,1373.2073859708635,1373.5680479602731,1849.305
1.0903966521106259,1899.8354502937293,2019.0004082240373,1310.5451986150415,1407.7337561569998,1407.3087463233867,1407.5223263558244,1833.3749
1.0923973799126638,1910.793151658979,1979.5812146277842,1348.3792858500688,1429.917926019461,1429.649361925365,1429.7843233389422,1828.0651
1.0943981077147016,1887.6060579065465,1969.3134547939535,1386.0383115410098,1440.0817897149213,1439.829930291807,1439.956497113335,1814.7899
1.0963988355167396,1883.4361723554557,1972.3752703594384,1415.0146720280516,1439.7958520946702,1439.4697472968642,1439.6336246187168,1804.17
1.0983995633187773,1658.8223681890977,1718.8738231697318,1434.3802993634406,1432.163660418314,1431.7523701867567,1431.959055712714,1599.735
1.100400291120815,1025.6076809652998,1048.8740805317257,1399.6624882883739,1421.3364224436427,1420.9105813372917,1421.1245791089068,983.775
1.102401018922853,961.8682623354513,1018.4442570947524,1361.2225619286194,1411.8258459818271,1411.5073641115305,1411.667410686478,925.36487
1.1044017467248908,1887.4655331774177,2248.150002803709,1394.4606374098717,1407.5085522259774,1407.4179300670553,1407.463470386623,1798.86
1.1064024745269287,1821.2031966039895,1886.000474328407,1425.4018260953037,1410.559869624235,1410.7628893799185,1410.6608659381648,1745.7599
1.1084032023289665,1211.1159292105274,1276.124033260591,1402.3884917779267,1420.8555969158492,1421.3339570370447,1421.093566904578,1159.005
1.1104039301310045,679.5195125393429,705.9164677020701,1344.4429113190884,1436.2567740863499,1436.9155392053467,1436.5844902169313,657.20996
1.1124046579330422,1909.077192108005,1998.2031586472956,1383.5443475555528,1453.664361643557,1454.3715447332345,1454.0161642801545,1838.6849
1.1144053857350802,1926.3285888555395,2004.3203472528958,1423.1845112326941,1470.2521667501326,1470.8898758707307,1470.5694081453014,1854.6151
1.116406113537118,1950.078030200727,2040.3364343770602,1456.8185817467045,1484.2451729635468,1484.749829224725,1484.4962245028858,1867.89
1.1184068413391557,1948.5882008785943,2067.511523615065,1490.9369601688397,1494.9765663242829,1495.3550624011723,1495.1648569094725,1875.8551
1.1204075691411937,1976.472903751507,2030.223829133535,1521.9414797378483,1502.4361986671715,1502.7574019919898,1502.5959878055214,1894.4401
1.1224082969432314,2011.7257324353077,2080.1742556071868,1551.9387377675048,1506.7040399720552,1507.0732482940389,1506.8877101743321,1907.715
1.1244090247452694,2013.8649954646178,2110.8712027305414,1583.5820128342455,1507.5928949357076,1508.1180107694602,1507.854124506281,1923.6449
1.1264097525473071,2021.619944176486,2110.936853329496,1614.5887569562992,1504.621773425521,1505.3776998078222,1504.997824406164,1944.8849
1.128410480349345,2053.772355151905,2112.5888035324615,1638.0776733548512,1497.2753961079384,1498.2732219570073,1497.7717849069525,1958.16
1.1304112081513829,2056.5816111487416,2163.5955076218675,1666.0204091741912,1485.4056390653511,1486.5763668368315,1485.9880414484921,1979.4
1.1324119359534206,2064.6719001091155,2202.8831734956498,1693.7246540150354,1469.5776388499314,1470.782119131773,1470.1768321070485,2005.9501
1.1344126637554586,1806.0531107533661,1918.4350969493923,1699.2082285285403,1451.1650387083741,1452.2363980041507,1451.6980082186742,1745.7599
1.1364133915574963,1510.8962000726897,1612.1333424089657,1680.4858805173658,1432.1040459723902,1432.9113111393235,1432.5056364774603,1472.295
1.1384141193595343,1476.5907981524417,1552.5593407563042,1660.985491747204,1414.385176793291,1414.8907017157312,1414.6366604658738,1421.85
1.140414847161572,1563.9826172299622,1621.094811244656,1650.4944253852473,1399.5102841281353,1399.7896760620529,1399.6492733381872,1501.4999
1.14241557496361,1617.0601188410533,1687.4512190162393,1636.2138741274005,1388.1601528688388,1388.3709901108866,1388.2650381506394,1533.36
1.1444163027656478,1634.0471519226699,1721.0559272891805,1632.9294079857489,1380.176897371859,1380.492053195809,1380.3336780576858,1565.2201
1.1464170305676855,1511.3609059589812,1564.949948089328,1618.1112402241006,1374.798770990467,1375.3375334484604,1375.066789352315,1453.7101
1.1484177583697235,1557.124009552327,1626.5951614542093,1606.956039952289,1370.990065703163,1371.7767107561522,1371.3813983124232,1485.57
1.1504184861717612,1531.6979436747179,1643.3272674526784,1599.2718982815172,1367.7259731372205,1368.6871942790012,1368.2041521787844,1496.1901
1.1524192139737992,1968.77383659533,1670.5252055247813,1591.0757478635087,1364.162373047734,1365.1585929302137,1364.657962925947,1517.43
1.154419941775837,1567.481949709456,1630.252097620357,1584.62190213338,1359.714863015408,1360.5946169712108,1360.152514545438,1496.1901
1.156420669577875,1609.6158517693918,1688.2345833094287,1579.6523660351763,1354.0919764821779,1354.756136870903,1354.4223765996126,1562.5651
1.1584213973799127,1524.9500241044207,1573.5910015827938,1570.6886885636993,1347.340252040811,1347.798425115048,1347.5681795717255,1451.055
1.1604221251819504,1468.2803406789956,1515.5131629584891,1560.5936587341628,1339.9309006628723,1340.3264474382038,1340.1276734654048,1405.92
1.1624228529839884,1467.5300948378779,1541.383789349289,1548.9476847183016,1332.8729750416255,1333.4583208171262,1333.1641672238884,1413.8849
1.1644235807860261,1399.9193101276503,1454.2867197812845,1530.6452250181567,1327.7755522394223,1328.8408128841647,1328.3054878515072,1336.89
1.1664243085880641,1372.5676502311528,1448.3557580133952,1510.1505506325882,1326.7307462863685,1328.513595427135,1327.6176609164452,1291.755
1.1684250363901019,1292.1998511153895,1368.217008007857,1490.915042367553,1331.896739920999,1334.5127504123536,1333.198127640332,1238.6549
1.1704257641921398,1298.5262544574791,1375.3419475508242,1472.113521880147,1344.7882126754776,1348.2070054109681,1346.488960778597,1243.965
1.1724264919941776,1240.2636701820795,1314.5066705533193,1446.9385637486243,1365.505820683592,1369.5722014782511,1367.5287246611522,1196.1749
1.1744272197962156,948.0082274297038,999.6696214695179,1402.6365986129053,1392.306544861592,1396.78761816821,1394.5357460784585,920.05505
1.1764279475982533,2110.153727064156,2191.705647695082,1455.3267725013452,1421.855932556376,1426.4941802258588,1424.1633233624289,2016.57
1.178428675400291,2067.7960858859688,2170.3076506240204,1499.5281554775922,1450.1661811497684,1454.729932054162,1452.4365120221787,1995.33
1.180429403202329,2051.276763596633,2148.195723699377,1536.5619290397563,1473.8053595708127,1478.133662034016,1475.9585618189635,1968.7799
1.1824301310043668,2030.860762006006,2137.4141850979413,1572.1265638131983,1490.7902870375092,1494.8235564789634,1492.7967190977838,1955.505
1.1844308588064048,2014.6894082995816,2101.612110582206,1600.9316908006706,1500.7783696786105,1504.5569587781706,1502.6581058137763,1928.955
1.1864315866084425,2001.885414990006,2084.8525106336924,1622.8256543593766,1504.6040158417522,1508.2215415361982,1506.403627704427,1918.3351
1.1884323144104805,1993.7411287451573,2062.1082372408723,1646.1519143857356,1503.5133145673115,1507.0348863628662,1505.2651922079515,1902.4049
1.1904330422125182,1958.5799985262431,2030.4539204539699,1664.0185399282639,1498.5130026236961,1501.8981028580272,1500.1969897056395,1886.475
1.192433770014556,1947.636378706167,2064.2240267880707,1679.622559309467,1490.099359664624,1493.1769999843207,1491.6303945476313,1873.2001
1.194434497816594,1941.8948500590498,2083.717672730108,1695.2748813599883,1478.4342808262088,1480.9559913831552,1479.6887571218383,1875.8551
1.1964352256186317,1920.6574945509617,2036.7964293280763,1710.804066175426,1463.8636926406725,1465.6148748623198,1464.7348539166296,1849.305
1.1984359534206697,1579.3497494712258,1626.5122682434019,1694.1957962421359,1447.509196796917,1448.424246032024,1447.9644066827675,1512.12
1.2004366812227074,829.0355845911505,876.5007855688847,1622.8671454825787,1431.5522861836494,1431.7770423339077,1431.6640957099328,787.30505
1.2024374090247454,543.4367626918997,604.0793354637794,1539.0574926236336,1418.8923688350856,1418.7682867505844,1418.830641674016,532.42505
1.2044381368267831,1883.887419478768,1953.23461745602,1556.1832438540123,1412.1884464712864,1412.1747959394997,1412.181655736124,1798.86
1.2064388646288209,1881.4243925869093,1960.663072294432,1572.4645785944015,1412.7417517786607,1413.3154961608518,1413.0271726114468,1790.8949
1.2084395924308589,1261.7976446199343,1309.5671815093094,1546.731043329369,1419.8736004307111,1421.439677440209,1420.652677347423,1206.795
1.2104403202328966,1257.2372479928842,1322.2561111385887,1514.3193062251703,1431.2093925118834,1434.0319104814569,1432.6135115837824,1185.555
1.2124410480349346,1872.4620882045072,1975.7709693596669,1542.7004239740088,1443.6795612370854,1447.8300844497107,1445.7443235748387,1806.8251
1.2144417758369723,1872.3416093805754,1958.4625126773371,1557.095342886365,1454.6135591727739,1459.9368883308257,1457.2617577236397,1812.1349
1.2164425036390103,1876.9933697084612,1998.569768626534,1580.8824843973657,1462.336130852989,1468.449665922038,1465.3774334344826,1822.755
1.218443231441048,1927.3507250972452,2017.1128201146025,1603.3318024947914,1466.088806124987,1472.4353479810627,1469.2460226801286,1833.3749
1.2204439592430858,1925.5459913918737,2010.2807248338236,1623.5827631259579,1465.5399038825558,1471.497883928472,1468.5038224484063,1841.34
1.2224446870451238,1936.382178285012,2035.5327012801065,1638.9695313352888,1460.308078485869,1465.332858156824,1462.8077575115244,1859.9249
1.2244454148471615,1882.342045390838,1965.132948099209,1651.714705360758,1449.7964078732077,1453.5431426531811,1451.6602974280731,1804.17
1.2264461426491995,1843.355825768357,1922.92621480592,1664.087862272895,1433.3916866576906,1435.7687059373498,1434.5741833293932,1782.93
1.2284468704512372,1692.6540774663395,1738.8672234872706,1662.2722218432923,1410.8756820653393,1412.003050196785,1411.4365143121056,1597.08
1.2304475982532752,1100.7768504727653,1163.047365442846,1607.1379467853626,1382.795545843982,1382.8903477960941,1382.842707006621,1055.4601
1.232448326055313,1913.4760676133837,1998.7217643364659,1627.6516782716442,1350.5671059895321,1349.8145762514641,1350.1927447387686,1836.0299
1.234449053857351,975.2107253656906,1029.7237582708892,1572.7794868250364,1316.2185308650087,1314.7003482711327,1315.463280001182,928.0199
1.2364497816593887,814.663346132403,843.9753630861823,1507.0212836381306,1281.8675698940415,1279.5867651741326,1280.732937115429,776.68494
1.2384505094614264,1558.153038955412,1623.3758861495987,1505.808158074399,1249.1699816863902,1246.1542991353429,1247.6697689577682,1493.535
1.2404512372634644,1355.1893553627813,1445.352173402641,1491.1747901054416,1218.988353169191,1215.4022764073895,1217.2043862188227,1310.34
1.2424519650655022,1160.185452316882,1215.3471919565554,1461.5804620418598,1191.415944616874,1187.602089109065,1189.5186644883825,1108.5599
1.2444526928675401,1011.2065473756692,1031.0206582055248,1419.6661067212115,1166.0888824490394,1162.498539887716,1164.3027933897847,949.2599
1.2464534206695779,841.6267300069848,887.0002066302992,1372.7920523709254,1142.5831457052407,1139.6185645059186,1141.1083543852087,792.61487
1.2484541484716158,764.4123679376415,772.4221204668844,1318.7068545470765,1120.7155560430178,1118.5638456153333,1119.6451438503284,715.62
1.2504548762736536,639.6162663750133,667.9861544055314,1262.4894464024812,1100.664106582648,1099.2161845311318,1099.9438082571553,620.04004
1.2524556040756913,542.6274887389283,535.0396968270088,1205.4345800324338,1082.9758900599172,1081.886117908591,1082.433760699468,532.42505
1.2544563318777293,735.4894583259917,766.2394716421179,1164.5229390968916,1068.588160609268,1067.4528162727438,1068.0233604367727,707.655
1.256457059679767,441.802640597855,491.37996854230664,1103.6228564216776,1058.9328064249346,1057.4950264957365,1058.2175535048316,423.57004
1.258457787481805,625.7000614052452,770.1055181097945,1062.6765906928645,1056.0560261629244,1054.3307837801203,1055.197769188316,588.18005
1.2604585152838428,492.71666956060966,525.6523333610917,1015.2957871293747,1062.5458343816358,1060.813073369382,1061.683837111618,492.59995
1.2624592430858808,431.8375750249336,446.9419716515124,971.9216422862457,1081.0329867412324,1079.7258568103953,1080.3827283247676,397.02
1.2644599708879185,583.0226674240834,577.3433046241295,937.2707833702036,1113.2052755854922,1112.764335648772,1112.9859210299555,561.63
1.2664606986899563,491.313218176256,516.339134452935,893.5910261641944,1158.6387401996958,1159.3906190961088,1159.0127776760175,476.67
1.2684614264919942,409.63294573906546,468.2591831315166,861.8784277488605,1214.0762112186394,1216.1627030897907,1215.114179111573,404.98495
1.270462154294032,1707.0438195469858,1844.931988797592,920.1949237288824,1273.7495705717408,1277.1096941326653,1275.4211324986059,1658.1449
1.27246288209607,1946.9272413434805,2032.4456024022918,999.1119779855601,1330.8345455121837,1335.2406199922723,1333.026437034715,1859.9249
1.2744636098981077,1921.3385558406358,1993.26415946667,1061.3365369295911,1379.4285753430804,1384.5693820696733,1381.9859743915788,1843.995
1.2764643377001457,1902.2140727187323,1989.7886608162532,1126.9359599447166,1416.102246636855,1421.6882956114523,1418.881140513297,1841.34
1.2784650655021834,1880.031930711799,1986.6340746971034,1185.8587061994835,1440.3680995018976,1446.2158244015643,1443.2771693988313,1820.1
1.2804657933042214,1886.0131861475809,1983.3312811985936,1236.4991531818937,1454.0841227959042,1460.1403769980036,1457.0969298430537,1814.7899
1.2824665211062591,1735.8701772487852,1830.1478526655826,1267.4249673146956,1460.334537698834,1466.6274690910375,1463.4650846364257,1647.525
1.2844672489082969,1555.1164711664492,1649.904272928366,1286.7366378713614,1462.3822438843197,1468.9201049549672,1465.63463608082,1496.1901
1.2864679767103349,1446.1806683516452,1535.959978939414,1291.995234686103,1462.9893259430237,1469.65613609583,1466.3058664877417,1405.92
1.2884687045123726,1873.2683683872187,1957.8800241891015,1336.4344528439171,1464.0990616029726,1470.5998699113886,1467.3330211479624,1801.515
1.2904694323144106,1872.944602319278,2018.1913020508732,1374.3523060531297,1466.7593931267104,1472.6503026805485,1469.6899461097357,1801.515
1.2924701601164483,1799.6131903628261,1929.1019674221468,1408.700629811016,1471.2097975736413,1476.0114123310875,1473.5984586661555,1759.035
1.2944708879184863,1419.3253903127238,1476.3435106587997,1399.1050135635287,1477.0940103848175,1480.4483379658989,1478.7626889834185,1363.4401
1.296471615720524,1912.1572524343708,2000.2729286954611,1435.4507365457914,1483.7566973684661,1485.5611635306652,1484.6543658262947,1838.6849
1.2984723435225618,1945.4036707136986,2011.5925538638394,1469.5349048027256,1490.519129224278,1490.9741518099806,1490.745489480481,1859.9249
1.3004730713245998,1973.0623510690316,1998.5290832776877,1503.081553939995,1496.8491016332332,1496.394608518506,1496.623004773155,1873.2001
1.3024737991266375,1969.923565510823,2053.2157113469516,1533.5914479467035,1502.354358653423,1501.5254003334906,1501.941976447402,1878.5099
1.3044745269286755,1967.003804463342,2094.0964049623512,1562.7486254026053,1506.613111374657,1505.887019426159,1506.2519021409767,1891.785
1.3064752547307132,1979.0728853841624,2055.732797287655,1590.7945778364542,1508.921064867976,1508.6206634359469,1508.7716240550262,1913.025
1.3084759825327512,2031.5269240843108,2094.737018705216,1612.430133635756,1508.0922795622178,1508.3635708301817,1508.2272389309426,1920.9901
1.310476710334789,2017.947681755049,2098.3241995218295,1635.8881903581087,1502.5089103821915,1503.3447288798943,1502.9247053234183,1936.92
1.3124774381368267,2045.055213026393,2149.270777307851,1665.8742720369498,1490.5826031963957,1491.8540579452276,1491.215114266701,1963.4701
1.3144781659388647,2069.48442473593,2162.734955249714,1692.469158121389,1471.6188850731937,1473.1037871030512,1472.3575798423678,1987.3651
1.3164788937409024,2085.9763823635894,2155.7797836394016,1715.9614581190547,1446.774741399668,1448.198786374165,1447.4831615867097,2000.64
1.3184796215429404,2087.3970695881626,2168.3780414003604,1739.369563719991,1419.5331400119494,1420.6398276172079,1420.0836843096047,2005.9501
1.3204803493449782,1164.234708261187,1214.1988631410895,1690.3525533344084,1395.1575289750613,1395.800787361421,1395.4775309655474,1124.4901
1.3224810771470161,854.8657932910528,930.5427863126437,1623.0683304041615,1379.0696885312257,1379.2987511857204,1379.1836404157852,827.13
1.3244818049490539,797.4379544097518,863.3448361127165,1551.3781935009438,1374.7941652778127,1374.9013872412183,1374.8475050281234,766.06506
1.3264825327510916,995.9267787229574,1047.7609596135762,1506.0170785965936,1382.5302132019642,1383.0294965649477,1382.7785918836253,962.53503
1.3284832605531296,2061.219776389124,2188.0265156225164,1544.5277771575309,1399.1434480049663,1400.668728000205,1399.902229615708,1987.3651
1.3304839883551673,2004.6886617557402,2093.6471648406737,1576.0956649126633,1419.5657160235583,1422.6880680354245,1421.118993648822,1923.6449
1.3324847161572053,1953.3450585471996,2041.8991118880508,1601.5919656318454,1438.7792017475272,1443.7776717977563,1441.2657925163023,1878.5099
1.334485443959243,1930.2112459411173,2002.7039324088626,1621.5773108505937,1453.3330187926604,1459.9945260163245,1456.6469212872312,1836.0299
1.336486171761281,1847.1707841742839,1972.2286108376418,1631.593990324785,1461.7749317670962,1469.3237728008057,1465.5302565446273,1804.17
1.3384868995633188,1864.429503121507,1928.2938542505713,1640.6487445230239,1464.1057798523996,1471.337050038352,1467.7031225413057,1777.62
1.3404876273653568,1857.9890330521591,2390.560370734253,1654.165334365275,1460.8590701870028,1466.4743160959017,1463.6524886732914,1769.6549
1.3424883551673945,1831.9810115470398,2120.143749599136,1661.7344261372014,1452.4397838521154,1455.4816300464995,1453.9530122181916,1782.93
1.3444890829694323,1872.105034027286,1966.6020912520244,1681.3090820558857,1439.02109116344,1439.2240491691614,1439.1220567585929,1801.515
1.3464898107714702,1888.350448865863,1982.3466635514656,1685.4225686438213,1420.8815852363937,1418.7565689303435,1419.824452578396,1817.445
1.348490538573508,1874.915090301096,1589.8521054168818,1669.194532791417,1398.8140140697428,1395.3896198802433,1397.1104794091987,1448.4
1.350491266375546,1435.5289927176595,1526.6785591440698,1647.4764548932765,1374.2519219272767,1370.5744418583247,1372.4224845394522,1387.3351
1.3524919941775837,1337.5226992294101,1595.5372726432945,1618.4061066001345,1349.0070412672712,1345.6523160439913,1347.3381648534569,1297.0651
1.3544927219796217,1427.1786125085835,1465.8165015925329,1600.473507050159,1324.766442870422,1321.6168439600726,1323.1996107203602,1350.1649
1.3564934497816594,1345.487051850582,1402.8316800556381,1570.7002897751308,1302.6493445573155,1299.0297556347136,1300.8487062997572,1281.1349
1.3584941775836972,1241.6789492258674,1258.3396951481948,1537.9542656418155,1283.034999339201,1278.0943537519095,1280.57717452767,1177.59
1.3604949053857351,1257.2010803935189,1306.3159663000445,1510.5872540841062,1265.6684907966412,1258.7868360205043,1262.2450714166541,1198.83
1.362495633187773,1163.0999383157057,1190.6879438426195,1483.2556685735685,1249.9270410937775,1240.970107040934,1245.4712317544165,1129.7999
1.3644963609898109,1150.9987255546428,1184.8488474463938,1451.7328053827073,1235.0964033556825,1224.4601918772394,1229.805203246196,1111.215
1.3664970887918486,1085.743100203485,1101.4517320053499,1417.120441512037,1220.58401858444,1209.0699683059609,1214.8561196781804,1036.8751
1.3684978165938866,1004.3727963714216,1089.778477225918,1384.541753628248,1206.05368319293,1194.65037142781,1200.380873416404,978.46497
1.3704985443959243,994.4130978612874,1036.6033968817483,1350.1132988634765,1191.477568221756,1181.1213435303798,1186.3256532441408,946.60486
1.372499272197962,1459.1495513680536,964.6494093667562,1313.4594146434333,1177.1016154866054,1168.4759721054656,1172.8106134418288,901.46985
1.3745,898.4065692547173,958.7491008913914,1279.0390491982382,1163.3337360534765,1156.7540880568436,1160.0605560992487,866.95496
1.3765007278020378,856.1339976457856,910.0733487072283,1240.3452537980572,1150.5946459611437,1146.0010694465243,1148.309477731239,813.85486
1.3785014556040758,847.4036084683012,895.6787623983836,1204.4518848878306,1139.194185725784,1136.2338223530085,1137.7214926495044,808.54504
1.3805021834061135,782.438913822671,825.4968960441204,1171.2464005633656,1129.2679719307785,1127.4227256378904,1128.350016566056,755.44495
1.3825029112081515,820.0380562731834,853.2668942390416,1136.1959284577836,1120.8130118636918,1119.512678538353,1120.1661345571108,774.0299
1.3845036390101892,754.4420960258325,824.9703688100369,1103.629044701378,1113.7995768943265,1112.4923554897491,1113.1492729723857,736.86
1.386504366812227,774.8060832403625,800.3097426712023,1078.6765682906423,1108.3602315349274,1106.5409634568991,1107.4551995624852,736.86
1.388505094614265,749.6462678299956,783.366262321402,1046.5969967964536,1105.0373535324463,1102.2602704465007,1103.6558369691297,712.96497
1.3905058224163027,677.9825252477634,714.8025566425389,1019.2050494351727,1105.039000660183,1100.943712853737,1103.0017163006382,654.55505
1.3925065502183407,691.1407691184679,696.1676869302472,989.1061758791833,1110.3757388959739,1104.7441228228995,1107.574176737979,659.865
1.3945072780203784,611.3817176497826,678.3106512019705,955.670266457845,1123.6858666945577,1116.5231839071005,1120.1226442044804,601.45496
1.3965080058224164,772.9730898554828,840.0863397004588,939.4929551455702,1147.584882424048,1139.189121726564,1143.408240204045,731.55005
1.3985087336244542,693.3035742650279,718.1658072182624,921.9220283318301,1183.5837192573078,1174.5484450088388,1179.0889379914754,667.82996
1.4005094614264921,855.9938751999304,702.2368611837508,894.8401883490512,1230.961272385032,1222.0683238883212,1226.537293964255,622.69495
1.4025101892285299,583.6813724287927,589.0625235612197,866.8969069493371,1286.222519503658,1278.2369034699996,1282.2499121032458,548.355
1.4045109170305676,2097.267846416612,2206.2692169875713,957.0357866483159,1343.6415315400445,1337.0901866937925,1340.3824315646418,2021.88
1.4065116448326056,2069.462966396762,2210.8604566706877,1045.5199233999829,1396.8360051280729,1391.8785762233063,1394.369831113309,2003.295
1.4085123726346434,2037.2686921052132,2142.656236556701,1119.0474215796294,1440.6737087510228,1437.1308096281223,1438.911221396857,1974.09
1.4105131004366813,2046.6299075020852,2134.4790623391177,1182.580301131317,1472.5832327806781,1470.0948255705027,1471.3453239134453,1958.16
1.412513828238719,2001.8719083169196,2079.2709949279383,1247.765740405633,1492.7236410872533,1490.9384630175723,1491.835567884037,1936.92
1.414514556040757,2021.7041366291248,2082.4616501784635,1298.4932329366084,1503.158151001362,1501.8527875981874,1502.5087713800751,1920.9901
1.4165152838427948,1967.3680433944578,2051.4704345935206,1345.6718706671004,1506.655815228923,1505.7426543747715,1506.2015447566541,1913.025
1.4185160116448325,1993.3530818882305,2073.3454978329455,1389.9225909596132,1505.7428277295521,1505.1992077167672,1505.4723928781016,1894.4401
1.4205167394468705,1958.9369947626815,2063.3089251704237,1431.8662518531648,1502.2809858952091,1502.066873429318,1502.174471286576,1878.5099
1.4225174672489083,1944.1840471497428,2032.8338270226207,1463.466182047658,1497.4909615847582,1497.5083322473436,1497.499602974783,1867.89
1.4245181950509462,2052.174349864543,2400.8829965686105,1503.8558945997288,1492.1743812340324,1492.2811125635887,1492.2274769085382,1976.745
1.426518922852984,1886.537191965975,1964.6939538811491,1529.245414085826,1486.9181020438814,1486.9746928217457,1486.9462542793497,1806.8251
1.428519650655022,1792.8129099380894,1891.6677216033095,1544.8834925421656,1482.189266864357,1482.106594443813,1482.1481397843324,1721.8651
1.4305203784570597,1676.5446762951358,1745.2151360729856,1548.2452829048038,1478.3266015609966,1478.0892531316422,1478.208527748913,1597.08
1.4325211062590975,1880.3531536589444,1931.9711691297427,1569.0502745673436,1475.4761622438646,1475.1394197086533,1475.3086428086983,1804.17
1.4345218340611354,1861.43045219223,1964.4697195455399,1589.0421803155498,1473.5176813467415,1473.1859253416935,1473.3526425626037,1785.5851
1.4365225618631732,1858.0286212268713,1943.4333552717844,1603.8038662769666,1471.9715382537102,1471.7801400257201,1471.8763233055165,1788.2401
1.4385232896652111,1549.2529318122222,1601.8968177610047,1593.054309032265,1469.8893515068453,1470.0153342253714,1469.9520241770351,1488.225
1.440524017467249,1888.2063165392046,1965.6277705418513,1610.4614553340416,1465.7399632083311,1466.4538877239431,1466.0951195046146,1809.4801
1.4425247452692869,1869.520581827183,1945.068347132432,1627.3316603855665,1457.3904112412392,1459.1379534211208,1458.2597617042552,1814.7899
1.4445254730713246,1882.1597876300439,1965.4671803255653,1643.0589468938201,1442.347504529335,1445.809072072452,1444.0695318320315,1822.755
1.4465262008733624,1921.0824992063976,2004.9621502581074,1658.493173350584,1418.37833194324,1424.4381455657158,1421.3929096965778,1836.0299
1.4485269286754003,1919.7439887731603,2012.2471305330102,1675.0105547857022,1384.4314996576786,1394.0127252316502,1389.1978755339724,1841.34
1.450527656477438,1943.1368044559554,2042.5174654967605,1689.2153326832931,1341.4953182052664,1355.2905800556834,1348.3580522869702,1867.89
1.452528384279476,1367.6612706733472,1434.6821880574475,1659.208070367306,1292.8909289684943,1311.092824194451,1301.9458326066588,1312.995
1.4545291120815138,832.417806636215,860.1270005321207,1592.529905117254,1243.6818656281048,1265.836526513406,1254.7031530798936,795.2699
1.4565298398835518,749.8773760237876,796.6926902878016,1524.3547297395994,1199.3438432228681,1224.3829049729593,1211.8000346536264,726.24
1.4585305676855895,672.3574258147034,1132.4557902041552,1448.855774450229,1164.2654854472198,1190.6691030264974,1177.400502977612,654.55505
1.4605312954876275,614.9199062447659,618.5575280493756,1379.108887732899,1140.7115114023695,1166.7075258292673,1153.6437584398216,588.18005
1.4625320232896653,542.7622732506509,573.403641832513,1313.58055931808,1128.5762105008212,1152.3169721157788,1140.3865360768918,532.42505
1.464532751091703,954.8100438107612,1015.4930283556897,1283.6704762349532,1125.8295197628106,1145.5579566508886,1135.6438326536138,912.08997
1.466533478893741,420.70293839953655,497.74969930323607,1214.1734573893496,1129.3125466844538,1143.5521808170415,1136.3963428118716,423.57004
1.4685342066957787,882.0730732143139,927.6443829116707,1185.2635531182734,1135.5482292998888,1143.314886173067,1139.4119110046945,835.09485
1.4705349344978167,1066.1858182264566,1142.5959114565287,1169.1813910838123,1141.3731312513773,1142.3596910849526,1141.863915541442,1018.2899
1.4725356622998544,903.211639038329,949.1887341556633,1141.5994097494497,1144.3520508663487,1139.0260668499716,1141.7025316021168,864.2999
1.4745363901018924,1094.4276677839086,1169.255577753073,1134.3006266562702,1143.0278551074255,1132.6008920359243,1137.8407498813442,1039.5299
1.4765371179039302,989.2522948960509,1056.7142175493793,1121.6549171672623,1137.0650157570958,1123.31779920553,1130.226182788214,930.6749
1.478537845705968,851.4797527919363,853.0781350226007,1097.478121508941,1127.2766797732613,1112.2543434046788,1119.8035124712305,805.89
1.4805385735080059,1015.3863311418236,778.7546893559929,1060.3126514577943,1115.448473537861,1101.0868925612276,1108.3040124682432,705.0
1.4825393013100436,423.0138813308122,467.93574655394934,1015.4906612918885,1103.8821793567165,1091.6704218352354,1097.8071917668553,420.915
1.4845400291120816,519.3539226731206,550.990774081694,973.0550611094436,1094.7229567480515,1085.511213606236,1090.1403874357245,505.87497
1.4865407569141194,563.1111272704987,604.9611583010012,937.4460893742931,1089.2992200160743,1083.2975776085605,1086.31358071884,540.39
1.4885414847161573,599.425897503442,628.5643172643987,906.8939302257314,1087.7607077650841,1084.692259815427,1086.2342458138446,569.595
1.490542212518195,819.5379004140334,859.5897498294817,902.299684368652,1089.1791157433424,1088.4874983017671,1088.8350565555384,795.2699
1.4925429403202328,824.9578149432562,866.5971486743475,892.1787732125476,1092.0360357328007,1093.0558942147852,1092.5433851139662,789.95984
1.4945436681222708,786.0012617453539,859.9492139043066,881.2084291575242,1094.8335609468584,1096.886123850734,1095.8546501837286,763.41003
1.4965443959243085,773.9021428094092,827.1536788724135,868.3566354503125,1096.54440704213,1098.9751402968855,1097.75362482515,750.135
1.4985451237263465,745.0048324628214,814.9901949179542,861.9862515783925,1096.7506703596325,1098.956723619886,1097.8481165016017,731.55005
1.5005458515283843,734.2153294646379,781.43721107842,847.367559919909,1095.5122332569617,1096.9917410414953,1096.2482445488936,715.62
1.5025465793304222,720.7786860997915,785.9273881213663,836.7327462535458,1093.1170033410801,1093.5413224831716,1093.3280895436853,707.655
1.50454730713246,714.2280585619283,744.5081192263835,825.1528559630052,1089.8712671922717,1089.1482781749817,1089.5116015749422,697.03503
1.5065480349344977,727.5218753874191,745.762756621968,812.3883003890753,1086.0040609409798,1084.2913365154466,1085.1520312792654,686.41504
1.5085487627365357,664.774022416048,712.5708646929999,801.3848907940614,1081.6724745164158,1079.3166019335185,1080.5004976998748,649.245
1.5105494905385735,713.28566729758,697.222177013915,790.4440943362413,1077.0059451313703,1074.4225337821395,1075.7207745194844,654.55505
1.5125502183406114,662.7310330722894,679.3248125987628,775.4957877503663,1072.133284124906,1069.6753720582603,1070.9105456881512,630.66003
1.5145509461426492,645.2037512577759,685.5062070260035,764.1276364677774,1067.1774255628152,1065.0492581374128,1066.1187253162925,617.385
1.5165516739446872,616.0947872042317,664.9263271189578,750.800119827663,1062.2319708064488,1060.482900576552,1061.361860183819,601.45496
1.518552401746725,623.7384353497829,665.5876751060556,739.7255308345458,1057.3485058963968,1055.9380189024114,1056.6468304030004,590.83496
1.5205531295487629,605.6621092687404,637.3944945572649,725.3201684758865,1052.5475761607956,1051.4332617803632,1051.993237768437,588.18005
1.5225538573508006,569.7922427757443,603.137180621167,711.9537449580687,1047.8469155468406,1047.0364450618142,1047.4437304909775,545.69995
1.5245545851528384,596.2841858459443,587.1373225795447,698.89849710652,1043.277692773745,1042.8141375340513,1043.047087774964,543.04504
1.5265553129548763,550.5849521017417,597.5427315122714,683.9206930105041,1038.902622378901,1038.7989176317185,1038.8510323394628,529.77
1.528556040756914,540.6430255208969,580.3382766352328,668.6180094491292,1034.844836659452,1035.0183034018644,1034.9311312247964,505.87497
1.530556768558952,529.4740533086456,579.1464827073661,656.6416084686,1031.383627048356,1031.6398739089016,1031.5111022700853,516.495
1.5325574963609898,531.9621571570052,583.7964039934251,647.0426573696868,1029.154910822116,1029.2371882298723,1029.1958413949812,511.18503
1.5345582241630278,531.5108686139542,542.2346576896531,633.2513059136886,1029.4333487525446,1029.112702981813,1029.2738369808353,489.94504
1.5365589519650655,486.1470496034218,538.8695066216844,620.4482029023211,1034.362866889025,1033.5242827774084,1033.9456961368082,474.01498
1.5385596797671033,473.94368811588504,482.5054003987548,607.2132490446832,1046.8948427959879,1045.5795304087071,1046.24051384985,434.19003
1.5405604075691413,466.21744949499697,468.47634718330204,594.7235382024506,1070.1915434805273,1068.57967972476,1069.3896890139931,439.49997
1.542561135371179,417.79373365020626,456.791829334005,580.2644212210403,1106.4652959001694,1104.8088860058353,1105.6412810493912,407.63998
1.544561863173217,448.7228345190569,451.7417889688476,564.3111110275414,1155.6272321148354,1154.1617176370494,1154.8981820784543,423.57004
1.5465625909752547,458.33471589552073,517.5385914178544,556.4491134630606,1214.4709688047767,1213.3375085951752,1213.9071059296075,428.87997
1.5485633187772927,1955.571460757544,2034.494394088414,664.0489021501504,1277.0544742514944,1276.2571583988886,1276.6578332355507,1870.545
1.5505640465793304,1907.1463170331895,2029.0734154816766,755.2851657821445,1336.343272705607,1335.7517954686723,1336.0490303029271,1849.305
1.5525647743813682,1908.9679574057266,2008.605182081859,841.7909602313661,1386.3969347463033,1385.7931725579094,1386.096580944218,1841.34
1.5545655021834062,1898.1329257874445,1969.3429799753983,920.0518550684881,1424.020476680163,1423.1755713215582,1423.6001612948385,1825.41
1.556566229985444,1894.6796748273619,1951.6226951650444,990.4466304283941,1449.163821763626,1447.9212539654168,1448.5456810954706,1820.1
1.5585669577874819,1927.906805404983,2025.231405050391,1062.372319815859,1464.1305078340215,1462.464414589627,1463.3016758034605,1843.995
1.5605676855895196,752.9568138666677,820.4589870375354,1033.369469605668,1472.2432174220844,1470.269206397343,1471.2612054179597,720.93005
1.5625684133915576,1865.7234262892289,1958.1967197709073,1095.0732029418812,1476.6664822587527,1474.6042932352175,1475.6406043125285,1806.8251
1.5645691411935954,1883.5447960870715,1938.7332555358457,1153.45110317084,1479.7450463367286,1477.8551656623695,1478.8048866895317,1804.17
1.5665698689956333,1275.2237574590308,1325.7364774587415,1158.8624624522245,1482.8448787325783,1481.369422066068,1482.1108827518472,1217.4149
1.568570596797671,680.1191577384537,695.0506257191646,1115.2447273707373,1486.5069255478925,1485.6353698229793,1486.0733523948545,646.58997
1.5705713245997088,1972.1392905816554,2040.4712091948877,1176.4699655048357,1490.732787757739,1490.5951860415455,1490.664334980426,1881.1649
1.5725720524017468,1949.8213969092744,2043.0006953834354,1231.177667825816,1495.2663691812074,1495.9493649813942,1495.6061393578393,1862.58
1.5745727802037845,1956.3850388804287,2042.647545275479,1287.9097832432158,1499.7928554208243,1501.371549583379,1500.5782089973945,1873.2001
1.5765735080058225,1963.8582067749962,2043.048613417016,1334.860424286812,1503.9986126127833,1506.59107914523,1505.2882879100564,1886.475
1.5785742358078603,1955.829210985308,2080.1145528996312,1378.5353299953638,1507.4964376619853,1511.348768173858,1509.4128579651647,1897.0951
1.5805749636098982,1997.5066149186534,2098.831434525206,1419.2427286950626,1509.6475765941034,1515.2525371382023,1512.435878416111,1913.025
1.582575691411936,2014.1990393553324,2100.9492153507013,1460.4090078411618,1509.402838021284,1517.6223443790384,1513.4917989288608,1931.61
1.5845764192139737,2026.0262800307196,2121.040536746066,1500.154319482612,1505.2610690047768,1517.3768354214121,1511.2883038637433,1942.2301
1.5865771470160117,2032.3319711917188,2153.8797512068395,1541.1814999503517,1495.434085071217,1513.0175603345212,1504.1813430988434,1966.1249
1.5885778748180495,2054.036110577601,2172.369335595442,1573.1767412841075,1478.223056163276,1502.7401843712646,1490.41960111928,1984.7101
1.5905786026200874,2101.767228771245,2188.501130666908,1608.2847250208733,1452.496535819817,1484.681478597063,1468.50759136266,2005.9501
1.5925793304221252,2105.245308856845,2544.0688672901606,1635.3381462160332,1418.0821742081105,1457.2998673169882,1437.5918146935467,2021.88
1.5945800582241632,1422.624663641909,1827.6533788521097,1618.3667779264158,1375.9231942558572,1419.873334694243,1397.7870870875147,1358.13
1.596580786026201,706.9226452205968,738.5717968334311,1539.9117636263154,1327.9850349662806,1373.029671011264,1350.3934069374513,678.44995
1.5985815138282387,560.3899716231676,585.9335571740348,1461.3283366286823,1277.032983719622,1319.1274988183568,1297.973757918275,537.735
1.6005822416302766,413.682013093587,419.61666617073917,1376.3239117013109,1226.3644830139342,1262.2092126721884,1244.1961741077657,386.4
1.6025829694323144,2046.9905687301416,2161.7554350843525,1423.242320173225,1179.4955468297899,1207.3704636099383,1193.3624921249232,1971.4349
1.6045836972343523,1979.6790840889169,2061.3597377086303,1460.6468720967682,1139.7765520275802,1159.7062857663827,1149.6910041381375,1899.7499
1.60658442503639,1256.8193957542894,1318.4316715233638,1440.6796029735754,1110.03462988806,1123.3187810875772,1116.6431015627513,1212.1051
1.608585152838428,449.7453653391716,503.52023439685496,1361.1044997278677,1092.4201270311971,1100.876323680276,1096.6268343466852,436.84494
1.6105858806404658,586.7389091277513,629.168228908177,1297.4502567987113,1088.5040430649908,1093.8214586150457,1091.1492997710704,566.94006
1.6125866084425036,562.6985032088234,615.6003434304325,1237.1822437089006,1099.4029719222322,1102.82756193452,1101.106603998812,537.735
1.6145873362445415,443.6842157587883,493.1146839236462,1172.5842063443745,1125.5918973224032,1127.9284694470766,1126.7542727327598,431.535
1.6165880640465793,652.5245178428197,653.5750781848459,1130.4014579499128,1166.2992836123024,1168.0703562791632,1167.1803397954925,612.07495
1.6185887918486173,397.21744064485034,433.7028890602804,1064.85380269829,1218.8192610733595,1220.4109056333132,1219.6110570889762,391.70993
1.620589519650655,1650.002291246626,1750.385066254334,1110.8435166884003,1278.3346209228475,1280.0429788188733,1279.1844783654917,1586.4601
1.622590247452693,1442.3511569882098,1497.2931739447195,1132.8665128881394,1338.6415630204413,1340.6348546969457,1339.6331665776227,1389.9901
1.6245909752547307,2123.0837053153696,2212.834850005494,1203.5885538685377,1393.604345421362,1395.8745997179853,1394.7337296769497,2021.88
1.6265917030567687,2094.2531885681387,2372.8842718697297,1266.825167152331,1438.6847454812646,1441.0533919377272,1439.8630769214742,2008.6051
1.6285924308588065,2079.3909235361234,2133.3680125927845,1325.2552346338373,1471.8271735824092,1474.0205475199675,1472.9183121369663,1984.7101
1.6305931586608442,2029.826229625119,2146.944788577365,1373.5332545931146,1493.384507173177,1495.1392196547133,1494.257424648844,1966.1249
1.6325938864628822,2025.971937174806,2103.7892919351593,1422.4480921200948,1505.2914411827865,1506.4372242242182,1505.8614343017236,1942.2301
1.63459461426492,2019.6172199381062,2083.447343729878,1463.3643986500551,1509.997301208206,1510.4835311497866,1510.2391861994306,1928.955
1.636595342066958,1998.8688775978676,2093.113535914694,1497.6398875427485,1509.6004480875567,1509.4761242824184,1509.5386006776314,1918.3351
1.6385960698689956,1991.3113992664091,2038.0303619883694,1534.9855548850906,1505.4072019536238,1504.789165733205,1505.0997472434788,1899.7499
1.6405967976710336,1958.4927339112955,2046.250093351558,1559.2929482801635,1497.9239169352163,1496.9821916627811,1497.455436511081,1886.475
1.6425975254730714,1967.7870472119146,2089.910058886296,1584.7152815677293,1487.2013566607266,1486.1615918711939,1486.6841044812859,1873.2001
1.6445982532751091,1967.4011085381185,2044.176487153548,1609.5349248609264,1473.4138668931153,1472.549684634617,1472.983961821178,1862.58
1.646598981077147,1780.615175555974,1855.213810578123,1619.7105415021415,1457.4726240655991,1457.0600995642076,1457.2674053473222,1713.9
1.6485997088791848,1237.6648340010033,1331.4462839091047,1579.4271039664293,1441.36202561183,1441.5973239922218,1441.479079585288,1193.5199
1.6506004366812228,856.7479257371311,867.5191439602215,1518.456756384873,1427.8926289107503,1428.8113802060896,1428.3496804618917,805.89
1.6526011644832606,1900.7024243425185,1962.0298178490586,1542.3828463565992,1419.8159190491879,1421.2665215293855,1420.537550808541,1806.8251
1.6546018922852985,1867.1778281116608,1942.6828911764946,1561.604198087856,1418.6874812122214,1420.3859612571066,1419.5324247165577,1798.86
1.6566026200873363,1127.3648626870372,1195.5417639537477,1526.720568735598,1424.101636944611,1425.745913480746,1424.9196158091397,1087.32
1.658603347889374,733.6174860608614,803.4190189180449,1457.9325128691128,1433.7720921302944,1435.151500944374,1434.4583071498882,707.655
1.660604075691412,1873.909196406651,1962.7117710073817,1490.583799944386,1444.373066654401,1445.4223451011128,1444.8950515964432,1814.7899
1.6626048034934497,1887.314189337502,1952.2654956416952,1516.0742410171495,1452.6042349566872,1453.3871015780248,1452.9936879081379,1822.755
1.6646055312954877,1894.5837336505376,2017.6504575780082,1542.4264845912946,1455.9002961414383,1456.5666523689395,1456.2317886236117,1830.7201
1.6666062590975255,1905.7148960156255,2034.6408094372116,1562.2883134169308,1452.5745691464688,1453.3527262929674,1452.961679273707,1838.6849
1.6686069868995634,1925.5727950232335,1982.3027412922054,1586.0439110456603,1441.599922100321,1442.861753462796,1442.2276458210097,1849.305
1.6706077147016012,1950.9203180013758,2049.5658877678065,1611.3056024984926,1422.388480914883,1424.7627586303802,1423.5696137396349,1870.545
1.672608442503639,1690.2064697809565,1757.1498889798827,1610.5856507853166,1394.8099076638343,1399.2500092319135,1397.018726654578,1605.045
1.674609170305677,1629.2040776830095,1707.2061397051152,1605.9137469975292,1359.4475575441866,1367.1288094772044,1363.2687528214099,1575.84
1.6766098981077147,1191.2255650707816,1214.9595805099611,1568.2757989135496,1317.8978558332635,1329.8726427885347,1323.8549575867614,1132.455
1.6786106259097526,706.7800342599189,767.9399864941763,1496.699377276735,1272.8502811200883,1289.533800474223,1281.1498377443738,681.105
1.6806113537117904,1894.9793114607332,1989.8090444834988,1523.0277373165056,1227.762041612971,1248.488239047974,1238.072710816906,1820.1
1.6826120815138284,1146.0352118356868,1201.4422257725503,1486.9806946477947,1186.1499494582117,1209.0906131041029,1197.5622499978203,1092.63
1.684612809315866,673.7545085928149,1160.7370628324657,1420.321229980927,1150.7659139537918,1173.354342819327,1162.002988125237,659.865
1.686613537117904,603.3331796495211,620.4152047816569,1356.783915071431,1123.005015334737,1142.716125275644,1132.8107085826387,574.905
1.6886142649199418,697.5198264009005,691.5513843287064,1299.4067973411961,1102.815722300967,1117.9286784474866,1110.3339702578826,667.82996
1.6906149927219796,812.0355138009103,846.9390570633593,1260.0572457651401,1089.1184685998062,1099.1016731224029,1094.0848170942909,774.0299
1.6926157205240175,635.3953777308001,695.3736299965755,1206.8673938360223,1080.525432906657,1085.9241350172344,1083.2111272684574,606.765
1.6946164483260553,683.5096832218994,676.5208955396234,1160.085811709815,1076.0894670115695,1078.074357288248,1077.0768911212315,628.005
1.6966171761280933,668.5139292710155,688.2126695026415,1117.2240035583984,1075.864436245495,1075.7269533010742,1075.7960425536203,649.245
1.698617903930131,506.6542816571657,553.4181593914874,1066.1393273335448,1081.1261633935392,1079.9391118291194,1080.5356404070083,492.59995
1.700618631732169,527.669347374309,579.8083571013951,1023.269395759188,1094.1254831058475,1092.628425748329,1093.380741421267,513.83997
1.7026193595342067,545.0719454685144,575.4069254743247,987.6939925182581,1117.2999639502036,1115.94227960937,1116.6245562124557,529.77
1.7046200873362445,834.4238032027905,882.3243173360922,972.3212623284975,1152.0724993962608,1151.1127663114958,1151.5950606189783,808.54504
1.7066208151382825,737.4415992521969,769.428363803317,947.3494531308376,1197.6734636724807,1197.2654224179355,1197.4704752366922,694.38
1.7086215429403202,513.4818419915033,525.5465934421512,909.8167392294973,1250.622704440751,1250.8632631200383,1250.7423752570714,476.67
1.7106222707423582,1921.9051948656313,2039.3663091989006,984.1498585951387,1305.3209215322076,1306.2637601425452,1305.7899558089664,1851.9601
1.712622998544396,1899.4099264821243,2045.0710586670023,1050.7032135611207,1355.6154791533932,1357.2634174865905,1356.4352796534786,1833.3749
1.714623726346434,1901.2298626531995,1956.0373520301002,1115.3047920767779,1396.6295417434405,1398.9149021583921,1397.7664408453732,1820.1
1.7166244541484716,1875.1208820623783,1994.5394920967344,1173.8896253649632,1425.9736646032654,1428.7460268947657,1427.3528327112006,1806.8251
1.7186251819505094,1889.3427404068161,1974.311310900773,1224.8255841614807,1443.8767224959165,1446.9098225414318,1445.3855999120378,1806.8251
1.7206259097525474,1870.3569512502156,1983.0056127642652,1268.342095320544,1452.4131349122051,1455.4415294185274,1453.919671461981,1793.5499
1.7226266375545851,1827.6122180809707,1948.0111302048974,1306.3356344498845,1454.4056117390921,1457.1857726901305,1455.7886594491097,1772.3099
1.724627365356623,1800.7741639784608,1869.7946758400578,1336.9383401755676,1452.549356686252,1454.923030196573,1453.7301889368282,1711.245
1.7266280931586608,1820.3450877412088,1899.680466092066,1372.9184350581102,1448.9868101544291,1450.9159899136987,1449.9465199321216,1727.1749
1.7286288209606988,1738.9044702845,1824.1554125402758,1396.191207638118,1445.2603590371014,1446.8130324014135,1446.0327680374203,1676.7301
1.7306295487627366,1755.4309553042058,1831.736660171877,1418.2409761562074,1442.4429850599004,1443.7359699141584,1443.0862067198193,1690.005
1.7326302765647743,1735.862757735574,1831.4598486205718,1437.4733701823525,1441.2747288511393,1442.405913513144,1441.8374597087927,1663.455
1.7346310043668123,1728.1506885110944,1793.0325305519402,1457.0048401756455,1442.2191048986656,1443.2266242487417,1442.7203159272576,1655.4901
1.73663173216885,1754.1604658423864,1842.8638692137995,1471.8248148261932,1445.4285135715127,1446.2955285891635,1445.8598278572072,1676.7301
1.738632459970888,1748.2596614964461,1808.809372197051,1488.5174865511115,1450.6669842929264,1451.3601419681402,1451.0118097013358,1655.4901
1.7406331877729257,1733.0741430356964,1777.867511110682,1499.8450557745298,1457.2802051532772,1457.7903297569635,1457.533977031013,1666.11
1.7426339155749637,1938.5301742764761,2031.4045407972803,1536.202550015109,1464.276354991704,1464.6354651074255,1464.4550016355277,1870.545
1.7446346433770015,1931.5579104747633,2047.7832489517186,1557.4753934392625,1470.5415634669293,1470.8162173020578,1470.6781956132015,1870.545
1.7466353711790394,1922.748126630072,2017.1674289953348,1583.8075360505645,1475.110736357029,1475.3930600429578,1475.2511840268526,1854.6151
1.7486360989810772,1920.0612165598895,1967.1179467352556,1601.0334354036795,1477.3920566076495,1477.808163735741,1477.5990575765732,1843.995
1.750636826783115,1928.168117213776,2022.3342307710082,1621.2862215043178,1477.2792937614404,1478.0077794105428,1477.6416937902572,1830.7201
1.752637554585153,1892.1266771068783,1992.975365342751,1639.473347100867,1475.156255410282,1476.4250107579737,1475.787423608491,1822.755
1.7546382823871907,1807.0102845212293,1899.9301982374436,1647.488490777726,1471.830878125793,1473.8641349536829,1472.8423631618089,1732.485
1.7566390101892286,1159.861030715877,1211.8728140176033,1604.2998297507406,1468.408676679558,1471.3340433821807,1469.8639599492237,1113.87
1.7586397379912664,1119.016822797002,1172.3261940775515,1559.136496104801,1466.0826982197743,1469.8484954573125,1467.9560707825474,1060.7699
1.7606404657933044,1917.600654930796,2011.4751483603845,1578.2988350057851,1465.8421077970397,1470.2036866561373,1468.0118640663245,1812.1349
1.762641193595342,1875.3771333187062,1959.4655263616312,1595.6509296604931,1468.1829279366912,1472.7782086653951,1470.4689439626154,1806.8251
1.7646419213973799,1737.6196466116564,1858.6033785412008,1606.915384220646,1472.9624368898708,1477.4381045298278,1475.1889489477178,1674.0751
1.7666426491994178,1717.3113025951413,1795.4323549961794,1606.7542991395978,1479.49180744364,1483.6078510290217,1481.5394171883092,1636.9049
1.7686433770014556,1939.7019849848907,2008.9657533733096,1626.969439565403,1486.8355159520297,1490.494762804499,1488.6558828548189,1854.6151
1.7706441048034935,1964.73995568227,2075.9802415143363,1647.8310627579851,1494.1459982270426,1497.351617923931,1495.7406990587742,1865.235
1.7726448326055313,1968.9421968176616,2063.3951300710482,1665.7393554766518,1500.8630610554728,1503.6525387474805,1502.2507435681114,1883.82
1.7746455604075693,1963.1538269418054,2074.2996067641247,1682.276187361208,1506.6846882391717,1509.0903316932202,1507.881424589633,1889.13
1.776646288209607,1988.3785073823701,2071.698522189291,1701.6097395928969,1511.347923745288,1513.3946146733474,1512.3660918481487,1902.4049
1.7786470160116448,2011.1859126935574,2079.519418165978,1716.3329720240465,1514.3363772224873,1516.0529376171216,1515.1903151651875,1918.3351
1.7806477438136827,2024.3177100024934,2114.1798856123614,1731.810737760296,1514.6604128883846,1516.0786334846048,1515.3659356197822,1934.265
1.7826484716157205,2037.149666302975,2156.931787797809,1754.9592592451993,1510.8487991509558,1511.990955489156,1511.4169880924774,1950.195
1.7846491994177585,2065.98320174382,2145.962406160179,1768.6011167426777,1501.2519987643682,1502.1277294413055,1501.6876488323537,1971.4349
1.7866499272197962,2089.335502163473,2174.1253582229742,1786.9105760211642,1484.6409148269381,1485.2688556994738,1484.953296808083,1992.6749
1.7886506550218342,2111.2453317205755,2221.0093109246036,1804.9862476362437,1460.896088875715,1461.3385590861335,1461.116204697082,2011.2599
1.790651382823872,2113.504489354201,2200.9313044745318,1821.530930998766,1431.418981071286,1431.800306241004,1431.608679046345,2021.88
1.7926521106259097,1276.9517363565103,1353.74266150759,1777.3619848381372,1398.9389576295655,1399.4226337305877,1399.1795721607705,1228.035
1.7946528384279476,1333.2545827918873,1415.125550946335,1736.1738923361195,1366.6932691500592,1367.4197296536247,1367.054661728967,1278.4801
1.7966535662299854,1359.7974435356002,1410.215054093397,1699.3238081441427,1337.3508386423555,1338.3642339809264,1337.8549728011455,1291.755
1.7986542940320234,1305.1000922606531,1387.6420904020686,1662.389527766794,1312.2299340382401,1313.4319416358637,1312.8278972082128,1262.5499
1.8006550218340611,2032.7213209174124,2137.597595375581,1688.1563852766512,1291.1659843991833,1292.3239426432513,1291.7420343207377,1947.5399
1.802655749636099,1318.478542650509,1383.520863897938,1649.2848682909741,1272.9794071346955,1273.7890253240785,1273.3821681987254,1270.515
1.8046564774381368,1226.7652259611552,1304.555062707527,1616.5238899572037,1256.1840859020954,1256.3595376992362,1256.2713679733592,1177.59
1.8066572052401748,1183.6949379762875,1219.5111771617965,1579.2068935983955,1239.560318979611,1238.9097028808933,1239.2366567452013,1121.8351
1.8086579330422126,1118.1098392068639,1162.4553914658677,1536.239208082963,1222.4160217802828,1220.8698095119378,1221.6468269837956,1071.39
1.8106586608442503,1094.2531614294362,1124.0749819296132,1499.645940523333,1204.5798561378515,1202.1689061775555,1203.380479957739,1050.15
1.8126593886462883,1005.485193105116,1067.5736588073246,1453.4858675075097,1186.2616130895576,1183.0718915892166,1184.6748211396196,981.12
1.814660116448326,947.8055676946703,975.5020175323544,1415.663355521029,1167.886553316985,1164.0281807412425,1165.9671272660285,901.46985
1.816660844250364,866.4087740408804,899.3929884812787,1366.8119398359736,1149.9514974251445,1145.563166089679,1147.768432591417,824.475
1.8186615720524018,821.0249136132593,851.3456976274289,1317.4727139009103,1132.9051562182942,1128.1821306783133,1130.5555909332393,763.41003
1.8206622998544397,766.4866538563452,783.3401836458473,1269.1635318645242,1117.095549488247,1112.308635664284,1114.7142016746209,739.515
1.8226630276564775,734.0984318616547,738.5194181396935,1223.3900485616211,1102.803657390175,1098.2797161649858,1100.5531306537948,702.345
1.8246637554585152,715.105641313904,740.4171456985131,1181.4845512715806,1090.4077841020492,1086.4682426908128,1088.447978960086,683.76
1.8266644832605532,648.0896566423179,675.7479277215834,1137.8306121248777,1080.6602986302835,1077.5442577879544,1079.110160624894,604.11
1.828665211062591,561.6544882793253,603.4841952588839,1085.19121072306,1075.0089137958205,1072.8213935576557,1073.920687283294,540.39
1.830665938864629,488.7236855553378,503.8232683436858,1038.1012946787464,1075.7977838482154,1074.5126654907563,1075.1584755374065,466.05002
1.8326666666666667,423.5428355091766,466.6002616716549,988.4764777743252,1086.110745396959,1085.6270427090108,1085.8701176395457,399.67502
1.8346673944687046,670.1108915091263,695.9969086475427,961.2084942308029,1109.0517922673062,1109.2723467170078,1109.1615115720392,641.28
1.8366681222707424,585.0917712347687,635.4822538710921,929.4194909488148,1146.4944945212544,1147.3858219225442,1146.9379034975473,566.94006
1.8386688500727801,537.4761136061859,562.9955841944447,891.9924667248437,1197.7367589157238,1199.3421322745019,1198.535384602036,513.83997
1.840669577874818,473.3731439865985,476.079852114477,860.8773971458402,1258.811492442848,1261.2148733324223,1260.0071032345124,442.155
1.8426703056768559,2093.4017871101923,2404.711989846232,951.8095217694708,1323.071258008722,1326.3333007745653,1324.694027645708,2021.88
1.8446710334788938,2096.2550599178876,2208.3640283541595,1034.2707244043763,1383.0178697211386,1387.1128871766173,1385.0550195890867,2011.2599
1.8466717612809316,2061.37247600198,2175.723269169497,1112.4674341087107,1432.5614931695652,1437.3428939748944,1434.9400984197457,1987.3651
1.8486724890829696,2064.758528297098,2166.487375649943,1177.0995711730206,1468.5927653383746,1473.803198348299,1471.18480140013,1968.7799
1.8506732168850073,2004.4890911269697,2126.7497480982947,1243.070553592019,1491.1837510847024,1496.5110289210972,1493.833913986063,1942.2301
1.8526739446870453,2002.234588223366,2076.852307858029,1296.6218184936176,1502.573018622628,1507.7323408136954,1505.139628566176,1928.955
1.854674672489083,1996.8777387898367,2126.6321047171355,1343.6288290731916,1505.6780088072305,1510.4848848032927,1508.0692872100904,1913.025
1.8566754002911208,2000.0769377648746,2083.809363753917,1390.0877749202684,1502.920254603193,1507.318692079049,1505.108346942367,1902.4049
1.8586761280931587,1966.676328898374,2071.922013203015,1429.1299638348555,1495.768024434292,1499.8031902946368,1497.775399906783,1889.13
1.8606768558951965,1955.2726642734317,2050.122935091251,1465.5197307963335,1484.9715925547146,1488.7297590034977,1486.8411690261462,1883.82
1.8626775836972345,1962.3882158879746,2053.8979757388265,1493.9466772117487,1471.2064156071408,1474.7646613160164,1472.9765374331819,1862.58
1.8646783114992722,1626.57329608563,1705.7970542089613,1501.5265163696647,1455.7351665219048,1459.1529842034345,1457.4354295645649,1578.495
1.8666790393013102,1241.511057036184,1344.4768103896188,1481.414971129616,1440.7074761097335,1444.0591871390864,1442.3748530513656,1217.4149
1.868679767103348,1231.7004614865775,1252.845459798454,1456.728115658946,1428.842784307228,1432.2575308936584,1430.5415195710584,1177.59
1.8706804949053857,1884.0179518468312,1994.2209728223036,1488.0602371840537,1422.5487112231713,1426.217365327376,1424.3737579550059,1814.7899
1.8726812227074237,1863.9624913506814,1948.200915751653,1510.080933606126,1422.8957932448502,1427.0252209266569,1424.9500611809829,1801.515
1.8746819505094614,1345.5243252191547,1410.5928868457631,1492.0861703184623,1428.9937592045517,1433.7248794117822,1431.3473513467563,1283.7899
1.8766826783114994,1179.5741681355669,1262.8814402589185,1463.1124366301153,1438.123293719901,1443.4582569825407,1440.7772798931353,1129.7999
1.8786834061135371,1886.0387956889717,1999.7734025404075,1491.948619396354,1446.482468115853,1452.2653652073864,1449.3592880987844,1817.445
1.880684133915575,1888.5046333487617,2018.545149131553,1519.3833977522888,1450.116930322089,1456.0813487517523,1453.0840517931144,1828.0651
1.8826848617176128,1919.8676812987367,2022.4585698173223,1543.5217670614943,1445.6690235460069,1451.5226091597858,1448.5810089745862,1833.3749
1.8846855895196506,1936.556564526129,2013.0349703855711,1570.0869181160483,1430.885103435638,1436.3795299697035,1433.6184178622582,1851.9601
1.8866863173216886,1924.7989033065223,2030.3724152034026,1595.9737633739712,1405.003445894686,1409.9547206789848,1407.466558416835,1849.305
1.8886870451237263,1973.0345218822595,2014.5070121007584,1612.2685737822633,1369.0458112967085,1373.3134419070177,1371.1688310954667,1873.2001
1.8906877729257643,1459.6725326087737,1534.5741247794392,1598.7003556821664,1325.817337280081,1329.285993967439,1327.5428912220195,1413.8849
1.892688500727802,1083.6850309567155,1185.7985575615862,1554.7916214858128,1279.4137716956513,1282.0152463027355,1280.7079282431896,1058.1151
1.89468922852984,983.0844322629875,1038.522682531651,1508.6012258980588,1234.2975115648755,1236.0660211016937,1235.1772926668034,951.9149
1.8966899563318778,855.3507949521716,870.6118839766932,1452.1381797954487,1194.310477510474,1195.4214034981035,1194.863130277795,821.81995
1.8986906841339155,698.442473294216,773.3248248281433,1387.5670996940903,1162.0353789113806,1162.7787838866834,1162.4052008629924,667.82996
1.9006914119359535,535.0173377158803,582.9234000113961,1316.8878940235254,1138.6619330959388,1139.3510038763325,1139.0047253952507,516.495
1.9026921397379912,669.3311100706716,719.1596744741014,1265.9915406049547,1124.1917617979677,1125.060484605343,1124.6239256584563,638.625
1.9046928675400292,1012.3152671440897,1065.3379363766028,1240.3357167913634,1117.6993290485698,1118.8512099776033,1118.272355685937,986.43005
1.906693595342067,734.9683637254416,765.3001921268032,1200.5961317948127,1117.503074631253,1118.9275273068404,1118.2116976375087,689.06995
1.908694323144105,467.79897589835167,505.43391611893327,1139.4863413000955,1121.3217889242567,1122.940719578938,1122.1271589636415,450.11996
1.9106950509461427,659.158404471245,670.4875650171764,1097.0861808759657,1126.5519789445805,1128.2464153530143,1127.3949108595762,620.04004
1.9126957787481806,1236.0632656799698,1293.2669567615544,1101.1672334572274,1130.7044443338714,1132.3062695299238,1131.5013049143429,1182.9
1.9146965065502184,1137.888143122033,1165.5669204081016,1103.8246460302773,1131.8733231657575,1133.1529900782937,1132.509919544218,1087.32
1.9166972343522561,1003.754809901849,1045.1172016430278,1094.08760996103,1129.0884439159777,1129.779579191424,1129.432263240417,957.225
1.9186979621542941,905.5117849467703,968.0212192566034,1071.8795561109782,1122.4533953238072,1122.3235739138402,1122.388813018348,864.2999
1.9206986899563319,827.6643943098168,853.4763714919192,1048.4119556911667,1113.1046441851354,1112.0389148195648,1112.5744753983247,787.30505
1.9226994177583698,520.6808484279954,572.6873217294918,1004.4908554917428,1103.0835717611333,1101.1320037191729,1102.112724476062,484.63498
1.9247001455604076,711.7061544270426,725.8054269369702,979.723197491651,1095.180607623153,1092.5436301331906,1093.8687894431666,681.105
1.9267008733624456,684.6748541730934,712.3976793042866,951.3633290953399,1092.7294605567465,1089.6946788701155,1091.2197465739894,649.245
1.9287016011644833,603.1975246958971,630.3393562287154,924.4472996772371,1099.2401614922214,1096.108836783831,1097.6824202162554,580.21497
1.930702328966521,577.3143045346125,592.8086103478452,895.6772258911022,1117.7273926906837,1114.7651991022642,1116.2537891363418,537.735
1.932703056768559,488.31908339091376,554.4595219501932,859.3014195884111,1149.7364562612197,1147.1612047976994,1148.4553449507355,476.67
1.9347037845705968,476.57060526328917,468.83168778737144,824.2472766044724,1194.3498480085036,1192.3463224454517,1193.3531533959467,436.84494
1.9367045123726347,736.5170059594553,772.4311946206248,816.3978787991161,1247.7251743443703,1246.4660053697535,1247.098775082767,707.655
1.9387052401746725,1936.470713423021,2060.5372353167227,902.6994488785921,1303.6457839644795,1303.2975575202872,1303.4725516248095,1875.8551
1.9407059679767105,1946.881857471117,2041.7988757559488,978.0677362013616,1355.055368733773,1355.7589358096163,1355.405372510614,1867.89
1.9427066957787482,1920.5815305009264,2025.9945683797177,1048.6555826115484,1395.9459128652318,1397.7730261007446,1396.8548475711073,1851.9601
1.944707423580786,1930.5464628222396,1996.8323311290885,1112.799693132254,1422.7639252271981,1425.6680225580806,1424.2086276145346,1843.995
1.946708151382824,1898.8019350999339,1998.5204064761979,1167.1856636045547,1434.8710673418796,1438.6604642238765,1436.756180028624,1830.7201
1.9487088791848617,1892.9838114967351,2011.543207042479,1222.160273964406,1434.2159102051558,1438.5761672006624,1436.3850088864647,1822.755
1.9507096069868997,1659.9861557599036,1737.400724067472,1250.1119645300832,1424.6762464623862,1429.2473783955863,1426.9502491779626,1615.6649
1.9527103347889374,900.2418798330735,943.9214693867909,1220.824129719291,1411.3375211557627,1415.8205179487945,1413.5676792501363,869.61
1.9547110625909754,514.3558308929526,546.2315584129547,1168.4054417352938,1399.621039296229,1403.8625331581493,1401.731056836973,521.80505
1.9567117903930131,1871.0357686572338,1992.2444530164667,1219.7502514081002,1394.1335847150237,1398.142048344842,1396.1276766188894,1814.7899
1.9587125181950509,1760.912939740919,1860.5376700649895,1254.5903598013908,1397.4646393164503,1401.3495917000807,1399.3972880343963,1682.0399
1.9607132459970888,1100.3603880366225,1146.3332572090471,1241.9314487123736,1409.5036558095867,1413.3762628212007,1411.4301630706898,1047.495
1.9627139737991266,650.856345233607,667.506082102347,1186.4210958620436,1427.74685934481,1431.6402677185172,1429.6837146673079,620.04004
1.9647147016011646,1919.9155733918244,2008.2912872066968,1241.8771915394773,1448.5014237970017,1452.348988646792,1450.4154733244793,1854.6151
1.9667154294032023,1950.3023416559838,2040.7052113768314,1293.3105920093599,1468.3411843733506,1472.0088028577995,1470.1657159150373,1873.2001
1.9687161572052403,1961.891828124663,2052.1780894309054,1334.4286540079631,1485.0899986685167,1488.4308940223968,1486.7519951320187,1883.82
1.970716885007278,1959.0952291984395,2085.5485475312307,1384.0814165118218,1497.990426208389,1500.8913617905837,1499.433555719421,1894.4401
1.972717612809316,2010.3919759102682,2077.2843246836783,1424.4380078145805,1507.2593186649037,1509.6675380385839,1508.4573364590692,1913.025
1.9747183406113538,2016.7048611587832,2111.57937273916,1464.4525639534488,1513.4415456400782,1515.3757765116334,1514.403768196492,1926.2999
1.9767190684133915,2022.8806564765441,2118.4380199110155,1504.36988627973,1516.8943529646886,1518.445837967911,1517.666170790571,1944.8849
1.9787197962154295,2036.9152814351219,2122.0726445131977,1537.310282014615,1517.5148315775414,1518.8367187592705,1518.172431289137,1955.505
1.9807205240174672,2058.4488358828708,2149.720018353039,1573.9959485533057,1514.6776310843638,1515.9559165930848,1515.313540255351,1974.09
1.9827212518195052,2059.0985468132835,2190.559724668142,1606.0095551306554,1507.3424528164276,1508.7461988418022,1508.0407748776436,2000.64
1.984721979621543,2099.988705394128,2221.159108457372,1642.6305623956841,1494.3317977008435,1495.9520331785807,1495.137816851043,2019.225
1.986722707423581,2006.2881128521515,2107.935593012561,1665.9422448734347,1474.7584045109616,1476.5602773881499,1475.654782886324,1934.265
1.9887234352256187,1449.4338069515736,1514.3633756017787,1644.038971606002,1448.4968928535031,1450.3118386726615,1449.399774630206,1403.265
1.9907241630276564,1411.073451758806,1505.0436960052664,1623.800472863352,1416.4913392486887,1418.063013262833,1417.2732005093987,1358.13
1.9927248908296944,1364.1264375409444,1395.9559185526,1594.5986488094684,1380.710059844113,1381.7808218896705,1381.2427322401227,1289.1
1.9947256186317321,2085.7592061320793,2183.5086215891333,1627.1559315341844,1343.7250526454964,1344.1249929437467,1343.9240110955216,1995.33
1.9967263464337701,1877.6585474351064,1976.6223509394952,1639.97233183897,1308.0773823323077,1307.7731812243185,1307.9260512931344,1809.4801
1.9987270742358079,1097.8017795090864,1147.0223694956555,1589.6346373117117,1275.691261880148,1274.7736897854095,1275.2347969463715,1047.495
2.000727802037846,1135.374052348407,1169.9463040557907,1552.334815474282,1247.540007240452,1246.1649762449024,1246.8559700558828,1074.045
2.002728529839884,1057.7849352496407,1114.9488154798155,1508.26475995877,1223.6262881503637,1221.9476786677114,1222.791229662067,1005.015
2.0047292576419213,1036.3443486187296,1027.7926942988493,1471.0827331208106,1203.2187344593162,1201.3446060880492,1202.2864111162407,994.3949
2.0067299854439593,1019.5704989019081,1104.0924204745809,1430.4991788421971,1185.2340723476254,1183.2083858230164,1184.2263533132193,986.43005
2.0087307132459973,930.638689528988,957.6979741900751,1384.8480949711147,1168.6439291691454,1166.4362168914788,1167.545657715162,885.5399
2.010731441048035,951.8676986484985,1007.419321622373,1347.8585112046155,1152.802435846369,1150.2964337968676,1151.5557740678244,909.43494
2.012732168850073,888.7608733278328,934.4230815264461,1309.0280011919403,1137.5998132714035,1134.597407969006,1136.1062055806422,843.05994
2.0147328966521107,775.0369175772149,835.7050328234669,1262.6191569255375,1123.4336969426097,1119.7006369738617,1121.5766102012083,736.86
2.0167336244541487,652.8152136385195,683.7442258638459,1213.1750052279947,1111.0375516402112,1106.393011273406,1108.7270304036638,614.73
2.0187343522561862,708.4553512893982,743.0943134896602,1166.384628361146,1101.3002601665596,1095.7130985324059,1098.5208127749513,686.41504
2.020735080058224,683.6803108188619,680.1471955138692,1127.7788182612771,1095.2167679308036,1088.854500375429,1092.0517283061397,641.28
2.022735807860262,653.6521400805276,685.4734859426528,1084.9447032357868,1094.0257595986009,1087.2268646307523,1090.6435107714526,625.35
2.0247365356622997,659.5936211941595,639.2241255500408,1048.0680485790976,1099.4259034202971,1092.6137332999344,1096.0370505980536,609.42004
2.0267372634643377,905.6944068274564,954.2781496505974,1032.9569826809773,1113.5973821813757,1107.1850842718757,1110.4074539376988,877.5748
2.0287379912663757,779.951194544233,798.9305770503158,1009.3741349533542,1138.7527183276434,1133.0828692953476,1135.9321364050993,728.895
2.0307387190684136,673.0116481515518,699.5602435536512,980.823428003489,1176.1698076816078,1171.4955129228597,1173.8444845165516,643.93506
2.032739446870451,527.3300176480328,571.5131078818713,944.2619839664773,1225.0608614250514,1221.5437433487273,1223.311199377786,513.83997
2.034740174672489,460.2130538292388,494.4678330095132,903.5493477978613,1281.945339508367,1279.6431951829084,1280.8000909081854,447.46494
2.036740902474527,2110.171213161043,2210.6523964978032,988.5678108988327,1341.0934627686588,1339.9356124455398,1340.5174665345794,2029.8451
2.0387416302765646,2096.984522606823,2149.870674201962,1074.5914121218373,1396.0426848598913,1395.820098209079,1395.9319545953101,2008.6051
2.0407423580786026,2073.282814918926,2144.273243045081,1150.4832930326268,1441.51006767862,1441.911654073758,1441.7098450130807,1984.7101
2.0427430858806406,2046.298705421487,2164.7471170533463,1213.2841435162836,1474.7555177599547,1475.4594027584778,1475.1056796939104,1971.4349
2.0447438136826785,2030.7701228225558,2144.6105398599243,1275.3901355238631,1495.81825828054,1496.6081348878502,1496.2111984923392,1950.195
2.046744541484716,2037.4140314127173,2076.873145449536,1324.890123435712,1506.7434713639996,1507.5965299050397,1507.167842716045,1931.61
2.048745269286754,2018.611987767771,2080.9078028341055,1369.442919369332,1510.4058471253873,1511.5054772096246,1510.9528805154157,1918.3351
2.050745997088792,1994.821943606401,2106.2338705925167,1414.7436215513023,1509.5439228131456,1511.2062783479423,1510.3708954439126,1910.37
2.0527467248908295,1965.1562370505185,2048.0863463232267,1452.1618994199982,1506.2843179709719,1508.8311543245215,1507.5512936060518,1886.475
2.0547474526928675,1957.845161076869,2050.3700967459927,1486.838190338521,1502.0910198614874,1505.7255036462998,1503.8990678717307,1878.5099
2.0567481804949055,1947.1765467274524,2061.048706340943,1514.9492355457057,1497.921577482318,1502.6571946661322,1500.2774067371488,1862.58
2.0587489082969435,1733.9844237879315,1826.8433531999003,1530.0550479053882,1494.4023268135247,1500.064655656641,1497.2191676647399,1676.7301
2.060749636098981,1776.35044639467,1858.8663239503633,1543.69755315635,1491.9414689372675,1498.2279937358862,1495.068828784348,1708.59
2.062750363901019,1767.711366113469,1873.784200024664,1560.7058750223014,1490.7680622117919,1497.3305365412127,1494.0326987753567,1716.555
2.064751091703057,1903.1286901665758,2025.274908345378,1576.8796653497423,1490.924957459823,1497.4385543831909,1494.1652789618847,1822.755
2.0667518195050945,1914.3997741279954,2008.6047341579915,1599.9050732212245,1492.2388968133012,1498.436701644628,1495.3221211050102,1830.7201
2.0687525473071324,1917.4256394055326,2018.2226419014164,1620.0146951784789,1494.256483324969,1499.927560511494,1497.0776762178577,1846.65
2.0707532751091704,1964.2324456516678,2031.5114133332117,1640.6383907684744,1496.1677375365866,1501.1349752604317,1498.638791148253,1867.89
2.0727540029112084,1944.460733918972,2065.072466590903,1657.7273722769608,1496.7417230435537,1500.8420102060784,1498.7814944346403,1881.1649
2.074754730713246,1969.2484242890446,2096.0836040436843,1678.8369834429598,1494.3570885413883,1497.4425026326874,1495.8919906454673,1907.715
2.076755458515284,2011.6350722133448,2087.962637018784,1699.1467036727404,1487.2274453484938,1489.1905321451761,1488.2040228727926,1928.955
2.078756186317322,2046.3926942797834,2145.5920797269105,1715.496206073986,1473.8525548955195,1474.6617774950334,1474.2551191653092,1952.85
2.0807569141193594,2095.5110873756194,2173.758410226445,1740.048091938691,1453.5831455330463,1453.3074840149068,1453.4460120943293,1992.6749
2.0827576419213973,2100.2133595486976,2208.643097329019,1763.132283934765,1427.0333688183816,1425.8428064847717,1426.4410993281865,2021.88
2.0847583697234353,1507.5784473449255,1555.3152056063268,1737.120951612109,1396.065443158262,1394.2094936189744,1395.1421632455429,1435.1249
2.0867590975254733,1425.0448563738041,1491.9893153511084,1707.64031977709,1363.2629156916387,1361.0396310427438,1362.1568974443055,1368.7499
2.088759825327511,1340.4826716194602,1394.1917603871175,1674.8990310805902,1331.1118781152713,1328.8340846256117,1329.978743334499,1289.1
2.090760553129549,1300.6213753045276,1338.5764353221973,1643.0696718484096,1301.2950146312626,1299.2513807753735,1300.27836733124,1238.6549
2.0927612809315868,1212.1274350878361,1275.4349914423228,1599.3760459342525,1274.4226569824139,1272.8293814710264,1273.630049616776,1156.35
2.0947620087336243,1141.141399584939,1216.1521611057647,1562.3934939896847,1250.24942813544,1249.201813281853,1249.728270781693,1113.87
2.0967627365356623,1222.0180447435857,1245.2793624884418,1531.8112628278857,1228.152267975509,1227.6010617987063,1227.8780592322023,1156.35
2.0987634643377002,1121.3171997653944,1204.1115384082934,1488.1362784963685,1207.5432606836223,1207.3175781579264,1207.430990313003,1060.7699
2.100764192139738,909.2230449451669,948.7006166596029,1443.349522108791,1188.0504780028512,1187.9240884039225,1187.987602921715,880.22986
2.1027649199417757,785.9899988465614,847.3850167325501,1384.0382413215884,1169.4903074698218,1169.2596886869292,1169.3755814574852,750.135
2.1047656477438137,762.2828544228929,775.2232468034846,1338.8774346394812,1151.8394890551704,1151.3766875129159,1151.609258998537,726.24
2.1067663755458517,706.9458952484806,755.2667366440159,1282.8534818100923,1135.4017358690805,1134.6681320213395,1135.0367896880693,675.79504
2.1087671033478896,1100.91757838823,1163.3605110154276,1265.1128053704106,1121.1926900331057,1120.2299884453478,1120.7137745135271,1063.4249
2.110767831149927,928.0261519089621,977.8610332366188,1231.3499911504016,1111.3305605824935,1110.2552143102955,1110.7956076695393,898.81506
2.112768558951965,1295.2409585699777,1367.4303524715465,1234.7972136985718,1109.0608662839447,1108.0727347584477,1108.5693001237107,1243.965
2.114769286754003,516.0386600963468,537.8170823277289,1174.5005054294297,1118.0941252998043,1117.48511121807,1117.791158836371,481.97995
2.1167700145560406,433.8316430172426,444.26411994982703,1117.8166019249095,1141.2634050553652,1141.3981534408852,1141.330438385199,410.295
2.1187707423580786,428.3911900266855,449.2263647520533,1059.8477940215112,1178.976497254533,1180.2276463589292,1179.598906868293,415.60495
2.1207714701601166,417.21311279926454,410.40769874395113,1001.7491812627371,1228.2907052241253,1230.9382491300385,1229.6077798830138,391.70993
2.1227721979621546,1902.8666828883765,2038.1343507951894,1074.383630530293,1283.292437128241,1287.4232429772346,1285.3473906617205,1859.9249
2.124772925764192,1925.9485184825903,1984.1382559777498,1131.4456399545224,1336.7922661065368,1342.243923524069,1339.5043041647298,1836.0299
2.12677365356623,1871.9311739124753,1986.615369438834,1185.8322619277699,1382.5493254668233,1388.925632487091,1385.7213493093484,1817.445
2.128774381368268,1882.9281745234748,1991.45651203386,1239.841289258626,1416.9210634752408,1423.6768720733364,1420.281878109884,1812.1349
2.1307751091703055,1862.7812464207364,1973.0208268344322,1285.4304289177876,1439.2453479580554,1445.813346367617,1442.5127325878375,1801.515
2.1327758369723435,1855.150834010099,1950.5076830657636,1325.8395230677888,1451.064751408202,1456.9860208912953,1454.0104075566098,1796.205
2.1347765647743815,1873.5567525032297,2164.6166580654244,1365.5342264214942,1454.8709049203007,1459.8918918423426,1457.3686971657335,1785.5851
2.1367772925764195,1851.2492799201948,1941.794900083076,1396.2049657262755,1453.0720429834346,1457.1799638986354,1455.1156119403252,1782.93
2.138778020378457,1844.428920604206,1907.842528390596,1425.5302424532517,1447.5043849431415,1450.8913817796224,1449.189315528467,1766.9999
2.140778748180495,1773.3456444596998,1857.5891133128769,1445.0052234142906,1439.4155634806853,1442.3863094333096,1440.8934215828526,1703.2799
2.142779475982533,1729.8616969579275,1821.3910487089859,1465.7966992493768,1429.670036390909,1432.534093184127,1431.0948197969708,1655.4901
2.1447802037845705,1749.9446898411607,1824.6419161877907,1478.0028566556023,1418.9706591851868,1421.963657409896,1420.4595871334857,1679.3849
2.1467809315866084,1658.9695718253622,1774.7809592819883,1495.4580295508351,1408.0049084338766,1411.2600387836374,1409.6242393486439,1607.7001
2.1487816593886464,1647.6092545677407,1704.7688586039549,1499.487896553588,1397.500255025646,1401.05370302762,1399.2679901346373,1570.5299
2.1507823871906844,1574.4272159239392,1649.5868514365702,1504.9005956190065,1388.2020339176152,1391.9963254463808,1390.0895815461217,1517.43
2.152783114992722,1542.3177213176455,1622.0102219232135,1500.0615844784486,1380.7968106895935,1384.6630579234386,1382.7201541496672,1498.8451
2.15478384279476,1528.2083211934091,1624.336642642954,1498.9642296382017,1375.7903152382005,1379.4298154419885,1377.600858768271,1472.295
2.156784570596798,1512.6433948313618,1570.7325566823538,1491.6096337291485,1373.3977959305766,1376.4077685848627,1374.8951681547176,1435.1249
2.1587852983988354,1507.6020749678619,1556.95026863898,1487.7266912755333,1373.4787232308277,1375.4479483540838,1374.4583543907472,1437.7799
2.1607860262008733,1437.9138306371058,1509.822158682349,1477.459526894433,1375.5523706750175,1376.2018297932234,1375.8754573458987,1384.68
2.1627867540029113,1617.6376428997414,1649.032032932826,1482.882570228603,1378.907726978799,1378.207311783897,1378.5592911693511,1557.255
2.1647874818049493,1626.2644028228915,1726.9758403790079,1492.512351559381,1382.7810266889387,1380.9760146141678,1381.8830866557787,1565.2201
2.166788209606987,1668.870438693355,1724.322767673801,1498.9439220669374,1386.552154079815,1384.0833497408746,1385.3239970602806,1578.495
2.168788937409025,1637.4721414424037,1672.5674821975672,1502.3969469151202,1389.9048726076037,1387.2677527134888,1388.5929835857703,1567.8749
2.1707896652110628,1615.9286882428553,1666.614256109137,1506.1183103305136,1392.9127089566068,1390.5295855875243,1391.7271756812518,1546.6349
2.1727903930131003,1656.312864339007,1719.845723665721,1513.6270515007354,1396.0334764258073,1394.1900455780615,1395.1164241912602,1578.495
2.1747911208151383,1638.5195226426931,1695.1452290775953,1515.9332916763356,1400.0004799767203,1398.849870748919,1399.4280859730418,1570.5299
2.1767918486171762,1640.8409571407765,1741.7401776894312,1523.6628621301522,1405.6077266509506,1405.2081744403797,1405.4089612630487,1578.495
2.178792576419214,1613.9422637250427,1706.1844285809602,1523.1450235823904,1413.4048942356178,1413.7552929751025,1413.579207227841,1551.945
2.1807933042212517,1468.8894421135938,1552.3754669489783,1516.6577829262776,1423.3834266381473,1424.4458092648497,1423.9119305215193,1411.2301
2.1827940320232897,484.92876040797563,472.95777577878255,1429.8369652898348,1434.7783080172385,1436.4966513305,1435.6331329091365,466.05002
2.1847947598253277,1962.3715691720813,2040.8644741984447,1465.3426954023132,1446.1054358423219,1448.4316003529532,1447.2626337730212,1875.8551
2.186795487627365,1945.967955121875,2029.131515492931,1494.9316072836812,1455.43656630558,1458.357503544477,1456.8896460482665,1867.89
2.188796215429403,1940.3109680359619,2010.1172351531736,1527.7322350394995,1460.814422264959,1464.3601161704328,1462.5782999406588,1854.6151
2.190796943231441,1919.490141273072,2008.3007440673966,1556.2362987218924,1460.6870294915868,1464.9055493293163,1462.7856181359086,1843.995
2.192797671033479,1910.341815643168,1983.985173131769,1578.52656751451,1454.3203126164644,1459.2301930887133,1456.7628326946879,1833.3749
2.1947983988355166,1879.8898779184271,2002.3798883615218,1596.56669350079,1442.199485555811,1447.7537450026705,1444.9625650839778,1828.0651
2.1967991266375546,1386.7314057292422,1461.8071766680976,1569.9198514901966,1426.3371027708072,1432.4295414411363,1429.367910518925,1320.9601
2.1987998544395926,1103.3840579998384,1172.044042601681,1534.1326870456778,1410.220752047294,1416.735772566582,1413.4617817461512,1055.4601
2.20080058224163,1014.4239972948783,1056.448685135223,1487.30347700789,1398.1131129342164,1404.9822791260751,1401.530319613503,962.53503
2.202801310043668,1863.5829481569883,2028.7786494778827,1512.9113669752228,1393.7377399030402,1400.954349561464,1397.3277894138234,1822.755
2.204802037845706,1887.4524642308063,1975.8555073296136,1538.1003646712393,1398.8853259569353,1406.455506537712,1402.6512665269415,1788.2401
2.206802765647744,1136.2623023918254,1198.3714742162858,1501.472071586421,1412.7142910529803,1420.569950871747,1416.6222490864766,1092.63
2.2088034934497816,1068.2829350117877,1105.0639514078644,1465.1833939244766,1432.1972060912735,1440.1260209682841,1436.1415565990048,1012.9801
2.2108042212518195,1932.865733366681,2065.925938961916,1490.9793956757712,1453.449273417778,1461.0879505722198,1457.2492890039507,1867.89
2.2128049490538575,1960.9933015091883,2068.6374894431706,1521.7009670648297,1473.1631840823159,1480.0622775900188,1476.595278714629,1875.8551
2.214805676855895,1952.059208554416,2036.6550146843297,1551.0074006103653,1489.4133353141347,1495.14519595462,1492.2647661746405,1886.475
2.216806404657933,1979.3356953232128,2104.658085963071,1581.1064849951263,1501.5980233886908,1505.8633911776587,1503.7199175008686,1907.715
2.218807132459971,2023.614982691714,2096.75869208071,1611.9979592691557,1509.8147525654135,1512.508135645202,1511.1546308553054,1920.9901
2.220807860262009,2012.1837350189649,2098.4648775032224,1633.6099016999653,1514.1447928949397,1515.358383713206,1514.7485183740257,1934.265
2.2228085880640465,2033.6715724078442,2095.641773154483,1658.8797071526274,1514.2160760314873,1514.188419634855,1514.202317793492,1950.195
2.2248093158660844,2063.623918237015,2149.497829120667,1685.8267650615487,1509.1652285258356,1508.2049451409198,1508.6875159905308,1971.4349
2.2268100436681224,2072.956971718171,2168.5423375800565,1710.6559242351718,1497.9237078180427,1496.3480581223037,1497.1398687735198,1984.7101
2.2288107714701604,2093.699558111723,2223.287253970536,1728.4668692869118,1479.639098610865,1477.7491264160174,1478.6988934349363,2008.6051
2.230811499272198,2123.924942185845,2240.7805668966907,1759.197038608,1454.0140767296411,1452.0960133794508,1453.0598970361386,2035.1549
2.232812227074236,1631.3140094837968,1674.090909298733,1738.331371050928,1421.436394231333,1419.758007305156,1420.6014464582893,1538.67
2.234812954876274,1471.8221242402844,1556.1378275323068,1713.376400957479,1382.9214913030705,1381.7033983793858,1382.3155261599152,1413.8849
2.2368136826783114,1521.933330162142,1613.0131815957495,1696.0528704169176,1340.0350752120053,1339.4100282989125,1339.724132889949,1459.0199
2.2388144104803493,1302.6253088067788,1360.474099007611,1656.418540158863,1294.8961900472973,1294.889078080445,1294.8926520544826,1238.6549
2.2408151382823873,2055.3892360001832,2132.342629454214,1678.104777206609,1250.2115581614175,1250.758979293448,1250.483883957083,1960.8151
2.2428158660844253,585.3376253854746,599.9886523627123,1587.5956246228604,1209.1510936708787,1210.1451891515535,1209.6456267221297,548.355
2.244816593886463,755.7240278010689,800.9829976367944,1520.703738597611,1174.9703550938339,1176.2912822914357,1175.6274772417657,718.275
2.246817321688501,383.1762750316092,435.44521478680736,1428.9194707249692,1150.4884893368626,1152.008483645165,1151.2446414749438,381.08994
2.2488180494905388,740.0094425477694,759.9742015553687,1370.6780885748888,1137.6345334313826,1139.212839074621,1138.4196937311033,691.725
2.2508187772925763,817.2558181744007,833.4052984760021,1323.9458490269915,1137.1758148428312,1138.6812047451344,1137.9247017215878,797.9249
2.2528195050946143,411.5843538543528,416.3493568223189,1252.5881807240903,1148.5890986993522,1149.9611817356345,1149.2716693615205,391.70993
2.2548202328966522,697.531514506799,762.0287399523049,1204.4224314350192,1170.0204647560995,1171.3361314641627,1170.6749699663296,678.44995
2.25682096069869,487.3707512178372,484.83432959302786,1141.9935039278746,1198.422929563664,1199.9094482554253,1199.1624285742414,468.70493
2.2588216885007277,1434.9823803689542,1527.364118580784,1165.4357634081741,1230.022414111651,1231.9842258647323,1230.9983573395318,1374.0599
2.2608224163027657,1429.3632445932158,1518.9479011551418,1184.011013753187,1261.1224440638666,1263.8021952369095,1262.4555408840022,1368.7499
2.2628231441048037,1405.6843869414483,1475.109600458859,1193.6808642811786,1288.9925308702993,1292.4249708725683,1290.7000680843364,1344.8551
2.264823871906841,1406.1603115958912,1470.733861712401,1204.8928193445538,1312.4607778815587,1316.3792425119705,1314.4100979494679,1331.58
2.266824599708879,1494.5466596650429,1576.1450943892833,1220.8989361822591,1331.9527284202748,1335.7754117665652,1333.8544001368834,1429.8151
2.268825327510917,1524.8856721343248,1604.8876108335812,1241.5359070590844,1349.0045138889311,1351.9003577653593,1350.445110427188,1466.985
2.270826055312955,1586.3911895741478,1631.2722285085536,1264.63448348332,1365.474958549414,1366.499688758509,1365.984731470491,1512.12
2.2728267831149926,1569.7400765311581,1653.250223532233,1284.28482685352,1382.7351101349261,1381.0247631516258,1381.8842631802902,1493.535
2.2748275109170306,1474.372954265231,1592.0082365263777,1294.736752619823,1401.077013716118,1396.071984861076,1398.587160136255,1429.8151
2.2768282387190686,1158.9314961506982,1193.30180400671,1282.4456462322082,1419.5214875740553,1411.1620128616717,1415.3628965566559,1105.9049
2.278828966521106,2100.3086041577308,2169.6311794950548,1337.390148148347,1436.12337973385,1424.936473962399,1430.5582255280804,2008.6051
2.280829694323144,2035.7870260456175,2137.8214665256396,1384.6271626459634,1448.6952483742452,1435.7116678992375,1442.2363017304972,1958.16
2.282830422125182,1970.148496408177,2039.6747731801656,1423.8032067823078,1455.662357646488,1442.17334892491,1448.9519754235384,1875.8551
2.28483114992722,2315.5242447034207,1969.9833116125446,1458.287794450655,1456.6647159488211,1443.9116296365255,1450.320433322562,1798.86
2.2868318777292576,1816.892293418221,1928.6037549326206,1480.8160654603148,1452.6394178342805,1441.5655616455042,1447.1305024467624,1743.1051
2.2888326055312955,1716.530193772656,1765.5718687525161,1489.2229087503679,1445.3985650585482,1436.54699641218,1440.995171887426,1650.18
2.2908333333333335,1630.3109720084776,1742.237634712478,1497.9097385771,1436.9622789951586,1430.5091509059444,1433.7520389466806,1565.2201
2.292834061135371,1528.4855680978826,1614.235266430836,1496.536857959714,1428.9866473510515,1424.831295873954,1426.9194830947622,1480.2599
2.294834788937409,1463.528349369806,1567.370632707867,1489.3775182610816,1422.479627042199,1420.3200426474907,1421.405297784184,1421.85
2.296835516739447,1779.2174347821372,1860.4155904480756,1503.9897915411912,1417.8060339276587,1417.1889585050021,1417.4990571859364,1690.005
2.298836244541485,1783.1009901873676,1897.1144388062303,1522.4676952912596,1414.855871845588,1415.2365158972307,1415.045230984583,1721.8651
2.3008369723435225,1723.3008015721493,1824.4780366888722,1533.4758130381547,1413.2509658428821,1414.085541504449,1413.6661425099508,1666.11
2.3028377001455604,1645.759782503943,1762.4048922075935,1538.1825759351009,1412.523663366728,1413.3735535001654,1412.9464585298563,1605.045
2.3048384279475984,1669.463074262101,1768.0644611891792,1548.1656106779199,1412.2464243376214,1412.8495735805657,1412.5464732175042,1610.3551
2.306839155749636,1647.4279761900475,1737.1183334467892,1551.1191712604411,1412.1023957580155,1412.3882933284833,1412.2446213295198,1597.08
2.308839883551674,1713.4253733278865,1748.536000934987,1555.683573280991,1411.8977413210584,1411.9579684307105,1411.9277025238637,1626.285
2.310840611353712,1739.0199046814867,1792.8351780089329,1560.593327888724,1411.5322790700293,1411.572309505166,1411.5521930255957,1658.1449
2.31284133915575,1635.6916587484923,1726.449690657154,1565.2371551100991,1410.9696124306006,1411.2526532470151,1411.1104168515958,1578.495
2.3148420669577874,1712.4550109141317,1757.409833577771,1571.0761896947533,1410.2258695821906,1411.0071393066444,1410.6145281247502,1618.32
2.3168427947598254,1697.206967093899,1757.4641606345565,1572.424859915532,1409.3697865498734,1410.8270745610093,1410.0947441628075,1618.32
2.3188435225618633,1648.346774374459,1769.3975533033945,1572.602067122623,1408.5131774328931,1410.6934489996406,1409.5977979461336,1586.4601
2.320844250363901,1589.0707300543297,1717.896719153458,1573.0317928014151,1407.7809976381816,1410.5863933939602,1409.1765989159685,1554.6
2.322844978165939,1668.675637042964,1720.9699653613004,1574.1529448109331,1407.2736285789103,1410.4898502031958,1408.8736035554368,1575.84
2.324845705967977,1668.7509116488368,1783.7326651020155,1573.0699165539602,1407.0405757797853,1410.3909639514932,1408.707294638929,1618.32
2.3268464337700148,1657.3858302708923,1755.437331269931,1582.440622501562,1407.073817789757,1410.2773119347619,1408.6674612223965,1610.3551
2.3288471615720523,1681.1061723325531,1756.3611960059616,1579.046942945127,1407.3133260338918,1410.1332089265497,1408.7161342330903,1602.39
2.3308478893740903,1711.9376734073212,1776.7413592103073,1583.4292092129135,1407.6640942834874,1409.946953127731,1408.7997489281026,1615.6649
2.3328486171761282,1646.7352972596261,1706.5252994123477,1585.112942168151,1408.0257407874271,1409.7307785074381,1408.8739465408653,1565.2201
2.334849344978166,1681.1323879562533,1747.8364003091112,1584.9970920660573,1408.3464839161256,1409.5603402622478,1408.9503414874534,1607.7001
2.3368500727802037,1656.6167884281085,1756.2741118156866,1586.8632512036306,1408.706701347141,1409.6345726498669,1409.168289831774,1583.805
2.3388508005822417,1701.1970413928636,1788.5437516066067,1590.8951411800024,1409.4170351965995,1410.3455006051238,1409.8789192312668,1623.63
2.3408515283842797,1705.5934712024412,1742.6841073609346,1588.1606136061916,1411.0866458565445,1412.3256757605716,1411.7030265271558,1628.9401
2.342852256186317,1683.2698049001326,1753.9596917934218,1594.638447248777,1414.5932459712822,1416.4149993668982,1415.4995143155961,1613.0099
2.344852983988355,1659.02519352086,1728.8779866767163,1595.400176188215,1420.892729776514,1423.4850478790509,1422.1823312343045,1591.7699
2.346853711790393,1640.4332086370807,1714.4796855770046,1590.6448524514294,1430.6691938311335,1434.1135321522383,1432.3826501063002,1575.84
2.348854439592431,1626.6064776679748,1735.4316225417626,1589.1347109883407,1443.9385164161185,1448.2105541939964,1446.0637286501785,1570.5299
2.3508551673944686,1659.9369527885362,1749.0893350694562,1586.4892767715917,1459.810102493728,1464.7980147486946,1462.291441072138,1597.08
2.3528558951965066,2090.93476237028,2190.667468582215,1626.8274992319255,1476.5894720075476,1482.1265830298569,1479.3440207025278,2027.1901
2.3548566229985446,2112.835305337838,2211.677996346772,1652.561983893324,1492.2371561339837,1498.147129793769,1495.177192944938,2029.8451
2.356857350800582,2077.266301245439,2202.3994479172807,1687.4348043696064,1504.9862169440134,1511.1319314127984,1508.0435278235511,2005.9501
2.35885807860262,2053.7657172559107,2165.649435188119,1706.5988814800548,1513.8247312632748,1520.140218802119,1516.9664992155874,1984.7101
2.360858806404658,2049.811683915404,2137.835589491821,1732.7508502977294,1518.6435062238056,1525.1266904325732,1521.8686983013395,1966.1249
2.362859534206696,2047.7664053658227,2138.1209831344695,1748.380057636149,1520.05376063928,1526.7156735544381,1523.3678649533501,1950.195
2.3648602620087336,2025.4917231001527,2144.005780431492,1764.5396464719188,1519.0326085258723,1525.8302856879714,1522.414251530738,1934.265
2.3668609898107715,1984.5654917799593,2111.667646416129,1773.7860120457663,1516.5759066172877,1523.3754999226344,1519.958502846653,1923.6449
2.3688617176128095,1972.1802484939685,2106.616146083734,1783.1165284399226,1513.4651404253664,1520.0679219816438,1516.749828640178,1905.0599
2.370862445414847,1978.7545862871086,2055.521422432007,1790.523916842862,1510.1730144440367,1516.3950390265193,1513.268287344428,1889.13
2.372863173216885,1947.3800731525403,2057.1337242327545,1803.2026676606945,1506.886662960771,1512.643078741952,1509.7503092763193,1881.1649
2.374863901018923,1942.649006692223,2042.3719102345076,1807.6957220153463,1503.610207054971,1508.9489234045145,1506.2660602777537,1867.89
2.376864628820961,1979.5962306570445,2073.8573157706555,1814.8122856973146,1500.2977492281043,1505.359079290345,1502.8156109906079,1894.4401
2.3788653566229985,1969.6705159556989,2088.309910223581,1821.1175001570352,1496.9667978975026,1501.8916800175857,1499.4167808510952,1902.4049
2.3808660844250364,1965.9647013862516,2046.5583926341508,1826.8975873937393,1493.7392928589718,1498.5781205816265,1496.1464662992316,1886.475
2.3828668122270744,1885.094843475044,2008.472935711479,1825.194529327519,1490.7934995282862,1495.463672671744,1493.1167723118394,1825.41
2.384867540029112,1896.6518744053978,1970.4139391551425,1826.701437016494,1488.2302593055028,1492.542917082206,1490.3756787855984,1828.0651
2.38686826783115,1719.679302155023,1779.6920827450035,1809.9722969629863,1485.9018300402581,1489.6434997959332,1487.763199895588,1647.525
2.388868995633188,1525.290081056995,1663.4902461362792,1784.6988203362935,1483.2559485802412,1486.286435500651,1484.7635260440372,1482.9149
2.390869723435226,1914.6838902148997,1996.336204579266,1795.3101928366896,1479.2811651568504,1481.6023544584261,1480.4358880684365,1833.3749
2.3928704512372634,1917.4579499285048,2027.3093133292373,1793.4706910975258,1472.6316007137195,1474.3933588860327,1473.508023211817,1841.34
2.3948711790393014,1935.3840298436307,2056.289103415521,1794.1349854462803,1461.9978568067713,1463.433062948959,1462.711829344086,1851.9601
2.3968719068413393,1939.7361639447133,1992.7188878444852,1802.2087831276503,1446.7001410946168,1448.0134098538906,1447.353453396364,1859.9249
2.398872634643377,1961.7142896518737,2063.3111156269,1806.1000424978376,1427.3233027841552,1428.5850480220306,1427.9509836604072,1867.89
2.400873362445415,1833.4785241098998,1936.5602866918016,1804.5991200426615,1406.0691830494848,1407.17116507399,1406.6173864601194,1759.035
2.402874090247453,1348.461879600247,1455.790283121592,1762.1371175683992,1386.511307568255,1387.2129487615514,1386.8603532755837,1299.7201
2.4048748180494908,1319.1359049973248,1367.5390913389338,1723.5953026617854,1372.6708002207101,1372.7173783386336,1372.6939714544858,1265.205
2.4068755458515283,876.2427819148429,948.017451168336,1651.4253560397879,1367.6996605020095,1366.9539504670265,1367.3286918514948,835.09485
2.4088762736535663,1050.040788617346,1095.9445186216856,1601.6806049385634,1372.7310359970843,1371.2551708493168,1371.9968368090294,1007.67004
2.4108770014556042,499.68787544093095,554.6851496652074,1510.2745337667732,1386.4423216574735,1384.498369069444,1385.4752628351225,479.32492
2.4128777292576418,1939.6858409572565,2045.3617857089037,1540.9643485654956,1405.552509213531,1403.5334277655388,1404.5480760090643,1870.545
2.4148784570596797,1931.8595200440761,2051.2498888180407,1569.9341007493301,1426.0177279864815,1424.346287061907,1425.1862356434576,1862.58
2.4168791848617177,1903.6274769727786,2018.0927729576758,1585.9647579809832,1444.358368401311,1443.391412149911,1443.877336312616,1843.995
2.4188799126637557,1927.6283437698057,1969.7055028659845,1609.1170136700923,1458.5425745865718,1458.502598829947,1458.5226878319452,1830.7201
2.420880640465793,1877.881380433117,1932.2462985508946,1619.5456951612985,1468.1480495981368,1469.0890847336211,1468.6161866995844,1817.445
2.422881368267831,1876.1978329389492,1983.5607006659354,1638.7881116401218,1473.9191903986684,1475.7266765030063,1474.8183611882444,1809.4801
2.424882096069869,1873.1266714069197,1972.1654026937806,1653.1171775648488,1477.0788667839033,1479.5005550384008,1478.2835849472558,1806.8251
2.4268828238719067,1898.0165583436458,1989.857629258935,1663.92138421986,1478.755298550029,1481.4570907518196,1480.099360128994,1812.1349
2.4288835516739447,1878.2081624542457,1972.3993440572851,1673.1552370338961,1479.6799148407304,1482.3158915241165,1480.9912351490943,1806.8251
2.4308842794759826,1913.3109175673974,2030.5696928983025,1688.3359416986013,1480.1378099260846,1482.4191135068202,1481.2726908731797,1822.755
2.4328850072780206,1901.3163058684486,2009.9355134397038,1703.0732805829973,1480.0279737890148,1481.774951253307,1480.897043322755,1833.3749
2.434885735080058,1907.216216079498,1991.9892403514061,1709.9606321715812,1478.9030617112471,1480.0689537600792,1479.4830584656304,1828.0651
2.436886462882096,1838.5421195405704,1948.4745516465498,1716.5475931276442,1475.919489843719,1476.5809109048923,1476.24852722685,1774.965
2.438887190684134,1904.7242114082806,1966.40344062848,1724.7833748245425,1469.7542168746486,1470.0695598182724,1469.9110906469696,1804.17
2.4408879184861716,1873.0262847919585,1984.4515520970576,1734.640984564375,1458.6314118702157,1458.776239223013,1458.7034591876775,1812.1349
2.4428886462882096,1896.5255877805369,1966.641549485923,1734.6132130660055,1440.6651248468215,1440.7623836948974,1440.7135082424159,1817.445
2.4448893740902475,1864.4670169071226,1950.94527954742,1738.5165482892992,1414.5778375593472,1414.6469895213531,1414.6122386117968,1782.93
2.4468901018922855,1886.713147763168,1968.451392134797,1745.1431247870714,1380.6271315480537,1380.5749214830137,1380.6011585874353,1806.8251
2.448890829694323,1893.34942407003,1971.2673453549564,1752.9082576769065,1341.2983287228278,1340.960527645624,1341.1302826943802,1820.1
2.450891557496361,608.2467780680427,686.8071644092811,1653.7437924343756,1301.3023069562753,1300.5247916516926,1300.9155161263757,585.525
2.452892285298399,521.8473929371868,539.5174850669629,1567.0671004459225,1266.7098615101945,1265.4387537297764,1266.0775230463958,500.56503
2.454893013100437,961.9723651406144,1020.3223601819406,1514.8245335439487,1243.488594860344,1241.8338408889344,1242.6654037821634,925.36487
2.4568937409024745,881.2897549679452,907.7627361056328,1459.105464179606,1235.9709997765103,1234.2187132321812,1235.0992891327348,835.09485
2.4588944687045124,959.846771624565,993.8646588985542,1415.9033072942261,1245.7329081521275,1244.3018582895263,1245.0210032407758,896.16003
2.4608951965065504,876.858926704906,913.7111983387196,1371.497002477187,1271.1527939767307,1270.5103226344258,1270.8331835173453,848.37
2.462895924308588,825.6348129755198,908.5556475475373,1326.8799347588626,1307.7518290939615,1308.315831078782,1308.0324033726772,808.54504
2.464896652110626,1958.110537294785,2094.5209342279127,1369.360700032001,1349.2789066352766,1351.3347995562494,1350.3016524569998,1881.1649
2.466897379912664,1981.8313899815394,2034.1246687663038,1410.2927512600959,1389.2963591762732,1392.9492793029344,1391.113578720404,1873.2001
2.468898107714702,1921.8751922937383,2050.978769848042,1445.8152830690037,1422.7622882768896,1427.9308767295413,1425.33350791106,1854.6151
2.4708988355167394,1948.423552055954,2019.3300365078803,1480.2387494781058,1447.0329892916252,1453.4783046691928,1450.239342747513,1851.9601
2.4728995633187774,1932.2957398470423,2036.0271402501596,1507.1990715308125,1461.9766020616876,1469.3523256979092,1465.6458060626246,1836.0299
2.4749002911208153,1897.2252272323165,2039.6820119108677,1533.4573596166363,1469.3358978833407,1477.2476317438336,1473.2717510913847,1828.0651
2.476901018922853,1424.0395889424108,1488.8193196501124,1520.2416838407655,1471.7742328085478,1479.8370663358241,1475.7852536244425,1360.785
2.478901746724891,1323.3837770556675,1347.5018377997983,1501.0513861532802,1472.0139406232506,1479.8980611053282,1475.936056993588,1251.93
2.480902474526929,1893.7884798034627,2011.628232374789,1522.0122880491033,1472.2512414807497,1479.7094508858906,1475.9614797080578,1822.755
2.4829032023289668,1895.8950483740841,1998.6149596795958,1550.4010221252859,1473.8642090644855,1480.74303934463,1477.2862233413928,1822.755
2.4849039301310043,1711.6268846966789,1816.274358156324,1560.334240214621,1477.3564239607676,1483.6008223470315,1480.4628271657095,1650.18
2.4869046579330423,1758.9664739191855,1855.900094090665,1565.9665821059152,1482.5089822429065,1488.167586412049,1485.3239701791647,1700.6249
2.4889053857350802,2146.9589296545855,2016.1619050186334,1589.7978257354468,1488.6800688127491,1493.9064135411277,1491.280020483046,1857.2699
2.4909061135371178,1936.1875947285405,2070.2754807194688,1612.0119974786146,1495.135281204986,1500.1693893598922,1497.639600875048,1873.2001
2.4929068413391557,1959.5789234941108,2063.8046542747343,1635.6463576224826,1501.2787308988823,1506.4009136036457,1503.8268650482628,1881.1649
2.4949075691411937,1963.7559266960463,2046.488521246206,1651.4178261494092,1506.7160503012892,1512.1826811519666,1509.4355371988795,1894.4401
2.4969082969432317,2003.4520373868015,2113.671548180452,1675.410097805239,1511.1432315246172,1517.1265033418215,1514.1197319974071,1920.9901
2.498909024745269,1987.5057659174315,2115.8359697587343,1695.853076314491,1514.1482244063045,1520.699600954136,1517.4073401523037,1926.2999
2.500909752547307,2023.9727600521985,2115.653667846301,1715.1321489614852,1515.0145906255595,1522.0561840548405,1518.5175747472538,1939.5751
2.502910480349345,2043.8298621877445,2165.0895560486492,1734.0716637664264,1512.6107490849647,1519.954600549041,1516.2640976244825,1952.85
2.5049112081513827,2034.7885511953925,2150.7587229925734,1753.1899500637014,1505.448636881681,1512.8497343478289,1509.130463611299,1976.745
2.5069119359534207,2079.792633916296,2176.15027651495,1774.8037571562224,1491.945611298547,1499.1998159599025,1495.5543632095253,1992.6749
2.5089126637554586,2120.4519986128043,2224.7452695852016,1794.215955785816,1470.8801856089126,1477.9578104645252,1474.401094297765,2021.88
2.5109133915574966,2105.0297179319555,2226.7152064558895,1815.9075044283968,1441.957609169196,1449.1213569208949,1445.521361447434,2035.1549
2.512914119359534,1664.0203315326773,1704.6800110758968,1795.340112661742,1406.3467812506701,1414.1707703810068,1410.238984054926,1578.495
2.514914847161572,1579.85037166708,1660.86447868983,1769.052247656206,1366.9834159174773,1376.2093812262026,1371.573060336506,1512.12
2.51691557496361,1123.9469622230865,1188.9500202171741,1716.1931533722095,1328.4076605574846,1339.6529390801984,1334.0018534776968,1087.32
2.5189163027656476,797.1617647204513,863.0958133268595,1639.9433107317493,1295.938072304415,1309.3713750158902,1302.620742437646,766.06506
2.5209170305676856,1575.9917930674483,1654.5517034076602,1630.311383836147,1274.1929288231256,1289.3477567583311,1281.7320067544476,1506.8099
2.5229177583697235,524.9986735836677,564.0537793422006,1541.8609292645428,1265.3639626844608,1281.2124264225886,1273.2481038785625,503.21994
2.5249184861717615,630.0951988624814,647.2579045393483,1464.7761496094645,1268.00012836417,1283.2754603493913,1275.5991534904053,598.80005
2.526919213973799,416.260358045157,955.1314344969529,1380.452705853534,1277.0394601835505,1290.6531472307308,1283.8118661798533,410.295
2.528919941775837,1728.934429497808,1833.6306249881247,1402.3413399943674,1285.3061288198078,1296.6533635830401,1290.951041949193,1658.1449
2.530920669577875,1687.8167981074528,1779.1459042313772,1422.7091162879224,1285.9384961608896,1294.9600684552622,1290.4264611104836,1636.9049
2.5329213973799125,1664.735477693503,1752.1990725938304,1434.241900933356,1274.710182516414,1281.7253191497643,1278.2000051659236,1599.735
2.5349221251819505,1619.2771317399224,1698.4725680044517,1442.8529222332697,1251.2624110470379,1256.7037835382803,1253.969332659096,1565.2201
2.5369228529839885,650.7499956693915,682.362915442585,1382.0599494786734,1218.8123429494992,1223.015471764175,1220.9032750158153,633.31506
2.5389235807860264,621.872607848619,647.3946003597127,1317.6890621098767,1182.604573422474,1185.737063510785,1184.1628944404254,582.87
2.540924308588064,661.6115295526,695.2968632511004,1264.0460618418647,1147.9022057556167,1150.022297289922,1148.9568884855692,622.69495
2.542925036390102,1012.5226091110424,1099.88089238922,1232.8466679119424,1118.3996256623686,1119.5712182197547,1118.982458250878,965.19006
2.54492576419214,734.9515119606478,787.7566758086824,1195.9475961120743,1095.6282955964368,1096.0101281837078,1095.8182459966963,718.275
2.5469264919941774,661.3095439161624,708.5971841744479,1151.7598584244995,1079.3726249769368,1079.2262264214357,1079.2997960326775,638.625
2.5489272197962154,654.7777534544377,661.0713365868559,1105.579359334002,1068.6572408124161,1068.2646955243254,1068.461961160866,614.73
2.5509279475982534,589.3845018894601,639.8430824369755,1064.8826360593014,1062.716479633178,1062.2393523560934,1062.4791229478708,564.28503
2.5529286754002913,601.6903529172803,621.58994984986,1026.3060085816514,1061.4920622606485,1060.8346267938189,1061.1650075926289,551.01
2.554929403202329,495.6253621684356,554.7605552587339,983.8986159877492,1065.4986554158438,1064.2532091797273,1064.879082810104,471.35995
2.556930131004367,437.9082881283491,490.3464278270135,936.7738877850632,1075.1968540628757,1072.7301487009809,1073.9697412222386,418.25998
2.558930858806405,536.9679095584762,586.2007983699925,900.907407258243,1090.2160080254378,1085.902730559168,1088.0702802681412,519.15
2.560931586608443,511.86375184371553,539.7222159598348,871.1504754072043,1108.87776054179,1102.40801529823,1105.6592539513133,489.94504
2.5629323144104803,1172.0539068853084,1243.6197733232398,891.1316464716346,1128.3355172085235,1119.9627633874954,1124.1703202279714,1127.1449
2.5649330422125183,1132.6093646671382,1186.0699866350717,903.5437610071203,1145.354422107255,1135.9537149885775,1140.677848814555,1079.3551
2.5669337700145562,1085.820759832785,1153.3615058530143,913.5131518114579,1157.3815983442319,1148.259908155071,1152.843827708004,1031.5651
2.5689344978165938,1489.5412816797507,1061.7354000940923,917.1063912766217,1163.4081004609864,1155.9318554872111,1159.6888900725921,949.2599
2.5709352256186317,942.2315644205879,1009.835963016051,915.5506299769057,1164.260165060774,1159.447660427985,1161.8660865778927,920.05505
2.5729359534206697,902.9906820071354,954.2811923326462,914.6741536648785,1162.3191189406025,1160.5485054825756,1161.438291200203,888.19495
2.5749366812227077,870.2890721924817,941.2014255161913,909.4283870655316,1160.9373529324425,1161.848815678689,1161.3907786463358,829.78503
2.576937409024745,842.657427874351,919.0400712847662,903.6011009600803,1163.825888700958,1166.4098989332576,1165.1113572394286,821.81995
2.578938136826783,774.761199115039,845.1831747608965,890.1420432027857,1174.4869660187014,1177.310124606207,1175.8914037790432,768.71985
2.580938864628821,769.3127235278091,823.2493366217954,881.141005833348,1195.5901775227635,1197.115512990184,1196.3489867292724,734.20496
2.5829395924308587,789.0356231154435,809.0734521072172,867.7068434646633,1228.2386230074171,1227.2023439009376,1227.723104852031,728.895
2.5849403202328967,836.4693853896463,912.1766886617045,862.7442067944907,1271.3206642556308,1267.0920266640276,1269.2170423284983,803.235
2.5869410480349346,1748.3355986686333,1551.2224087435507,906.2662447974998,1321.352311876741,1314.1482785553317,1317.7685187210445,1445.745
2.5889417758369726,1429.2540470291333,1498.1187491247742,948.7838398607155,1373.1197528430716,1363.9516051373075,1368.558870968652,1371.4049
2.59094250363901,2118.358734317956,2254.6259160550444,1033.4739753478032,1421.024550783342,1411.3605333830087,1416.2169884261666,2035.1549
2.592943231441048,2119.5140252177284,2224.4644339807523,1111.0753347368416,1460.5967012938947,1451.878289389388,1456.259549657039,2024.535
2.594943959243086,2085.6461000009863,2226.070738033659,1182.2591872895118,1489.5111732417267,1482.7444857169837,1486.144946663368,2005.9501
2.5969446870451236,2067.452360112613,2146.243841315848,1246.558728035274,1507.743520407097,1503.3289066273205,1505.5473808359507,1982.055
2.5989454148471616,2614.7878169938017,2167.3728651653455,1302.4461940671392,1516.9624618504768,1514.7781309052073,1515.8758219166818,1963.4701
2.6009461426491995,2020.280155767221,2149.0123992644085,1357.904034072417,1519.5884938826343,1519.217926628337,1519.4041476517905,1947.5399
2.6029468704512375,2020.8461585850632,2080.3584454326083,1399.9377906488548,1517.9615884072161,1518.9229248944562,1518.4398248297287,1928.955
2.604947598253275,1995.7819526462176,2093.7944457988438,1443.674520361419,1513.8594771565818,1515.7478869224783,1514.7989050703948,1918.3351
2.606948326055313,1972.2217075001483,2079.914998480733,1478.9398391146979,1508.3848257252243,1510.9117206346027,1509.6418810826008,1902.4049
2.608949053857351,1971.1383134353448,2035.3997933608257,1513.7120907032443,1502.1127514536063,1505.0764608029383,1503.5871090540973,1886.475
2.6109497816593885,1951.1534428122575,2056.7393723181835,1543.6998632798238,1495.3647687615708,1498.601778154247,1496.9750850370276,1883.82
2.6129505094614265,1931.8574609978045,2045.7076574214784,1565.8009362150528,1488.4878566095804,1491.8430856448826,1490.1569836549502,1854.6151
2.6149512372634645,1715.732490985582,1798.1510526641805,1573.4559012543089,1482.0280582714522,1485.3605140892387,1483.6858563157714,1647.525
2.6169519650655024,1734.402817102479,1815.3233274406082,1576.981780416395,1476.7180953713714,1479.9348814000182,1478.318351122347,1652.8351
2.61895269286754,1909.564664927372,2005.6947258179234,1603.1253697011696,1473.2671405785384,1476.3614762032075,1474.8064808811657,1828.0651
2.620953420669578,1903.5679626278709,2001.00021586399,1620.1275519744834,1472.0663391202447,1475.136563224579,1473.593684655817,1828.0651
2.622954148471616,1573.574792270091,1634.02153373488,1605.8811345347538,1472.9832673180233,1476.2139929303087,1474.5904575988945,1501.4999
2.6249548762736534,1420.0687210569577,1491.41578809466,1586.0454179523445,1475.381646059086,1478.9936480030144,1477.178510019521,1347.5099
2.6269556040756914,1918.8570537543474,1981.3370056093192,1607.3696441917268,1478.3533724819542,1482.5393860209927,1480.435790205686,1836.0299
2.6289563318777294,1915.0526982349957,2012.9532605643467,1626.2004547275517,1481.0153110115293,1485.8842376030361,1483.437457747355,1838.6849
2.6309570596797673,1907.4818421649231,2046.3968932518123,1642.3929979765062,1482.705962563899,1488.2506134972405,1485.4642621412456,1846.65
2.632957787481805,1918.7379231524706,2022.0650077469447,1658.343245520319,1483.0107442980957,1489.1065507055393,1486.0432273956576,1854.6151
2.634958515283843,1941.6819080399314,2031.449813605208,1678.0037171880783,1481.6649980583961,1488.1023589868228,1484.8673944114894,1867.89
2.636959243085881,1954.6209121678387,2074.9070796571177,1697.2211268452008,1478.4445701196823,1484.9897267481128,1481.7005916400465,1883.82
2.6389599708879183,1901.624630496987,2004.275197776017,1704.5973211867645,1473.1296646648939,1479.5964940849196,1476.3467207195445,1828.0651
2.6409606986899563,1904.5480852315777,2014.7642136981356,1713.7907317917218,1465.5615731608948,1471.8621249202588,1468.695911005393,1828.0651
2.6429614264919943,1879.8084614897807,1970.347037914913,1720.3393437061904,1455.7483478588902,1461.8882500602506,1458.8027673075744,1798.86
2.6449621542940323,1792.4185410304783,1843.0924545867267,1718.9981424127134,1443.955663053804,1449.9674637230933,1446.94635578533,1721.8651
2.64696288209607,1746.5658029290394,1852.5702013110727,1715.8658965495247,1430.7338508174698,1436.5839918948132,1433.6441226912177,1671.42
2.6489636098981078,1727.6757925870963,1854.1934723202442,1714.7568907259079,1416.8762814679926,1422.4076620345659,1419.6279794310108,1658.1449
2.6509643377001457,1603.6532879225035,1736.2977299068505,1696.3494001422255,1403.3448823091333,1408.2990964080552,1405.809457053229,1562.5651
2.6529650655021833,1605.0264371882374,1637.969236533829,1688.7476144958634,1391.2002695378833,1395.3104651953615,1393.244970111667,1551.945
2.6549657933042212,1564.7976827297782,1657.9205067817845,1673.907117132527,1381.5464108472397,1384.6457405179208,1383.088235539808,1504.1549
2.656966521106259,1491.1784873046568,1578.0028070738708,1655.8395094512578,1375.4590225976367,1377.544866430731,1376.4966681108356,1445.745
2.658967248908297,1501.8334221037044,1555.3714058301857,1639.4193195727585,1373.8443252035781,1375.0733787436088,1374.455742928654,1435.1249
2.6609679767103347,1443.875967995937,1505.0535564965976,1616.5496381849514,1377.208047443394,1377.8371054660201,1377.520985173613,1368.7499
2.6629687045123727,1368.2398883141177,1425.237830392701,1590.1828189624216,1385.3975196728038,1385.7039731627751,1385.5499712052856,1299.7201
2.6649694323144106,1290.221278322275,1373.6777907448457,1561.795028206396,1397.4527632656059,1397.6652828551437,1397.5584854654426,1241.3099
2.666970160116448,1863.689861103137,1942.002837242219,1582.4410942731229,1411.6930992598182,1411.9514613719036,1411.8216267565235,1772.3099
2.668970887918486,1858.6457038223627,1932.351687251069,1598.173362459067,1426.0543773547201,1426.4051385046937,1426.2288706354248,1782.93
2.670971615720524,1758.803479088771,1844.163749768422,1609.5720355972367,1438.5233400623802,1438.946122625551,1438.733661862494,1692.66
2.672972343522562,1838.4403154984461,1927.7393494278574,1616.7342377778828,1447.4393318472041,1447.8864231920813,1447.661746546062,1772.3099
2.6749730713245996,1883.647829582455,1953.3722853740949,1631.6068824654437,1451.5178947560846,1451.9510134458656,1451.733358472976,1812.1349
2.6769737991266376,1796.9015705603179,1870.2425061249871,1641.5453740786247,1449.6607182948092,1450.0801968462774,1449.8693964469833,1729.83
2.6789745269286755,1869.9668696685058,1960.3195603891984,1653.7299441874932,1440.7908433377052,1441.2635203896452,1441.0259861678423,1793.5499
2.6809752547307135,1864.3188555460358,1983.994824111763,1664.974077449606,1423.9620486576136,1424.6505199310664,1424.304542719983,1788.2401
2.682975982532751,1859.6633832965285,1945.8576356385659,1675.146326303831,1398.7962658960946,1399.9698624725702,1399.3800954247315,1785.5851
2.684976710334789,1834.4539513963311,1910.171811678881,1681.3396470000207,1366.0161358964713,1368.0118315240236,1367.0089353480812,1756.38
2.686977438136827,1544.8684437739987,1591.2724247962328,1665.4006601775905,1327.6792183259768,1330.7993422390095,1329.2313875380792,1469.64
2.6889781659388645,1074.6744347815459,1125.9978831056724,1614.28215553267,1286.8360118557484,1291.2180779559642,1289.0159599205485,1020.94495
2.6909788937409025,1009.5149646129762,1109.218514543463,1564.2829470485171,1246.6912003993657,1252.2285601602962,1249.4458728344412,986.43005
2.6929796215429405,963.5054122014891,1089.4657146483726,1508.7276768089066,1209.692684469852,1216.074698017491,1212.8675471406866,954.56995
2.6949803493449784,961.1228496770588,1012.4514444079521,1465.6222835633623,1177.02640435568,1183.898600689432,1180.4451184407897,912.08997
2.696981077147016,889.2670112830774,963.7309127332047,1415.6672984685986,1148.7148670002557,1155.8747702201254,1152.2767067378038,869.61
2.698981804949054,825.5496413491628,870.7381820060037,1369.8451086663117,1124.13754940665,1131.6443289559127,1127.8719498417531,795.2699
2.700982532751092,653.8302257185377,706.5850082346104,1305.0532750376665,1102.5958284285348,1110.713922877707,1106.634339915951,641.28
2.7029832605531294,577.1204974443523,652.6448822171172,1253.7793010528524,1083.6728564016885,1092.669080845818,1088.1482115467245,574.905
2.7049839883551674,674.3691347697074,707.7209245156376,1200.3465853726095,1067.3418377221017,1077.2512065215847,1072.2714551317433,641.28
2.7069847161572054,649.3304429783193,681.6577621786408,1152.900577174774,1053.9635343662737,1064.4663650119546,1059.188381462909,614.73
2.7089854439592433,500.57802997643563,701.2727622882378,1102.376939423347,1044.3170895155486,1054.8079555283225,1049.5359845617686,487.29
2.710986171761281,457.0479038712142,515.4457011444412,1050.2811380477028,1039.7127926588205,1049.524790545425,1044.5939709239485,468.70493
2.712986899563319,492.64584176745456,536.2727392298389,1008.8502374649275,1042.101165382712,1050.7548877417396,1046.4061358871395,479.32492
2.714987627365357,426.4798463070181,420.5828502161315,959.9930048227155,1053.9753670300804,1061.3165222897726,1057.627374287793,404.98495
2.7169883551673943,426.15198695596047,489.881926362798,913.761909646696,1077.8374906228753,1084.0109249088039,1080.9085912902337,426.22495
2.7189890829694323,506.9313371037561,585.7569949689063,882.4566609877753,1115.1767954593936,1120.4902799290123,1117.820096569416,484.63498
2.7209898107714703,485.1917090560178,513.3253636328707,846.1353834462128,1165.2840038521986,1170.0639889301804,1167.661904819965,466.05002
2.7229905385735083,564.2192592256818,604.9423388612639,821.1464479006158,1224.5658464865828,1229.0771984095804,1226.8101104180846,535.07996
2.724991266375546,1963.37002301472,2077.736570492734,908.6079001985828,1286.9790972883447,1291.4152081331094,1289.185931012466,1883.82
2.7269919941775838,1936.432913920359,2071.053675360379,987.1604539244238,1345.6281963710767,1350.1356716367095,1347.8705317803867,1870.545
2.7289927219796217,1948.6429156371614,2028.8533732366789,1053.2083167652575,1394.8294867901036,1399.5311903472252,1397.1684450203566,1857.2699
2.7309934497816593,1918.5563853580513,1986.7530531907673,1116.552966919182,1431.6194506467357,1436.6231233444648,1434.108629578512,1843.995
2.7329941775836972,1917.365949041506,2021.1533511893545,1175.8098052126998,1456.0579346669015,1461.4500375250016,1458.7403460960995,1841.34
2.734994905385735,1898.1989778504967,2010.024378455581,1226.0728133979908,1470.4223660517532,1476.2480958906633,1473.320494057571,1833.3749
2.736995633187773,1013.7189430638268,1073.415941510608,1211.0399488444532,1477.931925470463,1484.1652106048025,1481.032800161806,978.46497
2.7389963609898107,673.8444035644897,728.4953793832079,1162.0460894774933,1481.656348944085,1488.1753688173426,1484.89936820306,657.20996
2.7409970887918487,1912.8531140777939,2016.0981680786074,1216.5733465098504,1483.9187206162105,1490.5099430415396,1487.1976585058185,1838.6849
2.7429978165938866,1921.6436511757706,2005.62523964932,1269.9798361941025,1486.1530040449275,1492.5551367659698,1489.3378754084936,1825.41
2.744998544395924,1868.0498815973237,1987.5893780801814,1310.3173144687637,1489.030690543143,1495.0012202178177,1492.000852177514,1809.4801
2.746999272197962,770.1729077567292,836.5566535269112,1269.632251506622,1492.6927434828651,1498.0620181751874,1495.3637985758799,758.1
2.749,1957.4683749846108,2046.4200707875596,1313.0533193200702,1496.993176488499,1501.679000576749,1499.3242351534223,1862.58
2.751000727802038,1959.4231744679275,2057.4432164229647,1364.1571577553937,1501.6903030557762,1505.6745389620398,1503.672342384927,1883.82
2.7530014556040756,1962.201595886081,2082.7899399114604,1402.9627732017643,1506.550839941819,1509.8417956805758,1508.1879929262739,1891.785
2.7550021834061136,1991.004491014378,2068.59873075591,1440.0680737106613,1511.3589271889696,1513.962846364052,1512.6542998366658,1899.7499
2.7570029112081516,1990.6140832497201,2101.3965111794664,1478.17824136989,1515.8354060031575,1517.7418976589981,1516.783829121536,1918.3351
2.759003639010189,2033.6189036719381,2085.2780385908263,1512.951186285183,1519.5337834291722,1520.7082927616993,1520.118067026904,1931.61
2.761004366812227,2039.1974883857588,2128.035218263745,1547.9163197493485,1521.7624090147349,1522.1437796728856,1521.9521296189416,1950.195
2.763005094614265,2033.502851188189,2153.5681128862257,1581.8967332355342,1521.6098011882327,1521.1219439134927,1521.3671066469717,1958.16
2.765005822416303,2092.896487621686,2153.5813346064283,1613.3521424535372,1518.134547107561,1516.720964552407,1517.4313316641903,1984.7101
2.7670065502183405,2079.095922877085,2186.615271418534,1641.2162533171631,1510.718003558502,1508.3945770807823,1509.5621677180611,2003.295
2.7690072780203785,2114.625115167237,2169.274101739489,1678.0957888199619,1499.4624248486116,1496.3689065277415,1497.923491130411,2021.88
2.7710080058224165,2123.136921121128,2202.3638890324596,1706.6627951092412,1485.4142102408061,1481.8432741578363,1483.6377753296092,2035.1549
2.773008733624454,1687.221359339973,1740.1613452460224,1697.7235073636114,1470.4130601878326,1466.8036162991684,1468.6174687841085,1605.045
2.775009461426492,1657.1573238138471,1727.335106572812,1684.9230754088564,1456.5525772161482,1453.4452104506338,1455.0067543070018,1573.1849
2.77701018922853,1575.2061933434768,1665.2259383707785,1676.4807514102267,1445.48325222512,1443.4443727251676,1444.4689700763265,1512.12
2.779010917030568,1551.9556896574084,1643.8171796839486,1658.8834650585807,1437.9094042635672,1437.4390092512435,1437.6753966805331,1498.8451
2.7810116448326054,2069.763318059019,2162.521449381749,1683.3985558259456,1433.520203342881,1434.9658250934976,1434.2393573368236,1982.055
2.7830123726346434,1975.9232016957872,2079.0118302609817,1703.1297869085233,1431.3365281747583,1434.836280799101,1433.07755142412,1905.0599
2.7850131004366814,1950.1496606421945,2038.2100000699627,1714.7463281123023,1430.2373937708335,1435.7052189912188,1432.9574748319699,1849.305
2.787013828238719,1764.4869347151803,1859.1120580621036,1707.6514837555676,1429.3879150907976,1436.5406472547513,1432.9461874404724,1692.66
2.789014556040757,1542.7872839623797,1624.467464862562,1694.4281307136973,1428.410614146423,1436.8263990744567,1432.5972178279007,1485.57
2.791015283842795,1518.9714126938163,1622.066145272626,1675.6811067816473,1427.306199594041,1436.500931514155,1431.880306327534,1456.3651
2.793016011644833,1716.2668575725186,1858.7142271787504,1673.7237405685378,1426.2397027520392,1435.7458754940865,1430.968742067914,1663.455
2.7950167394468703,1726.3032780222472,1806.9685752394644,1671.3810165332088,1425.3240961084186,1434.7557965716699,1430.0160876718567,1668.765
2.7970174672489083,1746.837339942208,1833.0453307759344,1670.5944194224546,1424.4911715713574,1433.5797191789954,1429.0124547551368,1663.455
2.7990181950509463,1713.4893389648432,1867.7419683220999,1672.5790734502648,1423.4794247719078,1432.0688934801249,1427.7524309885914,1652.8351
2.8010189228529843,1692.2184402781293,1799.8866904864358,1670.3024617255421,1421.914693336712,1429.9193563643885,1425.896776052375,1636.9049
2.803019650655022,1794.1742080303275,1883.4013461013392,1671.7053042859695,1419.4239157259326,1426.766694044641,1423.0767304074222,1716.555
2.8050203784570598,2207.7763051296447,1828.452411103897,1673.0590540496635,1415.7241713090184,1422.2889831149776,1418.9899706979124,1668.765
2.8070211062590977,1771.4759504701683,1864.2319334896652,1673.007831322919,1410.6474341201397,1416.2754443743147,1413.4472024900556,1692.66
2.8090218340611353,1680.7878993781073,1771.0131277474545,1666.4944975728467,1404.115679115956,1408.6530988874263,1406.372911029805,1602.39
2.8110225618631732,1634.8679218277914,1709.091567932986,1661.453490913619,1396.1103484351497,1399.4819248390502,1397.7876078121014,1578.495
2.813023289665211,1632.4180083272229,1736.7979292616822,1652.5487516624942,1386.6729227302792,1388.9396974847639,1387.8005760167352,1583.805
2.815024017467249,1653.6700565578408,1682.0250325924649,1651.88914709143,1375.9349099006663,1377.3075338895455,1376.6177496707255,1570.5299
2.8170247452692867,1468.641391738582,1549.0682972148936,1626.489216188787,1364.135910117016,1364.9469986349518,1364.539402625942,1413.8849
2.8190254730713247,1552.4564344666019,1623.0679895281332,1619.0655615881271,1351.5916358606466,1352.2534172936764,1351.9208525181002,1493.535
2.8210262008733626,1449.7406978662511,1518.615347450469,1599.4557502416394,1338.6196511868416,1339.585959334056,1339.1003608629046,1376.715
2.8230269286754,1457.067582378433,1500.0014951044043,1582.757393008718,1325.4619829196358,1327.1896941420464,1326.3214680688081,1392.6449
2.825027656477438,1383.9712636165418,1445.669137118466,1564.8796820919133,1312.2765097195263,1315.163689267627,1313.7127960111234,1323.6151
2.827028384279476,1327.057908998188,1391.5982567517633,1531.5294430939105,1299.2164623896078,1303.5085212481274,1301.3516345181565,1249.275
2.829029112081514,1323.771799790126,1393.744034036433,1517.051588792785,1286.5938882689898,1292.2833784670906,1289.4242410896463,1278.4801
2.8310298398835516,1281.7958247010374,1308.2322553358197,1491.988715323632,1275.0871064162336,1281.8622290032872,1278.4575291882009,1220.07
2.8330305676855896,1146.9169455847025,1399.7026046136339,1462.3481917058193,1265.9262396048182,1273.2184352406919,1269.553890900125,1100.5951
2.8350312954876276,1224.113244065109,1280.1085573609366,1438.1775780353696,1260.9608354429292,1268.097691374164,1264.5112098371646,1172.2799
2.837032023289665,1117.5678174060129,1160.5141523370166,1407.3095222861666,1262.487362782031,1268.8968748710004,1265.6759051625247,1055.4601
2.839032751091703,1116.3804060286004,1162.2639827594144,1377.7345651549383,1272.739527964164,1278.115906172874,1275.4141168461379,1066.08
2.841033478893741,1100.155475800158,1193.6601782911064,1352.402985879775,1293.0749519437977,1297.4324320421563,1295.242669201042,1050.15
2.843034206695779,1073.3847364852177,1095.5013059776397,1333.175533133429,1323.1212659608514,1326.7239206157064,1324.9134799218887,1018.2899
2.8450349344978165,1011.8937606048604,1128.4463059758873,1300.010511413722,1360.3336891127626,1363.5530693585024,1361.9352354098874,975.80994
2.8470356622998545,2112.240030866932,2223.3240780064284,1360.048343914709,1400.3554249032613,1403.5319596366614,1401.9356568273085,2037.8099
2.8490363901018925,2101.4776705311224,2225.023826092541,1410.9915187353163,1438.1849468994087,1441.5428255892666,1439.8553920694233,2029.8451
2.85103711790393,2065.533115458738,2185.447759051897,1457.5244745141795,1469.6567484413708,1473.2794313048394,1471.4589258428514,2005.9501
2.853037845705968,2091.6832746217838,2161.6495656989164,1502.8264999807468,1492.5217019648608,1496.368839810046,1494.4355390701974,1984.7101
2.855038573508006,2034.4144537129023,2138.4587426595645,1534.6543065733824,1506.665921936978,1510.6129135262368,1508.6294333217934,1966.1249
2.857039301310044,2028.4073344466583,2146.1276037425496,1570.0989223671127,1513.5334186864889,1517.422997055172,1515.4683686949522,1950.195
2.8590400291120814,2011.150164229458,2092.6298454448893,1599.7204176789996,1515.2146054370364,1518.9100470220749,1517.0529781469986,1934.265
2.8610407569141194,2004.3354868190218,2110.179797449707,1627.9643902925086,1513.6912250650244,1517.1149879106458,1515.3944456506927,1920.9901
2.8630414847161574,1991.079495964534,2044.1419297080683,1649.0082771242771,1510.4736570162236,1513.6182045004286,1512.0379762314285,1902.4049
2.865042212518195,1980.556150610317,2076.870244761465,1666.7233868383817,1506.5803459976573,1509.4957397498742,1508.0306680199478,1891.785
2.867042940320233,1949.4078558934227,2072.8325312999173,1685.274388431825,1502.6739471118885,1505.4512856586816,1504.0555907594087,1878.5099
2.869043668122271,1677.890047247063,1746.394503481643,1678.2080143526823,1499.1932102331475,1501.9613044344674,1500.5702550926612,1613.0099
2.871044395924309,1520.146208429297,1611.5135826157127,1663.1584570904283,1496.417556120935,1499.348537622905,1497.8756325869358,1456.3651
2.8730451237263464,1004.9935507240787,1069.8997832663629,1606.0368123815342,1494.4810506863876,1497.784181363623,1496.1242603420492,967.84485
2.8750458515283843,1928.6863402716149,2037.3722957166035,1627.2622148662972,1493.3787182589967,1497.2683861082353,1495.3137127813857,1833.3749
2.8770465793304223,1920.820166216534,1998.984289611725,1640.4253891834376,1492.995465915609,1497.643883900056,1495.3079161520577,1838.6849
2.87904730713246,1956.9282746435354,2099.6655234288087,1661.7968935923948,1493.1504368432024,1498.6530047080594,1495.8878013407018,1870.545
2.881048034934498,1986.480209989634,2037.6610247633575,1678.7592330983068,1493.6389496199333,1500.0115460971697,1496.8091275772258,1899.7499
2.8830487627365358,2042.3789275007614,2126.657142759174,1698.7008387596334,1494.2409935053572,1501.4416054420092,1497.8230846234965,1947.5399
2.8850494905385737,1925.3961356575694,1992.5014243603862,1717.0228509605977,1494.6710228794764,1502.62000712685,1498.6254070514394,1846.65
2.8870502183406113,1913.1921670151548,2062.172039308057,1725.650350064611,1494.4554938358874,1503.0349965354844,1498.7235422585284,1851.9601
2.8890509461426492,1939.0803130382192,2029.919464998301,1734.2386962058486,1492.7517518592197,1501.7876552778844,1497.246846118585,1857.2699
2.891051673944687,1940.2934584854356,2045.963864983126,1746.2440418651754,1488.1832038688444,1497.4304694091284,1492.7834445220474,1870.545
2.8930524017467247,1958.3567951315028,2074.3386757082194,1753.8890458825792,1478.8326901108574,1487.9837070214203,1483.3850499221694,1886.475
2.8950531295487627,1999.3875645141236,2095.109142890082,1766.5172155446735,1462.5547116242992,1471.273586844997,1466.892093747234,1913.025
2.8970538573508007,2040.3916234197036,2119.1075788269113,1784.9409430736575,1437.6529708277176,1445.6218040614244,1441.6172292823492,1944.8849
2.8990545851528386,2075.5592139989576,2159.0687439602243,1799.5193303981275,1403.7292961651233,1410.6875690417319,1407.1908307802603,1992.6749
2.901055312954876,1000.6235986902501,1060.657590022649,1731.8153197258496,1362.2761582530084,1368.0416566205859,1365.1443228862145,957.225
2.903056040756914,1907.7040451559353,1992.5399530094078,1737.9517140750556,1316.5863775502728,1321.061773298141,1318.8127543498604,1812.1349
2.905056768558952,950.0349121773003,1018.2861189431405,1672.504312100592,1270.8812066721773,1274.0602416350505,1272.4626823863173,909.43494
2.90705749636099,1160.8621651436022,1230.4395420837766,1624.6888575875537,1229.0277794553322,1231.0114342927855,1230.0145889705798,1084.6649
2.9090582241630276,859.918806177266,868.6705015188446,1556.650479703436,1193.480154910909,1194.4944389049465,1193.9847311494668,819.1649
2.9110589519650656,787.7620822416927,860.4762019847351,1500.8241258121361,1164.9367608647492,1165.3306087705346,1165.1326885300118,776.68494
2.9130596797671036,795.8106072657544,860.1011457190942,1438.3674602356487,1142.7629559547463,1142.9684217730662,1142.8651691123723,755.44495
2.915060407569141,935.1293205404684,986.2981506950714,1398.6449521324812,1125.8655321351025,1126.3244196529204,1126.0938150805327,893.505
2.917061135371179,838.1936468185241,834.0573497900918,1343.0557378403753,1113.5981196486157,1114.6784023802816,1114.135528303911,789.95984
2.919061863173217,722.9563500433645,740.5110074418094,1290.2346844411118,1106.3878422289924,1108.315350716675,1107.3467205985824,686.41504
2.921062590975255,688.3308377625073,743.7364670369308,1242.7163437308668,1105.9128728139133,1108.7344354563716,1107.3165166388744,662.52
2.9230633187772925,459.623454123512,518.2790984163796,1182.1952536302972,1114.7371389991488,1118.3222665362575,1116.5206337383536,455.43002
2.9250640465793305,621.1218478656926,680.7790871888895,1131.2856525369557,1135.3928400840748,1139.4756185699932,1137.4239014272498,598.80005
2.9270647743813685,522.1757735924572,559.5141113932024,1081.4048341570526,1169.1084330764288,1173.3620749351003,1171.2244938856686,511.18503
2.929065502183406,398.22143222539023,445.6794415651075,1029.0763535791768,1214.671834321119,1218.794227263927,1216.7226026830062,389.05502
2.931066229985444,1059.282545345235,1098.434876804698,1026.266111515753,1268.063909784541,1271.845361929074,1269.9450701997623,1010.3251
2.933066957787482,1987.504186083467,2074.176688760268,1096.9590703538868,1323.2458927088994,1326.6007368968453,1324.9148283041106,1889.13
2.93506768558952,1958.3760730063132,2056.056746075395,1157.679746285791,1373.8879261886896,1376.850931231628,1375.3619334176149,1875.8551
2.9370684133915574,1925.4637343102652,2025.9248057471364,1215.3847452708878,1415.237363730587,1417.9409992963506,1416.5823423285185,1862.58
2.9390691411935954,1934.0893824092666,2057.2315194057096,1268.334386167374,1445.247510041494,1447.892915298443,1446.563520785881,1851.9601
2.9410698689956334,1937.5834547928728,1992.7308550472203,1309.650858483935,1464.5520935386091,1467.3776822429186,1465.9577402100679,1846.65
2.943070596797671,1819.1281617887923,1920.0171988822412,1349.7866479765587,1475.537876589205,1478.7848358110787,1477.1531426099207,1753.725
2.945071324599709,1368.5969941952376,1431.835890102693,1341.4674150487906,1481.147499929382,1485.02591485528,1483.0768964557801,1315.65
2.947072052401747,792.4769785515941,877.6465487931682,1299.3647267255444,1483.9709670402995,1488.6344679603487,1486.2909205903738,760.755
2.949072780203785,1897.2146430945756,2016.9610774690225,1343.5905150522426,1485.8387051706845,1491.3724555213125,1488.5915820310643,1830.7201
2.9510735080058224,1917.1775585655014,1997.3970211186627,1379.1136727635048,1487.8206029229182,1494.2389230075032,1491.013527020291,1833.3749
2.9530742358078603,1902.4169083495192,1998.298186976663,1417.2831794124538,1490.4150461991308,1497.660473371449,1494.0194315693489,1828.0651
2.9550749636098983,1908.9026754596969,2036.8484314517414,1447.9855624135707,1493.755462138415,1501.6954001724982,1497.7053460872628,1828.0651
2.957075691411936,1937.4598350773124,2485.486341743842,1483.8573346131511,1497.7649405818122,1506.191072360716,1501.956691515069,1870.545
2.959076419213974,1959.4506957086192,2035.0206285193915,1510.4726458915613,1502.2423503289897,1510.883695499937,1506.5411635490252,1886.475
2.9610771470160118,1987.1942110595583,2086.4426884920526,1546.094776598396,1506.9021391246185,1515.4590472118266,1511.1589473969682,1899.7499
2.9630778748180497,1976.8166515889613,2089.7451523354566,1575.0920007144155,1511.3641706975945,1519.5611022358605,1515.4419013012616,1902.4049
2.9650786026200873,2021.3701726601134,2116.2767658287958,1604.7256941703113,1515.0847364962422,1522.722693655603,1518.8843939061921,1920.9901
2.9670793304221252,2012.4414263194997,2133.701600770386,1630.6775384448965,1517.2445008486784,1524.231562681704,1520.720357116751,1936.92
2.969080058224163,2033.75859463871,2167.890908136061,1654.2139887716799,1516.6362491679276,1522.9825016903726,1519.7933217881596,1950.195
2.9710807860262007,2058.8440440840395,2122.3979251629967,1679.9996638366292,1511.665057291915,1517.4474820862672,1514.5416423209906,1966.1249
2.9730815138282387,2047.2232635485536,2148.9803801936864,1700.7786229485357,1500.5790533743022,1505.8967305388933,1503.2244402258634,1982.055
2.9750822416302767,2067.999688787481,2208.5034197908712,1731.1413430699358,1481.964729012232,1486.9034043951642,1484.4215737054624,2005.9501
2.9770829694323147,2092.9423683657838,2199.753342753392,1753.1824616131162,1455.3564989693625,1459.970935632342,1457.6520445050883,2027.1901
2.979083697234352,2137.4615561161263,2204.9775633949957,1770.959124774608,1421.6484231000497,1425.9617424853623,1423.7941717108283,2037.8099
2.98108442503639,1258.5092940461657,1371.2970150779618,1730.3792173198685,1383.0220566220412,1387.0416417642425,1385.0216811488392,1214.7599
2.983085152838428,1259.8838162327065,1271.0964750915944,1686.560544264054,1342.3672997188758,1346.1171437132957,1344.232736015817,1180.245
2.9850858806404656,1156.0522710036114,1224.7713231339096,1638.8167084664894,1302.4980840446833,1306.0587393861897,1304.269404591572,1116.525
2.9870866084425036,1361.3593910289894,1434.677868582586,1613.7315522069355,1265.5758950080958,1269.1109966693366,1267.3345033560881,1305.0299
2.9890873362445416,1593.327462985502,1684.1391084832526,1603.675434657574,1232.952569861868,1236.6996299278328,1234.8166212368776,1512.12
2.9910880640465796,785.9578802829095,779.5680100043351,1532.705252210704,1205.3193387918125,1209.5430636740168,1207.4205167915593,731.55005
2.993088791848617,736.8510800290118,768.8172611521319,1466.1473983836297,1182.8904935843414,1187.8247519655863,1185.3451409500874,683.76
2.995089519650655,557.9427775796177,569.5075192401252,1392.0717497761211,1165.4563645025441,1171.269507587559,1168.3482309711858,521.80505
2.997090247452693,904.1326834152063,960.007130588633,1350.7537342933426,1152.35261397702,1159.149549382409,1155.7338879798974,856.33484
2.9990909752547306,937.6657433122892,972.751949764304,1312.6053424528309,1142.517367937198,1150.3605284508087,1146.419107936675,893.505
3.0010917030567685,845.8825692421246,919.3922780188564,1273.6034306730053,1134.7360266200621,1143.6512977711693,1139.1711099000856,803.235
3.0030924308588065,904.5855394704638,952.706842392752,1241.2800777713487,1128.0477167952272,1137.9960488696672,1132.996717279861,874.92004
3.0050931586608445,862.6699556840886,884.2697199837559,1205.7332520293648,1122.181777625973,1133.009221013541,1127.5681099449448,837.7499
3.007093886462882,808.850741862631,848.1071787535307,1174.596725267316,1117.8626452960443,1129.2649044431096,1123.5349314262721,776.68494
3.00909461426492,732.1915491781383,978.9998120204729,1137.1868444630165,1116.8378653092582,1128.3759238082257,1122.5777075939598,705.0
3.011095342066958,681.7884362596352,754.9953993457141,1101.2542103587757,1121.5223203509868,1132.699796169417,1127.0827834344939,659.865
3.0130960698689955,601.5706386272931,614.8778392533487,1056.337865981711,1134.2480586125394,1144.627058621562,1139.4113036359577,569.595
3.0150967976710334,513.4295743680805,520.1322156737825,1007.1642805787852,1156.260405589347,1165.5687973849338,1160.8910547436792,481.97995
3.0170975254730714,417.3089600280803,470.38134487168173,959.7287782526208,1186.8190894642262,1194.9977602030367,1190.887735861146,399.67502
3.0190982532751094,906.8094015000069,921.2141594879657,948.5592746850332,1222.8642618954116,1230.0316364806883,1226.4298184159084,853.68005
3.021098981077147,2009.067064614773,2124.4811700300224,1032.4826010789247,1259.546926358198,1265.8984922431978,1262.706642218891,1942.2301
3.023099708879185,1873.8933716448935,1972.100609864543,1096.3738506114391,1291.5037346178246,1297.2027874190073,1294.3388445502196,1801.515
3.025100436681223,1757.0117796137038,1863.5955823646332,1136.4635523859183,1314.322053542511,1319.4431290995751,1316.8696369187105,1695.3151
3.027101164483261,1621.5510234857484,1719.3756497326729,1179.6182398707901,1325.5383353546554,1330.09031699037,1327.8028113645662,1578.495
3.0291018922852984,1554.4742624339501,1623.9678215013298,1202.6049945913373,1324.823978349182,1328.8275493442457,1326.815636312203,1493.535
3.0311026200873363,1457.2272623212757,1545.815772768988,1215.3773135382485,1313.4896203378814,1317.049236835476,1315.2604240907003,1400.61
3.0331033478893743,1402.1920365673432,1445.8518052851152,1226.955422118448,1293.7787808844737,1297.097195926053,1295.4295940585926,1328.9249
3.035104075691412,1330.7683486130948,1374.103597927564,1227.8792160294522,1268.3424468454984,1271.6694444013094,1269.9975295661877,1270.515
3.03710480349345,1266.666911428362,1374.5802128698267,1230.694083938987,1240.0404763224522,1243.5938923797248,1241.8081955399007,1228.035
3.0391055312954878,938.9789081592916,983.7035594577338,1201.9732956272878,1211.9691988468803,1215.8797033136718,1213.9145589692107,880.22986
3.0411062590975257,912.0265498541168,986.5699020375032,1175.2891265805429,1187.540761049351,1191.8464955668771,1189.6827364131095,861.6449
3.0431069868995633,846.2924844533421,908.3519745970756,1143.2933268239399,1170.4706954298701,1175.1478278108225,1172.7974302279074,805.89
3.0451077147016012,767.4621834895833,799.3704943025596,1111.1352689802936,1164.5430807791627,1169.536733662233,1167.0272751499863,739.515
3.047108442503639,711.6601300382245,774.9462329082002,1080.2214005943438,1173.017560278574,1178.2514423119362,1175.6212615348052,694.38
3.0491091703056767,655.1098736676161,688.6513275261353,1042.5400896374322,1197.655953402631,1203.02825365565,1200.3285136224592,633.31506
3.0511098981077147,614.5743828505127,616.6891782261094,1006.5647391511171,1237.6562765374088,1243.0465542649788,1240.337780018238,577.56006
3.0531106259097527,577.1177822532466,589.3830684469723,969.265338217656,1289.0977212483729,1294.3962263959102,1291.7335705894268,532.42505
3.0551113537117907,2146.3597426517663,2255.112375461716,1053.8955093593486,1345.484421794253,1350.630755391907,1348.0445702973689,2043.12
3.057112081513828,2105.3840510791897,2225.112492004919,1134.4784108238293,1399.424233597377,1404.4276228919807,1401.9132715444944,2027.1901
3.059112809315866,2083.9891513474067,2180.729328430624,1202.3368441830646,1444.7579365066965,1449.6821933506922,1447.2076084039595,2013.9149
3.061113537117904,2074.2294533223094,2171.1555812876145,1265.2617503598983,1478.1177582411387,1483.03970091279,1480.5662789062185,1990.0199
3.0631142649199417,2034.7269698007458,2159.9856547503255,1321.1012561421176,1499.2498329278808,1504.2160043368888,1501.7203560795058,1974.09
3.0651149927219796,2040.4706639374049,2111.990184400668,1375.0958576146895,1510.1893907582883,1515.1932845612253,1512.678679683355,1955.505
3.0671157205240176,2015.465829511291,2135.068266432281,1416.7138091145787,1513.9463988876573,1518.9295254919004,1516.4253567466085,1936.92
3.0691164483260556,1995.0541684228936,2100.8332128895604,1460.8661569197393,1513.397144633132,1518.261231361488,1515.8168836804225,1920.9901
3.071117176128093,1973.214759481861,2071.2857438854785,1495.0568297847733,1510.724974597335,1515.3429045435007,1513.0222579379563,1913.025
3.073117903930131,1984.6888360444616,2055.8686862774534,1532.4963358747534,1507.350448688298,1511.5722661673685,1509.450677811493,1899.7499
3.075118631732169,1955.542648517807,2084.449041477794,1554.3462505036578,1504.110059021799,1507.7716971988116,1505.9316155377046,1883.82
3.0771193595342066,1718.3933710183514,1818.5686299262443,1566.8405809240842,1501.4629341376658,1504.4067959093456,1502.9274181562653,1663.455
3.0791200873362445,981.8060467999952,1100.3598961554949,1518.232256546941,1499.6271888162764,1501.7347894133807,1500.6756576750192,975.80994
3.0811208151382825,731.1384490690799,810.3735738120969,1450.9949200126252,1498.6401853589819,1499.8671027542498,1499.2505404153221,702.345
3.0831215429403205,1933.4303492381619,2031.2116123591984,1483.7903860522183,1498.381613317737,1498.7791027136175,1498.579352516442,1836.0299
3.085122270742358,1954.219168191762,2026.2764919427766,1513.6550844286808,1498.5924147713408,1498.303430667811,1498.4486537410778,1857.2699
3.087122998544396,1953.6847667959648,2016.8699373122176,1541.5180783949982,1498.877093164821,1498.1057365060915,1498.4933660787815,1881.1649
3.089123726346434,1990.654925002221,2107.829662122343,1573.1307675923797,1498.698998311783,1497.6666201097435,1498.1854207407905,1918.3351
3.0911244541484715,2042.2179424400879,2180.2081581917673,1605.259552943869,1497.37287354339,1496.2818441544878,1496.8301187444924,1955.505
3.0931251819505095,2079.9139059797403,2199.5805181955366,1636.4091727021582,1494.105503636696,1493.1299508127338,1493.6201950078278,2008.6051
3.0951259097525474,1937.905560415021,2000.1252667218182,1652.298768687672,1488.151432839442,1487.4589839338469,1487.8069600229203,1857.2699
3.0971266375545854,1949.0072943953037,2029.5713960273106,1668.9415596179783,1479.105364202465,1478.8920904246095,1478.9992668162834,1862.58
3.099127365356623,1968.3632133350493,2052.8361235060374,1686.1947477048254,1467.2507746293145,1467.755952497276,1467.5020856525757,1875.8551
3.101128093158661,1966.2634831134906,2050.8035196567585,1704.815326465793,1453.7791323456113,1455.252089731982,1454.5118850085148,1889.13
3.103128820960699,1644.2705146072515,1690.088058669839,1691.3675940136309,1440.6878708239517,1443.3099184342045,1441.9922618310848,1581.15
3.1051295487627364,1586.4070800526713,1682.6100375308922,1680.898219595991,1430.2808566461927,1434.0820308579098,1432.1718282055658,1533.36
3.1071302765647744,1589.7854435640218,1673.1386397147394,1665.4611067161986,1424.4208680121897,1429.245028855199,1426.8207451143367,1536.015
3.1091310043668123,1591.4599876721816,1713.42307221385,1658.744777991727,1423.8361177000602,1429.3825780528637,1426.5953174099848,1530.705
3.1111317321688503,1540.519225925544,1622.818862027629,1644.4506582338508,1427.7819314730625,1433.702154914369,1430.7270672466705,1474.9501
3.113132459970888,2337.7861755096064,2047.3911971737723,1664.3605842559996,1434.1830369434106,1440.1748297214062,1437.1637763417582,1859.9249
3.115133187772926,1894.2301387246484,2002.221170990147,1675.5767051479788,1440.1625218329236,1446.0137878743694,1443.0733533429852,1828.0651
3.1171339155749638,1896.8946847025143,1980.1244720189925,1683.359231181707,1442.723453440348,1448.3040386465298,1445.4996292538688,1804.17
3.1191346433770013,1864.668391787489,1937.1794471023195,1689.843537936157,1439.3715343532538,1444.6114942892182,1441.97825918597,1793.5499
3.1211353711790393,1859.3704235225064,1939.5639708892045,1701.3548804210461,1428.563754352627,1433.4544292865876,1430.996720244522,1785.5851
3.1231360989810772,1870.015881725226,1998.0705467925984,1707.9795273619793,1409.9386396976943,1414.551799442563,1412.2335500044887,1804.17
3.125136826783115,1880.3073102360997,2013.9630019330934,1719.2814492410912,1384.286759033204,1388.770627137427,1386.517350579082,1833.3749
3.1271375545851527,1350.397729326645,1409.2892564995393,1682.599410432698,1353.2366005452773,1357.7545429077916,1355.4841430251947,1286.445
3.1291382823871907,1343.1010378979217,1419.4616735362854,1651.460996717998,1318.7420428557639,1323.3653448398704,1321.0419986261127,1281.1349
3.1311390101892287,1289.406662088019,1376.595077454255,1615.567622346185,1282.597842228231,1287.2097257242776,1284.892117639046,1241.3099
3.1331397379912667,1238.2847235676359,1345.6936276151573,1582.414579960715,1246.230834070803,1250.5045901971007,1248.3569011322954,1188.2101
3.135140465793304,1097.1220567452617,1160.0461776040142,1539.1714919405297,1210.826335096995,1214.3029939636463,1212.555869886065,1047.495
3.137141193595342,1022.408507334549,1086.1180904264882,1499.944325963444,1177.5865059275786,1179.8265255380015,1178.7008493224937,999.70496
3.13914192139738,716.8247687507508,771.714930535104,1432.2387184981637,1147.8454839309154,1148.5954569239748,1148.2185732767816,694.38
3.1411426491994177,447.89998108710256,487.87477250260497,1355.6108480504404,1122.911047050756,1122.2261981461963,1122.570355009597,420.915
3.1431433770014556,514.5654092461878,589.9873562155647,1283.6741010063572,1103.7756814130782,1102.0603850222672,1102.9223722748334,508.53
3.1451441048034936,652.0385032914683,666.944302355021,1236.4917415056914,1090.9507474831917,1088.9055564037412,1089.9333255105803,622.69495
3.1471448326055316,554.8142800632692,619.8913916453066,1173.686606045241,1084.583081818878,1083.0692500814678,1083.8299953772475,548.355
3.149145560407569,933.3874429923274,970.9968771289001,1155.4941342589245,1084.7633497607012,1084.6145893228515,1084.6893458499449,890.85
3.151146288209607,855.4701293608676,902.0223511538785,1128.0966799737382,1091.7885137831154,1093.6201604509367,1092.6997037372603,821.81995
3.153147016011645,764.6237893028839,852.5210990065718,1095.578235527957,1106.1689572899613,1110.2479487833878,1108.1981347165624,752.7899
3.1551477438136826,546.3588912964548,588.4567111523461,1049.9539681799247,1128.346508317713,1134.5754239480648,1131.44520931027,511.18503
3.1571484716157205,551.2177990276422,591.6526173719906,1009.4676006045947,1158.2729956203427,1166.2978053988645,1162.2651007476973,537.735
3.1591491994177585,395.4646843788743,439.6250885590031,960.8149649246695,1195.0840067608217,1204.476192339728,1199.7563408399385,389.05502
3.1611499272197965,1508.1016545855214,1579.9643663389459,997.2768904238852,1237.0225791542966,1247.4473421459352,1242.2085899058243,1445.745
3.163150655021834,1428.230303466582,1546.563093263818,1028.71878708362,1281.6305701493488,1292.9225245402836,1287.2479829312142,1358.13
3.165151382823872,1327.5993227425718,1421.714822195025,1048.7937380051076,1326.0999318873519,1338.21999619043,1332.1293048174975,1286.445
3.16715211062591,1299.0529023388005,1358.3728005136354,1065.957916211362,1367.6674835938416,1380.5779765284528,1374.0900713514832,1246.62
3.1691528384279475,1980.9065401914668,2103.4460932304382,1129.2904663283282,1403.99245211523,1417.5248410419294,1410.7244147050753,1897.0951
3.1711535662299855,1970.2523258809076,2089.6827487632945,1190.4209048491273,1433.4942484449466,1447.2828324619325,1440.3536605023512,1883.82
3.1731542940320234,1955.7573133117642,2088.8646470607687,1248.893050137806,1455.5835072857376,1469.1032287412986,1462.3091681839694,1875.8551
3.1751550218340614,1932.6448602669377,2076.9174959203137,1293.3100254701023,1470.689398555405,1483.3837602611493,1477.0044674296396,1859.9249
3.177155749636099,1918.8230677428403,2043.4387296873851,1336.884187459298,1480.0370382313235,1491.4765486087206,1485.727855745062,1851.9601
3.179156477438137,1924.2576035496816,2018.6506185059507,1378.9657012540108,1485.2521003083555,1495.2475568896702,1490.2245438390817,1846.65
3.181157205240175,1412.6412898639853,1502.508775042429,1375.757493490531,1487.9561401965188,1496.5732630962066,1492.2429035541952,1368.7499
3.1831579330422124,1418.1017531824398,1529.7337677316764,1383.9344225527025,1489.4907723115602,1496.9635675201323,1493.2082665439664,1395.2999
3.1851586608442504,1920.1671844467671,2009.0718343760964,1416.6708130014367,1490.8113512547534,1497.4035505019801,1494.0907750843166,1838.6849
3.1871593886462883,1925.7756848899094,2038.6710300521756,1450.406016648967,1492.4985738372648,1498.3873595272564,1495.4280702609467,1838.6849
3.1891601164483263,1875.5130969063105,2004.8489497174287,1482.6063082188032,1494.8228911149913,1500.0629219997443,1497.4296512426279,1828.0651
3.191160844250364,1911.1071084966059,2042.5099626746226,1508.9124421471827,1497.8204025029909,1502.397604319139,1500.097424805512,1846.65
3.193161572052402,1963.8346362883124,2071.801317692151,1539.3834017170711,1501.3682964402133,1505.301897417152,1503.3251463921006,1878.5099
3.19516229985444,1989.3901409490404,2048.507817491495,1566.044152182854,1505.2574744516758,1508.6833091620376,1506.961725728673,1886.475
3.1971630276564773,1976.010266679605,2048.9162160402093,1590.401741946487,1509.231531073777,1512.4171041999916,1510.8162593304842,1897.0951
3.1991637554585153,1980.8500242755629,2071.9893320455612,1619.3299748365052,1512.9647280571194,1516.250853235701,1514.5994779809937,1910.37
3.2011644832605533,2003.9817563786169,2103.874744393651,1645.8456313480333,1515.9450578710052,1519.6465939933755,1517.7864624327374,1926.2999
3.2031652110625912,2030.9704408579032,2122.6328298689136,1667.1904334491223,1517.2777771744186,1521.5918122808937,1519.423881835272,1934.265
3.2051659388646287,2026.075944498943,2128.7340359575555,1691.7368767543346,1515.4736275772607,1520.4311434560454,1517.9398448590223,1952.85
3.2071666666666667,2040.827664670197,2170.3648080580065,1710.0163193577268,1508.3703330960848,1513.844369526207,1511.0935040500563,1968.7799
3.2091673944687047,2061.215866796316,2165.5177396246986,1732.4999990501315,1493.380476013846,1499.1414109500379,1496.2463704751306,1984.7101
3.211168122270742,2074.9245586540205,2199.829824797177,1752.9624407259407,1468.1918237165028,1473.9843647120442,1471.0734412559748,2003.295
3.21316885007278,2118.2523172294377,2229.0381434005676,1778.4400573926296,1431.8103402087354,1437.4192890116678,1434.6006260713596,2032.4999
3.215169577874818,2155.6323719703846,2278.330474867739,1798.9419860641303,1385.518485108767,1390.7968603935374,1388.1443204394477,2051.0852
3.217170305676856,1476.39050108208,1537.8289667947356,1768.0117009095297,1333.1706637131279,1338.0239132780039,1335.5850115926412,1413.8849
3.2191710334788937,844.5742360018284,943.7594610643939,1693.6704336794676,1280.46674444432,1284.8128633511303,1282.6288098453479,813.85486
3.2211717612809316,772.2084088159822,818.3840021177712,1615.5858945217594,1233.389651474612,1237.1290601999935,1235.2498965343548,744.82495
3.2231724890829696,397.48978768821826,430.28178175164237,1521.3426565419911,1196.4911781209378,1199.5114050415802,1197.9936515388051,399.67502
3.225173216885007,883.0856596109221,926.0819037849498,1465.1399534763466,1171.7914818936058,1174.0056576189431,1172.8929687213235,837.7499
3.227173944687045,658.6423086163152,766.3886924604709,1397.4280566328648,1158.677519100023,1160.0709209630436,1159.3706952469163,633.31506
3.229174672489083,610.4040042205063,675.1943885705372,1330.2587217489877,1154.6431228897013,1155.2968024844006,1154.968309122605,588.18005
3.231175400291121,946.7519831969508,978.3473584682757,1297.8007238800392,1156.376385087861,1156.4537535979737,1156.414873629576,872.265
3.2331761280931586,1138.7572761113258,1218.1644039679488,1280.5201106066859,1160.7097445252025,1160.4150036746046,1160.5631196838185,1089.975
3.2351768558951965,1341.8281167738578,1414.8265243205221,1281.985242226984,1165.1797556203894,1164.7124225771488,1164.9472712762624,1297.0651
3.2371775836972345,1284.901164900221,1371.1511960933742,1278.635576632148,1168.1968555014753,1167.7246916922115,1167.9619679943646,1238.6549
3.239178311499272,966.4574959712986,1013.7058979164091,1247.7983049489476,1168.9643269056837,1168.622360197447,1168.794208599205,914.745
3.24117903930131,442.4931865768438,513.0209131743064,1182.5308137908912,1167.2990556469779,1167.206919426282,1167.2532206067456,423.57004
3.243179767103348,747.3904445336291,815.7370307615909,1146.0261709349634,1163.4456488246528,1163.7265483843862,1163.585388033884,734.20496
3.245180494905386,1054.95494155084,1102.0043461277944,1137.8767393930318,1157.9192507814776,1158.7066223919799,1158.3109448315763,1002.36
3.2471812227074235,955.7186601336883,1004.2742831296123,1118.0254304582522,1151.3848279970475,1152.8125733878915,1152.0950890315955,925.36487
3.2491819505094615,944.7395830802355,984.5400270035548,1098.6943303378307,1144.5794406087534,1146.7625846610201,1145.6654900984415,885.5399
3.2511826783114994,879.918889776857,929.6607993530138,1081.1709190975125,1138.263920696429,1141.282052573515,1139.7653518921934,832.44006
3.2531834061135374,784.1677817833449,822.068751533964,1055.3186601825284,1133.166014876455,1137.0592210250063,1135.1027695979287,758.1
3.255184133915575,730.2503701689463,774.0464026534647,1024.0527720047958,1129.8818173039595,1134.659495530952,1132.2585706817,686.41504
3.257184861717613,784.8196372200788,842.1555170529379,1001.6570782527594,1128.731155470693,1134.384647311613,1131.5436001751145,752.7899
3.259185589519651,797.0037919139667,859.0953090217943,981.4399663473432,1129.6235006309244,1136.1296320180254,1132.860108249862,755.44495
3.2611863173216884,709.6346038661275,776.2213018103768,957.5987955467456,1132.0188060257935,1139.328353730557,1135.6550894613126,675.79504
3.2631870451237264,1019.9425970932346,1096.2138472237054,958.4491876774273,1135.0397078180958,1143.055623034108,1139.0273881641065,989.0851
3.2651877729257643,972.6045504496905,1023.9944343607144,959.6530593736115,1137.7129119315782,1146.2703904582795,1141.9700039806764,941.29504
3.2671885007278023,948.4451621351927,981.5945835640758,957.2016304589172,1139.2404549382447,1148.1008637397233,1143.6482458246421,898.81506
3.26918922852984,904.417388397534,999.4542967193403,948.4913354976175,1139.182292348668,1148.0460447800176,1143.59174659187,872.265
3.271189956331878,864.8794240075023,930.3758598254726,936.1779234146898,1137.4811569123149,1146.0181240883526,1141.728045172113,835.09485
3.273190684133916,841.6712194774952,941.5471593207541,929.7570391851472,1134.3515563937299,1142.2435700984333,1138.2775994084845,819.1649
3.2751914119359533,847.1556375175903,907.5751449283613,919.611771283841,1130.1149047665774,1137.1035870100616,1133.591567140848,808.54504
3.2771921397379913,844.702020222324,889.1222528020279,909.5618725275339,1125.0762007245353,1131.0085098734771,1128.0273487796492,787.30505
3.2791928675400293,793.3157036617612,878.0533960076401,896.2589953762321,1119.4786815331913,1124.3384928301425,1121.8962936800187,774.0299
3.2811935953420672,795.3564904136668,827.6237391627396,887.1457996554793,1113.5532775334073,1117.4643867869977,1115.498938519253,763.41003
3.2831943231441048,789.8917760595164,832.1201044613595,877.3077594904972,1107.619557892588,1110.8076206864537,1109.2055246851946,742.17004
3.2851950509461427,736.043204672239,766.8725089892292,859.9706433161574,1102.2233565020977,1104.9396475064113,1103.5746308057867,707.655
3.2871957787481807,717.5414986643718,758.082556905583,846.9443422883454,1098.305133152728,1100.7392130229641,1099.5160157778053,683.76
3.2891965065502182,685.5388142833312,760.3354532352859,833.0782731895631,1097.388705464328,1099.6113937382813,1098.4944270327956,670.485
3.291197234352256,675.7764039164917,701.5467385958366,820.4732009656689,1101.7151554790744,1103.681219330255,1102.6932139997898,643.93506
3.293197962154294,679.4513513394767,741.6125487017998,807.6577521797248,1114.1433717814273,1115.7481168743868,1114.9416849241072,654.55505
3.295198689956332,693.5258424676896,704.586571657579,789.4678731798294,1137.5985222759864,1138.7497794891358,1138.171238633179,654.55505
3.2971994177583697,671.0598508804958,726.2094601809034,782.2821069804701,1174.011859791483,1174.6767633602256,1174.3426296189593,630.66003
3.2992001455604076,671.2953447589109,676.3889915057987,769.400430859221,1223.071190171337,1223.2833254364332,1223.1767211811498,614.73
3.3012008733624456,638.8809520824692,661.2268162029504,756.4496950647101,1281.4602248656226,1281.3041038756908,1281.382559298264,606.765
3.303201601164483,2140.045786267736,2221.834680296867,856.9102565199889,1343.2326818627243,1342.8306818365754,1343.03269875909,2051.0852
3.305202328966521,2130.1734319314282,2228.6084816730413,952.3219458319588,1401.3985414840708,1400.910327025897,1401.155669254633,2043.12
3.307203056768559,2095.951701751897,2175.8900649089346,1034.7497789245526,1450.0388005818347,1449.6597335005654,1449.8502259388822,2016.57
3.309203784570597,2082.1308979184155,2177.310523997119,1110.290341991417,1485.9008892403872,1485.837555154421,1485.8693824089107,1995.33
3.3112045123726346,2565.039545789067,2189.6917544614766,1182.950801506197,1508.7771692483443,1509.1857539055238,1508.980428010845,1979.4
3.3132052401746726,2044.1444565199229,2146.3413786364513,1245.9980664004645,1520.7231647349513,1521.622870143434,1521.1707415216217,1960.8151
3.3152059679767105,2041.3433969897956,2111.2618877092364,1302.1218486114324,1524.7560604995542,1525.9425432826586,1525.346300534231,1944.8849
3.317206695778748,2323.7223898239013,2122.1315662169563,1353.7979230304825,1523.7350881544376,1524.7264582838372,1524.2282654241687,1931.61
3.319207423580786,2006.029739022611,2497.552450857902,1403.1474657473234,1519.7899592013116,1519.8339181052856,1519.8118274537428,1913.025
3.321208151382824,2005.3914403783908,2130.245173447836,1437.3007969229147,1514.2778140072232,1512.4429687662387,1513.3650328576884,1910.37
3.323208879184862,1968.813646426107,2089.0963718813073,1472.277020451048,1508.0379410992223,1503.4043237057658,1505.7328537183193,1891.785
3.3252096069868995,1820.3388886728344,1950.6754803567285,1499.3141703117674,1501.6928435674188,1493.631940946289,1497.6827833201282,1772.3099
3.3272103347889375,2081.0491562198754,1742.427745153439,1504.4510262265821,1495.828581372071,1484.3081070838089,1490.0974867112577,1570.5299
3.3292110625909754,1504.6681826056083,1570.9713913882633,1496.9221803729429,1490.9968515187957,1476.7825559293021,1483.925660565905,1429.8151
3.331211790393013,1914.6540500492883,2015.9117608323552,1527.1420246275347,1487.5806987221602,1472.1826755916784,1479.9206383859207,1838.6849
3.333212518195051,1902.936840009336,2047.1428600860972,1548.7656196093924,1485.6278752471019,1470.929951212838,1478.3160934705797,1838.6849
3.335213245997089,1333.7318855155738,1388.3465582476115,1529.0167926766983,1484.7232216898242,1472.394861920889,1478.5902279362322,1286.445
3.337213973799127,1156.3202284039921,1233.4655343540655,1494.8377839651316,1483.940378582403,1474.8670753091135,1479.426679003344,1100.5951
3.3392147016011644,1927.0195430527915,2021.0904240361235,1521.0054240972395,1481.8381900701058,1475.7836838060969,1478.8262525703733,1843.995
3.3412154294032024,1920.3566917630887,2020.7327997000427,1545.3813735352608,1476.5169402245917,1472.0982661973908,1474.3187808006378,1846.65
3.3432161572052403,1932.6473013941613,2030.4513518242786,1574.1286149805808,1465.8246232494907,1460.7296704423202,1463.2900351674684,1859.9249
3.345216885007278,1937.8783699849116,2048.946995974083,1599.7516875644442,1447.8552462920097,1439.2038437045037,1443.5514298051903,1865.235
3.347217612809316,1942.5710924344555,2056.939122476881,1621.2433279748898,1421.769317149738,1406.5825500784317,1414.2143504444125,1875.8551
3.349218340611354,1986.8498403048834,2064.6820013313545,1642.9618018775395,1388.697496088504,1364.4835016734075,1376.651751214032,1889.13
3.351219068413392,1637.316480541339,1719.4060726660025,1634.103004370032,1352.2284836898857,1317.6364978693593,1335.019995542402,1575.84
3.3532197962154293,870.5037293983435,879.2121677548039,1571.018566306875,1317.9787074673334,1273.3597278927223,1295.782086979969,821.81995
3.3552205240174673,1173.0211396008112,690.0883323018782,1492.3352739522663,1292.124222601863,1239.7710175910465,1266.080054088796,628.005
3.3572212518195053,560.9522649574631,584.3827719430167,1418.0759351553627,1279.375407827372,1223.2723799244266,1251.4658135151283,527.115
3.3592219796215432,427.6591182591022,475.2844760158484,1340.345021730317,1281.30224068041,1226.3730915676533,1253.9766162897647,415.60495
3.3612227074235808,564.877659033258,640.4940342353683,1276.420529573051,1295.8361054833422,1246.8748457634645,1271.4793292650938,537.735
3.3632234352256187,1732.142025770184,1816.1573776213345,1308.8316807198241,1318.186917090849,1278.8077406679176,1298.5969434406643,1663.455
3.3652241630276567,1674.5813589212385,1759.8318792571642,1331.8330724655912,1342.6754079963735,1314.6438952599228,1328.7305608521829,1618.32
3.3672248908296942,1686.5529559119093,1762.5286393683823,1353.6710305746767,1364.5713348774314,1347.7317847592783,1356.1941575705061,1615.6649
3.369225618631732,1679.5727139123323,1789.6915640987136,1376.3542189650677,1381.1647589840918,1373.920650728455,1377.5610297358494,1626.285
3.37122634643377,1652.6713421146637,1739.8945135626207,1391.8523340334211,1391.8334232037148,1391.903300805464,1391.8681852404395,1573.1849
3.373227074235808,1690.9109205574193,1802.9493694072016,1407.95258744029,1397.4006057607874,1402.5119574141281,1399.9433517829582,1628.9401
3.3752278020378457,1674.0143797376616,1778.8103284586418,1422.1746718147967,1399.2972059925637,1407.603357579416,1403.4292703347253,1605.045
3.3772285298398836,1666.7045081694912,1989.5557216235702,1440.720819157069,1398.9217829006252,1409.1195326527422,1403.9948612908279,1597.08
3.3792292576419216,1632.5471930499261,1721.4477917356699,1453.6679666800133,1397.3298169510472,1408.5862557284465,1402.9295617673395,1570.5299
3.381229985443959,1617.8085140942658,1737.4966494360035,1459.1015024175526,1395.1838960944187,1407.0008328951433,1401.0624720723888,1546.6349
3.383230713245997,1635.4854822924046,1725.8718632678413,1462.9630246306685,1392.8353096438175,1404.9254197482426,1398.8497812475355,1575.84
3.385231441048035,1621.2237560460494,2038.0024425704548,1472.0934216250375,1390.4444897067178,1402.6392247431663,1396.5110091145716,1546.6349
3.387232168850073,1583.556251649539,1712.374414433807,1477.7692789201967,1388.069470099261,1400.249230026248,1394.1285398338,1536.015
3.3892328966521106,1642.700881126432,1742.4915567594655,1482.264761915032,1385.698558567788,1397.7453409300178,1391.6914759033618,1575.84
3.3912336244541486,1587.028744668387,1611.2703984692516,1484.464896834065,1383.201300519886,1394.9787253470386,1389.0602204615584,1501.4999
3.3932343522561865,1587.7040319172331,1689.1891816942289,1491.048245827773,1380.191588268177,1391.558648438101,1385.8463639500574,1536.015
3.395235080058224,1613.6957957052643,1727.6738222925421,1496.9362742168496,1375.8324545763107,1386.6741089659117,1381.2258564477884,1557.255
3.397235807860262,1569.9284908755944,1627.4613844371156,1494.8479269735042,1368.6787380887772,1378.940731671523,1373.7837758814746,1501.4999
3.3992365356623,1576.9771249379626,1676.6981090510067,1495.198079166479,1356.7083617917783,1366.4237837541502,1361.541496395692,1512.12
3.401237263464338,1650.9221608006578,1745.159744827402,1507.0790554833206,1337.7036551817614,1347.00929777851,1342.3329366911173,1581.15
3.4032379912663755,1613.8735414602095,1719.1088387224593,1507.0703987132622,1310.015823471056,1319.1574189701782,1314.5634964092887,1543.9801
3.4052387190684135,1554.7878002008663,1621.9465747779511,1505.5753912673745,1273.4873745345108,1282.804089406957,1278.122164173007,1485.57
3.4072394468704514,1585.3734049394122,1678.2804642135031,1505.233735149889,1230.0665573475574,1239.942092746568,1234.979343642789,1509.465
3.409240174672489,628.5479508362672,674.6289227022426,1432.1825629054292,1183.6482934448932,1194.4283569895072,1189.0110556956379,598.80005
3.411240902474527,405.0576364160619,478.7421255349749,1352.969281398339,1139.0794838836148,1150.9764503937852,1144.9978722711294,391.70993
3.413241630276565,604.0500103909952,693.1078364353672,1286.3550249663804,1100.7623098299628,1113.7829309550048,1107.2396830997623,572.25
3.415242358078603,508.17401046483633,555.3716744835699,1222.7088166945498,1071.5924293444978,1085.5158233139964,1078.5189053594909,466.05002
3.4172430858806404,417.42148708442477,467.1697270566093,1156.7652964349147,1052.7610246923355,1067.1728198795731,1059.9304658441174,402.32993
3.4192438136826784,498.56690933028045,595.4255486806704,1099.5073122231925,1044.4105032603015,1058.781170900524,1051.5594846758597,489.94504
3.4212445414847164,617.5593210587874,662.519155927869,1062.030458028058,1046.633620573637,1060.425474638142,1053.494659382806,580.21497
3.423245269286754,558.5883239817756,589.2102980732254,1016.5555401541093,1060.1377954625718,1072.9242851839358,1066.4986952952563,537.735
3.425245997088792,486.9542105650191,555.8609079466978,978.7509155381035,1086.1023375010284,1097.6728317942473,1091.8583156324496,492.59995
3.42724672489083,633.79918707893,685.5807024232985,944.8127665416241,1125.2150960452225,1135.623112204607,1130.392775743834,598.80005
3.429247452692868,473.42121557714665,536.8735002466556,909.3139856315156,1176.3860927575886,1185.9050394363062,1181.121486728525,460.73996
3.4312481804949053,415.1616780049282,435.4726374704783,866.7233423128622,1235.94559552714,1244.9367431953567,1240.4184251265606,399.67502
3.4332489082969433,1985.2744133808906,2067.4091304464823,949.0195087658691,1297.9840064341033,1306.7345706448307,1302.3371528907817,1902.4049
3.4352496360989813,1972.5164649073488,2069.4330623128917,1026.10264124845,1355.8612834151677,1364.4748298781242,1360.1462676015233,1891.785
3.437250363901019,1962.153436454106,2067.9175820209803,1090.7516777348105,1404.177392631325,1412.5697968287277,1408.3523650919751,1875.8551
3.4392510917030568,1940.1187680453493,2061.587808826332,1155.4925240545747,1440.1932106134984,1448.1848881007115,1444.1688334074815,1867.89
3.4412518195050947,1940.4413271953006,2040.6888589636674,1213.3265800194565,1464.0843299063226,1471.5265017671695,1467.7865899304616,1857.2699
3.4432525473071327,1928.404726978368,2020.2563059840004,1265.2755313920338,1478.12261109913,1484.9860443843183,1481.5369658271873,1854.6151
3.4452532751091702,1550.506594911275,1660.1565159004529,1279.6306259146595,1485.4272011692467,1491.8150187648737,1488.6049511820086,1480.2599
3.447254002911208,1443.9517926206565,1500.0818437235928,1287.8277117310988,1488.9252312819458,1495.0188162116945,1491.9566092601665,1379.37
3.449254730713246,1405.9865275676523,1522.65809960011,1291.2631328345333,1490.8179940823645,1496.798006725057,1493.7928732123887,1360.785
3.4512554585152837,1936.2556623472253,2039.9789378461362,1336.9377583684898,1492.4896851111234,1498.4779802318776,1495.4686845286124,1846.65
3.4532561863173217,1919.5574523305065,2052.621160968133,1376.188233199927,1494.6474668497908,1500.6963203347213,1497.6565922593973,1849.305
3.4552569141193596,1943.9807511965612,2030.2347232068043,1418.4255168639916,1497.5196367286485,1503.646760435555,1500.5676992549086,1857.2699
3.4572576419213976,1894.4500502998785,1989.5635166525985,1451.0092668984735,1501.040062515575,1507.2851242847535,1504.146795733864,1814.7899
3.459258369723435,1986.7583994340414,2070.955595566175,1483.3884884855358,1504.991476232412,1511.4623431396574,1508.2105408173427,1886.475
3.461259097525473,1978.6090576256004,2078.6958634112016,1515.6291101635707,1509.1021205837374,1515.985996345972,1512.5266448385105,1902.4049
3.463259825327511,1990.9245314543941,2105.749788753728,1550.1967163481174,1513.077709875708,1520.6112914803132,1516.825443539325,1915.68
3.4652605531295486,2005.9434784012221,2141.66029192951,1577.9819689045366,1516.5421125022458,1524.9527911741059,1520.7261759725513,1926.2999
3.4672612809315866,2016.3640398716136,2104.3177859599923,1609.8503518891741,1518.9221326115949,1528.3622278466078,1523.6183003252866,1939.5751
3.4692620087336246,2051.722227627992,2138.9018264656283,1640.5620218628947,1519.3223957452724,1529.8184858935933,1524.5438896441606,1960.8151
3.4712627365356625,2031.022241448761,2532.169603435281,1661.4893948524107,1516.489443126647,1527.9254290182723,1522.1785073131282,1968.7799
3.4732634643377,2059.894629329619,2180.7619272694283,1687.9158406851627,1508.962653591957,1521.1088301318698,1515.0050165863445,1990.0199
3.475264192139738,2076.3157594722998,2197.3284208537953,1711.8041209959572,1495.449150602541,1508.0366273172854,1501.7110473602538,2005.9501
3.477264919941776,2125.419071963058,2239.62272243851,1740.2252270156503,1475.3396400179602,1488.1623223369245,1481.718544595734,2029.8451
3.479265647743814,2156.6635909397332,2249.3989177755743,1764.9814326661215,1449.142231473351,1462.148919381903,1455.6126733807225,2051.0852
3.4812663755458515,1584.6291777369254,1680.688910486474,1744.9172601588607,1418.5823840093149,1431.9199846403922,1425.2174451927513,1522.7401
3.4832671033478895,1047.4286070951573,1123.2655628604052,1686.4676060616368,1386.2288782557598,1400.2141657248949,1393.1861444532083,1007.67004
3.4852678311499274,842.9130746878269,904.3548675418372,1614.1167405607243,1354.7331483561702,1369.7577132279403,1362.2074242725164,808.54504
3.487268558951965,822.8337749828607,878.0228689140629,1545.7161588511146,1325.9739447293905,1342.3678599831019,1334.129431893326,776.68494
3.489269286754003,1649.4116793819005,1750.9066934104114,1551.1550081367889,1300.4632368838413,1318.3498765687696,1309.3613102298864,1594.4249
3.491270014556041,1425.602493222505,1534.8825909381883,1533.915857863581,1277.2717195497478,1296.4492963689936,1286.8119958757059,1366.0951
3.493270742358079,1263.0085239011391,1372.3103906948138,1509.0768934003368,1254.5330134013348,1274.422812793057,1264.4275993572871,1201.485
3.4952714701601164,1326.4466017189657,1411.342279879095,1492.026527581486,1230.350916142801,1250.0509442492562,1240.1510965063658,1267.86
3.4972721979621544,1236.9906776413725,1313.397090440713,1467.0582415517115,1203.742618982737,1222.1996096611824,1212.9244250512334,1185.555
3.4992729257641924,1138.8895062358056,1665.1461421764093,1432.5970238407826,1175.1937108464112,1191.4509703177102,1183.2812158070665,1082.0099
3.50127365356623,582.8959292808842,643.8764087576503,1370.6185121236754,1146.5522248984482,1159.9781156666002,1153.231207809457,590.83496
3.503274381368268,576.4626288343709,617.9514092731271,1302.3050878086776,1120.3145504131517,1130.7101438050047,1125.4860501529442,545.69995
3.505275109170306,654.4924003962209,699.5548644302744,1246.7576416880265,1098.67371939433,1106.2189143642142,1102.4272303631237,635.97
3.507275836972344,576.776667933035,655.6194024247751,1194.6714783042416,1082.7967645219767,1087.8836736281119,1085.3273511010307,574.905
3.5092765647743813,629.7645581474247,659.318333488554,1146.5061534827255,1072.618201527948,1075.6750906219092,1074.1389132909133,598.80005
3.5112772925764193,653.939346877893,680.6106763638448,1103.0889215093835,1067.1211352448124,1068.5114912116983,1067.8127961486148,612.07495
3.5132780203784573,594.3297438010302,609.9002880384273,1063.843632410128,1064.8651194716788,1064.8799326193275,1064.87248857379,572.25
3.515278748180495,574.2325292344041,587.9031033567903,1018.2595224549606,1064.4802294676667,1063.3848002645148,1063.9352858915258,540.39
3.5172794759825328,839.29906028727,883.4711240651407,1002.1880952348487,1064.9733912113004,1063.0583913383484,1064.0207355069676,787.30505
3.5192802037845707,824.6702087945711,849.9277889686912,981.1254572261682,1065.8168415481464,1063.4268932839143,1064.627913089644,776.68494
3.5212809315866087,803.6849454462067,858.7874400401944,965.2528472909762,1066.8703604374512,1064.4077645956108,1065.6452919612955,752.7899
3.5232816593886462,640.8308838967689,663.9586817059642,937.1725548533597,1068.2084889321297,1066.1150092225425,1067.167044796591,606.765
3.525282387190684,596.8843296433816,651.83076457496,908.0250492917675,1069.915701189332,1068.62803718789,1069.275126496057,572.25
3.527283114992722,416.3801089877027,462.80068757458054,868.5135535303252,1071.9045421439298,1071.780096680894,1071.8426342128048,418.25998
3.5292838427947597,452.00657021079996,503.64136159718163,833.3533506680458,1073.8140191564926,1075.0415367337202,1074.4246727855773,436.84494
3.5312845705967977,887.2551863640182,930.249138227278,833.9282741681407,1075.0162205134543,1077.54835195755,1076.2758808917185,861.6449
3.5332852983988356,843.2378970826301,866.1457311526646,829.8388438477466,1074.7793965315982,1078.3343222577344,1076.547866764582,784.65
3.5352860262008736,779.1297266961244,821.6146838332296,825.9968900163988,1072.5469655134068,1076.7009466056563,1074.6134480438322,750.135
3.537286754002911,713.5914947907888,780.7012324807265,811.545276927732,1068.29360569513,1072.6416199492496,1070.456613975294,683.76
3.539287481804949,688.3149070320169,741.4317951069403,798.3256364751768,1062.8875565143915,1067.2080029282158,1065.036850610714,654.55505
3.541288209606987,582.6768548447507,607.1763909360672,784.780024902739,1058.3741761976864,1062.725257464266,1060.5387102256877,558.975
3.5432889374090246,561.0179196140753,582.4846006175072,760.3794146083342,1058.0542480967267,1062.7630737458892,1060.3967493567757,519.15
3.5452896652110626,497.25922572559284,534.7835699269281,740.0677682421614,1066.1701084414494,1071.7271359800131,1068.9345650132336,484.63498
3.5472903930131006,454.5295948827688,511.0399923263133,716.1760988229072,1087.0200154433392,1093.9293869818396,1090.4572230914844,434.19003
3.5492911208151385,407.33843036420154,479.3662957488627,689.3510480584716,1123.5272773662095,1132.165949598107,1127.8247608782547,399.67502
3.551291848617176,452.94451990441405,485.30464978448134,669.3649342868416,1175.700764217929,1186.215332978243,1180.931450678849,450.11996
3.553292576419214,422.73222671968347,485.7961205137831,648.825431913291,1239.7808653687302,1252.0304155909873,1245.8746537076072,412.94992
3.555293304221252,2138.4569256229192,2237.338641109643,765.0966820546056,1308.7768666495429,1322.3276200339105,1315.5179650130256,2053.7402
3.5572940320232895,2133.749740493293,2247.6182049829963,864.1117743250064,1374.4213952374134,1388.607395292236,1381.4785100000693,2053.7402
3.5592947598253275,2108.4712216790135,2229.705669941329,958.9638927141903,1429.7024300664468,1443.7577505478653,1436.6945356127567,2032.4999
3.5612954876273655,2075.018721685938,2235.8967998916423,1043.965193197167,1470.7393911315899,1483.9759565948457,1477.3241903122334,2008.6051
3.5632962154294034,2068.7766589097055,2162.083469068625,1118.6923390517413,1497.2027081083588,1509.1729065837112,1503.1575272290318,1987.3651
3.565296943231441,2032.361324261628,2175.0149703077977,1188.406805776991,1511.3723840733169,1521.9512599742197,1516.6350614315609,1968.7799
3.567297671033479,2051.2435963689627,2130.2686481138276,1247.4309684841112,1516.591099719747,1525.9467318423858,1521.2452495372784,1960.8151
3.569298398835517,2018.226337582089,2103.09734978191,1304.648168364965,1515.9359773964668,1524.4115040950644,1520.1523008389318,1936.92
3.5712991266375544,1988.6858956782958,2114.424060181875,1349.552127204195,1511.545260519681,1519.5151618357863,1515.5100503136637,1926.2999
3.5732998544395924,1988.6406873644642,2099.904452671308,1400.6258699937146,1504.606624086098,1512.3713633297186,1508.469351827009,1913.025
3.5753005822416304,1972.2647725469756,2037.015275902333,1440.5361687197849,1495.7762808080602,1503.5277358038043,1499.6324000292025,1902.4049
3.5773013100436684,1968.5302894375302,2091.589018347951,1473.5358251265811,1485.7355507169336,1493.5858440188222,1489.6408390672675,1886.475
3.579302037845706,1474.7736377741528,1504.7734293491617,1469.1395786190933,1475.594851581082,1483.6325391223704,1479.5933630139054,1400.61
3.581302765647744,1145.851445989251,1238.027359946415,1442.329886185484,1466.907900327798,1475.2431559735567,1471.0544430770483,1121.8351
3.583303493449782,1924.604189902894,2051.417808226637,1470.9604318440809,1461.247048892812,1470.021648099669,1465.6121520480206,1846.65
3.5853042212518194,1921.3022834063254,2067.2987780338003,1502.6360124459623,1459.5448662109998,1468.9096395808308,1464.203563528197,1846.65
3.5873049490538573,1544.1669207611556,1617.4966571851717,1498.0755653710125,1461.577618920939,1471.6678275033848,1466.5971987651703,1474.9501
3.5893056768558953,1284.2806495779148,1333.0843376449332,1481.3641380303018,1465.9130477732942,1476.858676774024,1471.3581739335286,1230.6901
3.5913064046579333,1916.9653816910093,2053.683868522964,1510.3502463019079,1470.3007690888016,1482.281065851687,1476.2606118083577,1849.305
3.593307132459971,1927.6906398813755,2373.4293935719706,1535.815658207509,1472.2323321640793,1485.5340045810021,1478.8495201253586,1854.6151
3.5953078602620088,1927.4968840542956,2033.2064209118028,1561.4675190989367,1469.3837745974656,1484.386913600881,1476.8473917790534,1859.9249
3.5973085880640467,1958.2566901553707,2039.5845949980494,1586.413726091671,1459.8831941848293,1476.9177307582065,1468.3573714766947,1867.89
3.5993093158660847,1953.8957544325008,2046.4143974215451,1608.0486016092466,1442.5620584227318,1461.6618791496926,1452.0636533963263,1875.8551
3.6013100436681222,1990.279620260286,2067.5488901426666,1631.8379922149486,1417.318076675352,1437.9994494938016,1427.6064469604946,1889.13
3.60331077147016,1728.9393065623497,2006.6676586148985,1632.3997145629141,1385.4762570489793,1406.7033141201707,1396.036089083797,1660.7999
3.605311499272198,1043.718723289262,1109.5643663757648,1586.3398301211048,1349.8179427940051,1370.2324843059578,1359.9735724091252,1010.3251
3.6073122270742357,915.1559228941148,987.9162749327563,1531.7463886051316,1314.0032073558189,1332.3300257233484,1323.120256556029,896.16003
3.6093129548762737,778.9582101153974,869.0363342466793,1470.5026896833112,1281.466931986103,1296.8827912743463,1289.1358652824272,768.71985
3.6113136826783117,1884.8586548167466,1980.8399278782665,1494.9801248098559,1254.2617085326888,1266.5392758760013,1260.3694345592746,1828.0651
3.6133144104803496,1044.3645774293252,1101.5076793148567,1457.1385374575582,1232.4749710483811,1241.871053879171,1237.149243894853,999.70496
3.615315138282387,1003.0223028178217,1032.0043536683045,1418.698460122129,1214.5557855106852,1221.5740874979865,1218.0471828300108,957.225
3.617315866084425,1185.3252721224894,1280.3040321696653,1398.1721959059732,1198.3984011269267,1203.5967129684723,1200.984407266507,1156.35
3.619316593886463,1403.0663875032883,1683.014430757546,1388.1773769487884,1182.6405602408615,1186.5609388744226,1184.5908324686343,1336.89
3.6213173216885006,1195.7376912079237,1291.516060855076,1374.2832729914792,1167.5929076015707,1170.7705920146477,1169.1737114571974,1153.695
3.6233180494905386,650.2773242492954,675.3954349523564,1310.307169573252,1155.423107542881,1158.3812601354632,1156.8947008215096,622.69495
3.6253187772925766,828.2378828906276,834.3356405920186,1269.59707567189,1149.5505282314189,1152.7333253160261,1151.1338754896678,776.68494
3.6273195050946145,700.7543813606989,735.7731675053018,1223.8291809561888,1153.4280183619803,1157.1052105852384,1155.2573125550996,662.52
3.629320232896652,684.0048050766925,770.2485503986301,1178.6424090982728,1169.0439446531834,1173.2583088379276,1171.1404659832572,659.865
3.63132096069869,588.0499559903291,660.0309472871,1130.9310696590464,1195.6124120859545,1200.2169311251957,1197.903023897683,574.905
3.633321688500728,459.5536424301421,494.4683550696433,1073.1679652592563,1229.0062362927538,1233.7790044637052,1231.380547063076,466.05002
3.6353224163027655,2008.607220715966,2101.672085168297,1142.59148846634,1262.3712281482094,1267.1478012120858,1264.7474317400404,1936.92
3.6373231441048035,1928.9857242434427,2029.3906604281385,1199.9352704137925,1287.923934773856,1292.681203509382,1290.2905350342294,1854.6151
3.6393238719068415,1836.7201298538732,1990.347031297224,1246.6803188071547,1299.3412049139665,1304.1962572546413,1301.7564496210323,1774.965
3.6413245997088795,1744.6828509652048,1826.5251698513212,1281.7871544601555,1293.776775652837,1298.909675946968,1296.3302414854159,1676.7301
3.643325327510917,1678.0528378298802,1754.626872249703,1310.2283701019721,1272.6487517091164,1278.198402123045,1275.409538379944,1610.3551
3.645326055312955,916.7966623003343,1009.1530050460224,1271.833518133309,1240.9577121792122,1246.9496241799307,1243.938510887332,882.8849
3.647326783114993,853.628069616056,924.6532427031891,1236.7081770252148,1205.6072136946082,1211.9470463206826,1208.7610926065872,827.13
3.6493275109170304,791.5595005948508,865.173173473006,1202.4238929133849,1173.5999274699298,1180.1241702366142,1176.845544963655,758.1
3.6513282387190684,745.0673258807705,781.2637467003736,1158.1171908460653,1150.830909716235,1157.3736422163963,1154.0857253046008,710.31006
3.6533289665211064,682.4376109730296,746.4187408328928,1122.4805651535466,1141.6339592521415,1148.068317823978,1144.8348620217766,667.82996
3.6553296943231444,657.1517696116427,714.2973376509727,1080.345814214878,1148.6877121600164,1154.9288373964287,1151.792487069875,614.73
3.657330422125182,592.0309316704014,639.0233349055335,1040.4250061218584,1172.770372274437,1178.7555793165247,1175.7478354642747,569.595
3.65933114992722,543.6685782878382,609.9777936841665,996.5986120527721,1212.2586837450378,1217.9318983847493,1215.0809399575642,521.80505
3.661331877729258,457.9277722978287,498.7498935936584,954.3007987859087,1262.8280509404642,1268.1418662786482,1265.4715166477956,431.535
3.6633326055312954,1984.0892429892244,2069.8440897923806,1027.539506153254,1317.9769834218887,1322.9075085523543,1320.4297736059705,1902.4049
3.6653333333333333,1984.433245075709,2079.62971140173,1095.2560963961469,1370.5527139338446,1375.1141656490943,1372.82190102777,1894.4401
3.6673340611353713,1973.6759587324218,2094.7189895424463,1162.5505518140094,1414.7050311672365,1418.9546203772513,1416.8190759038305,1891.785
3.6693347889374093,2317.5314671700917,2068.940524408522,1213.513064043058,1447.3375367033723,1451.3705587630452,1449.3438456985398,1873.2001
3.671335516739447,1946.9175100759107,2047.5323667453079,1269.1204973587226,1468.3985686999463,1472.3374477643083,1470.3580443439614,1865.235
3.6733362445414848,1923.3244798480896,2008.454148013558,1318.012251255738,1480.075422663956,1484.0556855039545,1482.0554855103435,1859.9249
3.6753369723435227,1531.8834049458808,1586.499589268145,1331.1223385155167,1485.4994153135117,1489.6547382061183,1487.5665653498636,1469.64
3.6773377001455603,819.5529613036728,849.6028178519878,1288.6756786580054,1487.6340919060544,1492.0839236608106,1489.84775137641,787.30505
3.6793384279475982,516.059116267417,554.7619341463277,1226.7127191041861,1488.6756468731487,1493.521195127579,1491.086163578869,497.91
3.681339155749636,1929.9768369721078,2030.0035492046495,1276.6177244140652,1489.9440364424952,1495.2728443275523,1492.5949604977372,1854.6151
3.683339883551674,1895.1114149696534,1995.8356252939766,1319.47058290928,1492.0511099805399,1497.9439577917462,1494.9826271891845,1841.34
3.6853406113537117,1922.1694514977335,2052.340172140547,1363.9685302373903,1495.1427291156815,1501.671136067509,1498.39041816815,1851.9601
3.6873413391557497,1924.3380157668184,2005.4351865622114,1400.8641392964505,1499.1048747841933,1506.3125061932744,1502.690457881912,1846.65
3.6893420669577877,1969.3836087352188,2049.641792597825,1440.9731716598826,1503.694415237775,1511.5654548901452,1507.6100242828568,1889.13
3.691342794759825,1971.723684441701,2093.2062924918905,1475.639353665898,1508.6099128724925,1517.0376617126865,1512.8024682458354,1905.0599
3.693343522561863,2015.835100535689,2126.454534648734,1513.2943633929453,1513.508296239244,1522.2799760721962,1517.8719470924225,1920.9901
3.695344250363901,2001.312688930801,2157.4534149155297,1544.9629012036435,1517.9598546472348,1526.7687846037206,1522.3420363333248,1931.61
3.697344978165939,2031.6356836719458,2139.6113077912373,1577.0555598706737,1521.3513445617327,1529.836469095262,1525.572442642737,1939.5751
3.6993457059679766,2041.7189837096478,2174.8686253141173,1608.5812943580038,1522.7373285908984,1530.539750094386,1526.6188021397447,1955.505
3.7013464337700146,2045.4283777506243,2141.9208642129265,1640.9363227165352,1520.7026319803147,1527.523577369504,1524.0958502388294,1971.4349
3.7033471615720526,2088.312519773814,2217.03730412469,1665.3796268380381,1513.3537339913478,1518.9993932032976,1516.1622821949006,1984.7101
3.7053478893740905,2077.570889268922,2170.6081994053307,1692.0878714905425,1498.5705617442559,1502.9752861945462,1500.7617816669576,2008.6051
3.707348617176128,2125.045230942695,2218.1166549497634,1717.4664393714454,1474.577390726519,1477.8044085980503,1476.1827365162078,2029.8451
3.709349344978166,2148.143218285266,2260.348348876572,1747.4788120231615,1440.7164101836552,1442.9408552153109,1441.823005687035,2051.0852
3.711350072780204,1763.0961121785804,1840.9181583866641,1741.4105663860705,1398.1006378526213,1399.5815882935308,1398.8373668233612,1700.6249
3.7133508005822415,1024.6874278390533,1057.637289198635,1680.8908606780976,1349.7545123967207,1350.7980018275114,1350.2736174748434,967.84485
3.7153515283842795,930.3199374302814,976.9698872914274,1618.8278381832893,1300.0319544221409,1300.9458119755768,1300.4865714816642,896.16003
3.7173522561863175,895.308256656827,947.7113034699016,1559.0650426989334,1253.4869314379698,1254.5332775319994,1254.0074576214242,856.33484
3.7193529839883555,2089.48836401838,2224.028162388199,1593.9622269969282,1213.7217892393514,1215.0827088763144,1214.398806441077,2003.295
3.721353711790393,522.4749039890722,570.2846776422458,1502.7059626256084,1182.7662305208746,1184.5396300158504,1183.6484442321191,503.21994
3.723354439592431,561.4673701763548,590.4819827892965,1423.6878530380866,1161.190498431032,1163.4183827734741,1162.2988048896377,529.77
3.725355167394469,680.1585833966266,670.8487382549322,1365.8702180820458,1148.6826186505552,1151.39201535212,1150.0304632428724,643.93506
3.7273558951965065,890.2173843875481,981.9365223212716,1325.4755049827877,1144.5854846630243,1147.8118581917317,1146.190509911247,874.92004
3.7293566229985444,1004.2743363325066,1068.470701320509,1296.002946698436,1148.0466514411241,1151.8240669799818,1149.9258037646077,949.2599
3.7313573508005824,880.1893783701344,931.4309321153867,1264.1859162046069,1157.8113159474633,1162.1414946838213,1159.9654515859233,864.2999
3.7333580786026204,685.7922268153811,724.4941616450649,1210.3807100553242,1171.973324466292,1176.8041831656299,1174.3765335535365,646.58997
3.735358806404658,490.60050924935285,524.5468691266313,1153.9143882548976,1187.9976634841769,1193.2331088931433,1190.6021424734556,458.08493
3.737359534206696,1379.2343305717927,1492.472673412705,1164.9629188711635,1203.1070161965285,1208.6401560681718,1205.8595893616991,1336.89
3.739360262008734,1307.208412138295,1378.491418920045,1176.8042750123586,1214.8709180402982,1220.6131894964612,1217.72752797318,1259.8949
3.7413609898107714,1304.3998789391062,1381.5580275717869,1182.4972719776922,1221.7189850766183,1227.604172975214,1224.6466917056666,1265.205
3.7433617176128093,1218.3110843552852,1288.2315150548575,1177.2846727409217,1223.160706553541,1229.1298359979612,1226.1301716148428,1172.2799
3.7453624454148473,1139.7712399569587,1238.8783111238808,1172.8756621675855,1219.6519833012337,1225.6422178884782,1222.6319475458442,1097.9401
3.7473631732168853,1064.3406675981696,1142.3284650749083,1164.6831463170379,1212.233604936855,1218.1858093161643,1215.1946502796743,1012.9801
3.749363901018923,1076.2383533909353,1128.9320504389216,1153.0272423782305,1202.1246357404984,1207.9995800438785,1205.0472464843965,1018.2899
3.751364628820961,1052.376989909167,1121.7447943562015,1138.2511446188466,1190.4312138887158,1196.2122625819204,1193.3071143482377,994.3949
3.7533653566229987,973.5811321185604,1003.1202752533544,1122.0913586782842,1178.0150854206752,1183.6902456986506,1180.8383095305978,941.29504
3.7553660844250363,933.5749698392844,1013.903262425164,1104.0569324958958,1165.4722090301825,1171.0165569164099,1168.2303578505678,898.81506
3.7573668122270742,866.1126455019423,927.6479391564312,1084.2473233654957,1153.1497354956061,1158.536222675349,1155.8293532911873,851.025
3.759367540029112,871.1132506082957,973.8403201195244,1064.079002953896,1141.1714693882318,1146.4120253671551,1143.7784907346622,845.71497
3.76136826783115,828.7648040698257,856.5985849647006,1044.405796035198,1129.4864250132355,1134.6695818065534,1132.0648919652956,784.65
3.7633689956331877,825.5130925153912,848.8888935714241,1021.7031492225944,1117.9640930171722,1123.2493910564754,1120.5933722131442,774.0299
3.7653697234352257,763.6630942991596,845.5525274931846,996.7713414002267,1106.5150801439781,1112.0778546936883,1109.2823956835505,747.48
3.7673704512372637,754.7751945151653,830.0094153164506,978.6398752955683,1095.2056867611007,1101.1674626022407,1098.1714936226233,731.55005
3.769371179039301,678.6150767172742,723.6595317465261,951.6254706976409,1084.3253918001594,1090.7143673393575,1087.5037178555435,651.9
3.771371906841339,626.9920608589603,680.7465598235185,922.4709423524515,1074.4343066289964,1081.193473436943,1077.7967918735524,598.80005
3.773372634643377,616.6798383273465,685.8730015287604,901.1616469615042,1066.4576623880541,1073.4828555421038,1069.9524878586842,601.45496
3.775373362445415,614.8933589984129,666.7515692014607,872.6249687896952,1061.8730289549896,1069.0493015005736,1065.4430119471344,585.525
3.7773740902474526,562.642052835149,609.1724277284335,842.366350158633,1062.9179773176165,1070.1339708518908,1066.5077203248882,545.69995
3.7793748180494906,518.3830913041481,573.6805190847831,817.9277517997847,1072.5880961585153,1079.728699481221,1076.14033476899,497.91
3.7813755458515286,558.2930818744819,624.5011606100124,797.3061718421505,1094.1348014061605,1101.067062374397,1097.5833958674932,529.77
3.783376273653566,518.6335857924188,542.5534010966264,769.6735098446613,1129.9547753190714,1136.5264188930864,1133.2239733101799,497.91
3.785377001455604,427.6019313253999,460.15411817316254,744.971749173376,1180.1863293901474,1186.2505908258672,1183.2031197988063,415.60495
3.787377729257642,464.70436619078066,510.36551182872404,717.4103373569995,1241.7390412670609,1247.202728204966,1244.4570636552612,447.46494
3.78937845705968,1797.7342001535985,1880.1193886639337,802.7005988538126,1308.497436645193,1313.369872442773,1310.9213291070785,1727.1749
3.7913791848617175,2139.9912641257893,2226.9640186452175,899.6039416322072,1372.8793963125497,1377.2919798311798,1375.074525888923,2059.05
3.7933799126637555,2127.500404279245,2264.7028590097207,991.6475686625135,1428.1021720883434,1432.2776317518465,1430.1793395716586,2045.775
3.7953806404657935,2122.1386000304315,2176.09868342541,1073.6492076026093,1470.047030961602,1474.228517492747,1472.127196633021,2019.225
3.797381368267831,2087.56526189092,2185.928858865982,1149.5746767922037,1497.8673545496254,1502.2431079685293,1500.044162242488,1997.985
3.799382096069869,2052.40247837115,2180.9052961658635,1218.1248260935758,1513.264419201806,1517.9297936295056,1515.585304766433,1974.09
3.801382823871907,2047.7212409400663,2154.764174125657,1273.9641295413007,1519.0496045699847,1524.0231240255403,1521.523783157079,1958.16
3.803383551673945,2024.2914073338654,2131.476528987661,1327.8010907972175,1517.7840669218745,1523.056036166681,1520.4067154374538,1947.5399
3.8053842794759825,2031.3145561979147,2107.177033139565,1375.4041335187817,1511.019037862282,1516.5884352733572,1513.7896480791792,1936.92
3.8073850072780204,2005.0823127516896,2115.8398456582695,1416.8511330729996,1499.2699686585481,1505.136003385457,1502.1881471521006,1920.9901
3.8093857350800584,1988.2984338422618,2080.3428089304903,1458.3799134449368,1482.590791163202,1488.703574671329,1485.6317198654021,1910.37
3.811386462882096,1975.6030718597233,2082.75789480291,1491.4056002724321,1461.472177049548,1467.685513534699,1464.5631278789047,1891.785
3.813387190684134,1575.327220550178,1688.5344005390066,1493.091481632573,1437.6731861416745,1443.7499236856354,1440.6961830445746,1530.705
3.815387918486172,936.3898011152698,1017.165307960842,1449.9300291160348,1414.5259798119705,1420.2139102263382,1417.3555566864288,912.08997
3.81738864628821,794.5641352747739,855.9390245268761,1395.1269045077095,1396.3561478196473,1401.5016581877753,1398.9158867904623,776.68494
3.8193893740902474,1933.2346042465394,2074.3006558598568,1435.637481181524,1387.087717992923,1391.7202633191923,1389.3922720521607,1854.6151
3.8213901018922853,1678.5649602672586,1758.7881743996593,1443.8839767629463,1388.6132901125543,1392.9474329929371,1390.7693977952276,1591.7699
3.8233908296943233,1051.3442052699365,1087.301640850639,1409.990303474909,1399.8025696712205,1404.1543655494143,1401.9674591973294,983.775
3.8253915574963613,584.2801483735391,630.1638140014297,1341.5524515999466,1416.7066090986891,1421.3738962597777,1419.0284461915119,553.66504
3.827392285298399,1943.059328035271,2029.5454106704046,1384.4990021225244,1433.8468415909292,1439.0180152488067,1436.4193472881118,1859.9249
3.829393013100437,1923.7319116823546,2045.1918264100395,1420.341506643376,1445.9074221699698,1451.6349250524727,1448.756685174979,1867.89
3.8313937409024748,2373.3230167295137,2098.0949269152056,1459.3348499534234,1449.1284113912802,1455.35882681277,1452.2278584854964,1870.545
3.8333944687045123,1949.7165168521012,2052.769058750505,1491.77611063534,1442.0919693822557,1448.7209561374375,1445.3896939071856,1881.1649
3.8353951965065503,1962.7802975709867,2076.7240380723697,1525.0232518548294,1425.9641393569236,1432.889177282096,1429.4091405683166,1891.785
3.8373959243085882,1976.5079089426076,2078.5732802922953,1557.6934117062099,1404.290741596584,1411.4534552798511,1407.8539794564117,1899.7499
3.839396652110626,1215.2250497863845,1278.3464091682324,1522.2086361157787,1382.2873490116328,1389.7024273073557,1385.9761307897777,1172.2799
3.8413973799126637,884.683094658303,978.9581778072909,1470.7814965258162,1365.5615785974574,1373.3196476625717,1369.4209881221677,872.265
3.8433981077147017,784.6850671163792,833.6998612378351,1411.6670511956663,1358.495551328101,1366.72280330884,1362.588365453646,744.82495
3.8453988355167397,1335.2115563473724,1446.0801394721266,1406.0368507134888,1362.8681910419393,1371.6442656941977,1367.2340281875245,1294.41
3.847399563318777,598.8500883458963,660.3131683593864,1341.7053584689081,1377.352963101706,1386.625471851397,1381.9657615037513,572.25
3.849400291120815,1984.0589139119998,2082.896544494521,1381.5378922527386,1398.150068382235,1407.702376132697,1402.9020584980324,1881.1649
3.851401018922853,1923.2514425181505,2024.2286958292343,1415.0254263920579,1420.4504770358972,1429.9589603371815,1425.1806657865413,1857.2699
3.853401746724891,1887.330153242669,2035.0129304306201,1450.326919145738,1440.025478152183,1449.187042074832,1444.5830847895497,1841.34
3.8554024745269286,1908.7312794155637,2029.698733326661,1485.1272602881866,1454.2717790891224,1462.9338055555274,1458.5808806409584,1836.0299
3.8574032023289666,1906.0192548777954,1979.1817896016908,1507.2903170227387,1462.438671220481,1470.656656060015,1466.5268752178185,1817.445
3.8594039301310046,1908.012864763147,1983.1919612996737,1532.370050315238,1465.208341054085,1473.1964239196304,1469.1821756302802,1809.4801
3.861404657933042,1869.758100179071,1962.7297724588047,1554.3726192368092,1464.028489809728,1472.0290744906201,1468.008543668688,1809.4801
3.86340538573508,1860.0569482960257,1969.3009001295586,1573.4600288447523,1460.534427663778,1468.6770561619528,1464.5851441137443,1780.275
3.865406113537118,1771.0901026436393,1888.5278308026798,1584.71339860805,1456.1904795046541,1464.4122564896238,1460.2805699820024,1705.9349
3.867406841339156,1780.9327213108504,1908.0812196396685,1590.5847167295583,1452.117188814547,1460.1789413383628,1456.1276718632453,1711.245
3.8694075691411935,1719.9230381329544,1780.2325926896049,1593.4376138008508,1449.0239001956957,1456.6047998936563,1452.795173208944,1620.975
3.8714082969432315,1744.8128668014456,1870.3109557053235,1601.1787484263095,1447.207298106921,1454.0260775317395,1450.5994388623285,1692.66
3.8734090247452695,1738.2423857035599,1851.1538396653557,1606.371766703733,1446.596785050296,1452.5063260231686,1449.5366066123297,1666.11
3.875409752547307,1776.7558727486853,1857.2864130795153,1616.4906401988271,1446.842608916293,1451.8674380357916,1449.342312541134,1700.6249
3.877410480349345,1811.8239915633346,1883.384456421381,1625.7050865938988,1447.428494034471,1451.7443585488795,1449.5755087715743,1727.1749
3.879411208151383,1808.2657636619633,1895.339360397016,1636.1282256731852,1447.7849194380838,1451.6597260592634,1449.7125209397818,1735.14
3.881411935953421,1871.6184814740493,1965.4861359524803,1647.9675616327768,1447.3789684227208,1451.1049870497332,1449.2325523052107,1793.5499
3.8834126637554585,1841.101364651876,1933.0582291157682,1655.7293667144147,1445.7782335951665,1449.6231623020165,1447.6909717196277,1772.3099
3.8854133915574964,1813.0846258340039,1899.034929062822,1663.8258310284589,1442.68115212585,1446.873771823986,1444.7668562180238,1737.795
3.8874141193595344,1800.2065217955935,1921.3765110531972,1671.0039516931395,1437.9262259197042,1442.6716197006274,1440.286918741962,1732.485
3.889414847161572,1723.3007816235852,1811.5666015856136,1666.7310922987467,1431.4714365432192,1436.9695378655092,1434.2065790681145,1647.525
3.89141557496361,1479.1386505768514,1576.7252614952931,1647.150552184658,1423.3518777758047,1429.7855502116622,1426.5524392131174,1424.505
3.893416302765648,1736.9575777737011,1820.7068688689512,1647.1361602037935,1413.6003775832137,1421.0774855714508,1417.3200172957359,1663.455
3.895417030567686,1759.7322202592177,1848.3604396310907,1650.694737552311,1402.1167393898252,1410.5858045915722,1406.3298484290306,1690.005
3.8974177583697234,1682.3479301577036,1769.4936241615746,1649.6823877612392,1388.4906575661125,1397.6791497685685,1393.0616602249245,1602.39
3.8994184861717613,1405.5346425044381,1492.821755886446,1624.4518844600477,1371.838618800673,1381.262497178944,1376.526719108565,1350.1649
3.9014192139737993,1606.0824971002673,1735.14908678228,1623.4247578796985,1350.7931115453403,1359.8516643754426,1355.2994732159002,1562.5651
3.903419941775837,1562.314200586693,1661.0014099240313,1607.4395190553848,1323.8116779006355,1331.9355240001203,1327.8530506636878,1485.57
3.905420669577875,1411.8732778193362,1495.439003013959,1590.8998525547265,1289.8427664844762,1296.641270339196,1293.2248207444297,1366.0951
3.907421397379913,1495.0844914362142,1606.9835639141572,1578.4469532929068,1249.1684377522777,1254.5267852721292,1251.8340569007091,1443.09
3.9094221251819508,1481.9563125183531,1557.6473349390944,1565.6666604272464,1203.9741805673254,1208.081362876429,1206.0173820895643,1429.8151
3.9114228529839883,441.0365920789873,504.7589188520522,1472.3179712131612,1158.248949363292,1161.5630287472488,1159.8976056761885,407.63998
3.9134235807860263,390.6199868248338,444.6434376251405,1388.5080624463542,1116.9777207551192,1120.1474854044009,1118.5545847628835,399.67502
3.9154243085880642,514.7330300113418,534.6503601658832,1314.0553720110672,1085.0521250060024,1088.8123902962132,1086.9227455888656,458.08493
3.9174250363901018,500.8130930857457,514.1904120477385,1245.832793446147,1066.4704986442352,1071.519108407547,1068.9820324348645,468.70493
3.9194257641921397,468.69855080744054,507.97788584930305,1182.4429748376233,1064.0579191360075,1070.9168489637138,1067.470033527384,447.46494
3.9214264919941777,476.42131960002644,550.0804160760116,1123.784137513935,1079.4179677878483,1088.2912287955116,1083.832152266072,458.08493
3.9234272197962157,439.03034762876064,464.3176082214582,1063.9927077248612,1112.631293171578,1123.29989263059,1117.9386053418934,418.25998
3.925427947598253,422.5015465331302,681.5080752040892,1014.0358121367643,1161.600049401602,1173.4173013074083,1167.4787821350153,399.67502
3.927428675400291,415.69531530288504,450.1442855149443,963.5573935356779,1221.5474112042011,1233.5794131273103,1227.532975709187,391.70993
3.929429403202329,1985.1928883576663,2104.931873911945,1042.8394120751552,1285.385359476373,1296.6729191881966,1291.0005860355739,1899.7499
3.931430131004367,1976.835710362563,2091.752707008859,1108.86554972653,1345.1993883475602,1355.04154156242,1350.0955679951342,1897.0951
3.9334308588064046,1956.801860831312,2075.445461230316,1169.8870877980555,1394.302043475599,1402.4384086943662,1398.3496441296115,1881.1649
3.9354315866084426,1949.0595985258453,2032.914945301668,1226.707009984153,1428.8856226652501,1435.5069705118703,1432.1795470594757,1873.2001
3.9374323144104806,1943.0057051279553,2044.3217300348012,1275.1038067633353,1448.597104962772,1454.2016932507577,1451.3852215983916,1867.89
3.939433042212518,1900.8827069827173,2013.846049418775,1318.7292933385997,1456.0365430785303,1461.2126171807322,1458.6114866015873,1812.1349
3.941433770014556,1156.1206054720578,1216.5733694041207,1301.9433560657305,1455.634089900784,1460.8613499200105,1458.234496901162,1103.2501
3.943434497816594,961.6329389230912,1066.759061349626,1275.7587422553067,1452.3668378327648,1457.9047389093992,1455.1217795563662,957.225
3.945435225618632,1936.624959708982,2007.737093179473,1320.2706475342916,1450.5491718859967,1456.4359880974155,1453.4776885524352,1851.9601
3.9474359534206696,1928.3258480085003,2023.0447188690168,1362.3904671644398,1452.8842697157002,1459.0256385598816,1455.9394187757377,1849.305
3.9494366812227075,1428.0475896492117,1534.1437381297465,1361.8985419387436,1460.0238951305628,1466.3141173509418,1463.153094335432,1371.4049
3.9514374090247455,1036.496836180121,1087.3396670255447,1334.9381663955312,1470.828049258648,1477.24075109453,1474.0181784437332,999.70496
3.953438136826783,1983.719821389832,2091.7828249471354,1379.7708254011582,1483.2204661185606,1489.8329348711077,1486.5099734265305,1891.785
3.955438864628821,1995.4261036782868,2096.4992781238966,1422.3463590874724,1495.1984609090136,1502.1572135378224,1498.6602341866574,1905.0599
3.957439592430859,1988.6069377126792,2103.4761863697368,1459.8449416958208,1505.5077518394032,1512.9702414618955,1509.220119348041,1918.3351
3.959440320232897,2011.0611411173695,2111.3439642670205,1499.1835618498349,1513.7532646304871,1521.8380117691247,1517.7751868188366,1926.2999
3.9614410480349345,2011.1074531698796,2124.85050917095,1531.864508968573,1520.039842691915,1528.8008339226778,1524.3981762821575,1942.2301
3.9634417758369724,2022.8023701084703,2143.7597598062407,1567.4441282496196,1524.4630316457653,1533.8810033696384,1529.1481935680806,1958.16
3.9654425036390104,2042.8973620549204,2179.272106479279,1600.557212221816,1526.7171479297008,1536.694667608031,1531.6806683825782,1968.7799
3.967443231441048,2080.122647449843,2174.9487557025595,1630.429527043287,1525.9855449560814,1536.335373556285,1531.1342780678244,1987.3651
3.969443959243086,2097.802002497638,2232.5683637253396,1657.6111099937991,1521.1491863278732,1531.5807253157095,1526.3385679367682,2003.295
3.971444687045124,2114.6421324630423,2228.493920844443,1686.9535525282352,1511.2391450951473,1521.3647554501094,1516.2763362724172,2024.535
3.973445414847162,2144.837379910926,2241.5651115090686,1719.1803184416272,1495.9492339613512,1505.3400208072576,1500.6208722122385,2051.0852
3.9754461426491994,2156.1558093672543,2283.882282724481,1747.5475577164102,1475.9550032446482,1484.2549034149858,1480.0839576922938,2064.36
3.9774468704512373,1663.902684724512,1778.9754087001556,1735.7594316958896,1452.8458025683062,1459.9109719482565,1456.360515027014,1605.045
3.9794475982532753,1624.2466691688999,1683.2200249535292,1721.8498167341916,1428.6645642499218,1434.6590345579068,1431.6466356401163,1554.6
3.981448326055313,1584.4270578574196,1648.2714861900986,1703.3994603680942,1405.2827357376218,1410.667553014893,1407.9615228061946,1512.12
3.983449053857351,1539.6321844343254,1618.7112970038706,1686.6917867063485,1383.9330146028542,1389.3402060921635,1386.6229321790731,1469.64
3.985449781659389,1611.2098315514456,1661.4704842666129,1673.738629640863,1365.0900691825523,1371.141458025505,1368.100455857664,1533.36
3.9874505094614268,1461.6576051507877,1577.7407487323276,1649.5662693337501,1348.6599422539807,1355.8211552569092,1352.2224335697979,1395.2999
3.9894512372634643,1407.603608959249,1503.0436331451465,1627.6072666732548,1334.3098633620766,1342.8363280402086,1338.5515269403065,1347.5099
3.9914519650655023,785.7869322543283,830.8637333371319,1556.4177944343244,1321.7629984896278,1331.7286597013162,1326.7206197066616,742.17004
3.9934526928675402,540.3590520179175,582.8388564356618,1476.236628632311,1310.9993763146012,1322.3522487503137,1316.6470940190277,519.15
3.9954534206695778,519.0343865094861,566.6973124235258,1398.501349029847,1302.3793609540749,1314.9736971977986,1308.6446701242392,508.53
3.9974541484716157,1517.5633380342374,1573.9962645269864,1400.620277093625,1296.716202694577,1310.3096043405483,1303.4785173047396,1459.0199
3.9994548762736537,1402.7428088873226,1465.762261403066,1396.3431302970182,1295.280717642709,1309.5190058657795,1302.3638442200152,1355.475
4.001455604075692,1326.1567718331198,1450.4838939014792,1391.013225703272,1299.6670387143058,1314.0840392061693,1306.8390693509305,1281.1349
4.00345633187773,1271.6926558342263,1381.191826952386,1375.7844800267135,1311.426047721927,1325.4737101408036,1318.4143436089948,1222.725
4.005457059679768,1203.0859316511255,1279.106346565104,1357.5037984537344,1331.4489442124532,1344.5610203848378,1337.9718136589217,1164.3151
4.007457787481805,1092.765521214644,1184.7726241413081,1329.4702072515074,1359.2721572578134,1370.9565463298825,1365.0847946675449,1052.805
4.009458515283843,570.4906132543671,652.9876749132892,1270.8290630634676,1392.6771613379042,1402.6209390236138,1397.6238961490699,569.595
4.011459243085881,2152.5211944103503,2277.82813644134,1334.0516094435964,1427.941866971938,1436.0979402452474,1431.9992717992282,2064.36
4.013459970887919,2130.6204227355965,2220.774464605686,1392.2147730491156,1460.7897335695252,1467.4076302799351,1464.0819411257269,2045.775
4.015460698689957,2098.680043849057,2190.835336968693,1444.3067709661748,1487.6429613229623,1493.2187884126815,1490.4167701145038,2024.535
4.017461426491995,2665.3737432044763,2221.624113245031,1489.4302655135218,1506.5490264426583,1511.7086107659202,1509.1157667892073,2003.295
4.0194621542940325,2081.024767432769,2147.4293248315225,1530.8460186946409,1517.3485978525937,1522.713118882788,1520.0172881395283,1987.3651
4.02146288209607,2033.8923870963224,2163.108245905087,1565.1958581353529,1521.1123725606394,1527.210329700342,1524.1459255837842,1971.4349
4.023463609898108,2030.2050907431428,2144.758691501215,1592.3182880479444,1519.2508724100458,1526.5301190966059,1522.8720819866858,1958.16
4.025464337700146,2013.5376257869275,2125.8138955673717,1624.7641093295854,1512.7902256524426,1521.7396175425004,1517.2422829892566,1942.2301
4.0274650655021835,2000.4279498960686,2128.2404114800665,1650.883214875536,1502.1349994013535,1513.4604155838983,1507.7690584332288,1931.61
4.0294657933042215,2005.0700311109936,2093.1029124472348,1672.2452606787062,1487.3741337617735,1502.112120631712,1494.7058456121702,1915.68
4.0314665211062595,1978.9647357487888,2098.024174090155,1685.1340986422006,1468.9518896943023,1488.3797925150595,1478.6166957900275,1902.4049
4.033467248908297,1673.9564371386477,1776.4072285549505,1681.0012544967199,1448.3468726511696,1473.6097633255454,1460.9144123407586,1610.3551
4.0354679767103345,1185.783485611494,1631.8264427887789,1641.7275221181374,1428.330799665679,1459.8643127483062,1444.017788234254,1161.66
4.0374687045123725,1126.2068034718857,1166.7403017106697,1592.2280460979784,1412.4953206748776,1449.5104229458063,1430.9092374708657,1074.045
4.0394694323144105,1919.4129568789458,2042.4804326030953,1612.1129154209311,1404.0920930318964,1444.4581749882532,1424.17302294758,1857.2699
4.041470160116448,1705.5005636335084,1810.503854655958,1617.8980297093342,1404.6956023788123,1445.398212381624,1424.9439450278603,1636.9049
4.043470887918486,1041.7224441539358,1103.5153072223643,1566.301320155341,1413.4147327095875,1451.4348361168763,1432.3286077974467,997.0499
4.045471615720524,988.3596414313138,1014.9020486554705,1513.643797119136,1427.168068253839,1460.3571461957026,1443.6786512932656,933.32996
4.047472343522562,1935.169033140258,2081.926088259126,1547.869210057792,1441.9152757406903,1469.443855938912,1455.6099288466432,1873.2001
4.049473071324599,1933.99632288015,2085.551573935588,1573.4487836891149,1454.1989092241643,1476.429589757444,1465.258014198717,1891.785
4.051473799126637,1972.4366632870444,2056.6953516959784,1597.5719637683387,1462.2346657371627,1480.199258296795,1471.1715183289953,1891.785
4.053474526928675,2008.4270570296928,2104.701465280993,1621.4141096596697,1466.1351456203852,1480.9475047280948,1473.5038554557725,1907.715
4.055475254730713,1786.0109109227733,1902.6309380640582,1629.873282132872,1467.344559181105,1479.8105258120156,1473.5460082718841,1700.6249
4.057475982532751,1665.820966694233,1758.954205763845,1627.9594487315164,1467.684529722068,1478.190949871546,1472.9111624905024,1597.08
4.059476710334789,1560.627099170853,1658.7021389411489,1617.758583110704,1468.4640502247469,1477.0850416351539,1472.7527380519002,1504.1549
4.061477438136827,1482.1990209643352,1588.982212054811,1597.8111447169765,1469.9646770395416,1476.6645534624586,1473.2976670740413,1413.8849
4.063478165938864,1972.3732317363588,2076.5201328836083,1626.1395527011023,1471.4107104739596,1476.243811879117,1473.8150352409086,1905.0599
4.065478893740902,1959.3563078807122,2093.391005943903,1646.628287908637,1471.340135001743,1474.5819408341858,1472.9528373638875,1875.8551
4.06747962154294,1943.114836245937,2062.5265038071466,1661.727423777968,1468.1542490395796,1470.3470860444017,1469.2451204860072,1859.9249
4.069480349344978,1941.4766692806115,2019.7444153495403,1679.6571207703457,1460.57946279987,1462.5107981179915,1461.5402449042322,1851.9601
4.071481077147016,1906.568068904433,1966.7191096380861,1685.5766320481723,1447.8646221544377,1450.5068107906043,1449.1790327252788,1798.86
4.073481804949054,1762.0272289108327,1848.2596138052863,1689.8671971062695,1429.6985656005445,1434.13134887828,1431.9037439586489,1687.35
4.075482532751092,1684.8484911790101,1755.5408753001498,1682.4581770909572,1406.0172061905737,1413.325258091367,1409.652745507931,1623.63
4.077483260553129,1640.877434425571,1741.365766006793,1672.6929203859202,1376.9431849834878,1388.0557627866058,1382.471363227001,1575.84
4.079483988355167,1614.4251418757055,1715.1044386335304,1664.7959341810204,1342.9816597661527,1358.4412603663716,1350.672353069335,1570.5299
4.081484716157205,1607.961904340994,1716.10048583373,1658.352370138732,1305.3477268522279,1325.0574932593895,1315.1527517318937,1551.945
4.083485443959243,1224.2740355473302,1284.0235495699626,1618.7395806513282,1266.111147165977,1289.1853874968745,1277.5898981491257,1180.245
4.085486171761281,841.3134172521286,1296.7974796643346,1555.2024116002676,1227.9056203121186,1252.7570432281375,1240.268466981784,813.85486
4.087486899563319,772.008251140186,842.1100818543339,1490.9098345687983,1193.2530813287513,1217.9534642075755,1205.54079005452,739.515
4.089487627365357,729.8949988973511,784.4350174805008,1425.4325068419132,1163.853545116173,1186.6491537266222,1175.1936850729492,710.31006
4.091488355167394,885.94071029305,941.9749783962814,1379.640291002411,1140.23275731707,1159.9952692761315,1150.0640215462029,837.7499
4.093489082969432,676.1692938610496,732.3670737904504,1320.5255264725733,1121.889176947484,1138.3177361810745,1130.0618984650707,649.245
4.09548981077147,1649.3681324744616,1772.1201446811676,1344.0350035745385,1107.7651373047336,1121.2955405395808,1114.4961120717094,1583.805
4.097490538573508,1266.7270065659075,1331.99870498147,1331.4815014749195,1096.73696505734,1108.252537894576,1102.465621391475,1220.07
4.099491266375546,520.4188067609953,563.8832027443141,1265.5951631489722,1087.9065137826115,1098.402273529028,1093.1278433163404,497.91
4.101491994177584,722.0142162853866,756.8624437211935,1223.5517896341737,1080.665943838256,1090.985369596449,1085.7995524367923,683.76
4.103492721979622,593.868790438813,656.8064373864925,1170.4309430114197,1074.6152793024462,1085.3094993774882,1079.9353369702178,580.21497
4.105493449781659,684.8600484201594,757.843426888519,1125.5754013117762,1069.4723863536508,1080.7724239627037,1075.093820297062,665.17505
4.107494177583697,655.9316426351488,701.9377306710936,1089.9033462224347,1065.0490273539167,1076.913256329849,1070.9511297880074,633.31506
4.109494905385735,615.7749029222276,678.3065782614518,1050.9701822356894,1061.3505519827456,1073.5444180099862,1067.4166390842631,606.765
4.111495633187773,541.9065765817795,957.4486277633354,1005.8055610530882,1058.805288152865,1070.982819254615,1064.863249112878,529.77
4.113496360989811,659.391794829964,743.9047823301145,978.2361755588781,1058.564462170059,1070.3391304708448,1064.422010821527,638.625
4.115497088791849,625.8273869654278,676.4884093855338,945.5511748205863,1062.7256032626012,1073.7364033971544,1068.203150131198,590.83496
4.117497816593887,588.0694981550544,633.4298706312612,911.7960513091656,1074.2438788485842,1084.2180076147745,1079.205712423129,561.63
4.119498544395924,545.7654617489105,588.4964947523504,884.7072157173374,1096.3068753031228,1105.1136040221957,1100.6879619388121,521.80505
4.121499272197962,503.88142984289067,550.690695584554,851.1082445365633,1131.1630471698516,1138.8344330008827,1134.9793343536228,474.01498
4.1235,439.48548018959787,490.17432995106896,815.634589068636,1178.7688382604229,1185.47179208092,1182.1033592090498,423.57004
4.125500727802038,437.5241402108654,447.7588447934626,785.6387057948822,1235.96813585443,1241.9402067455896,1238.9390641983434,415.60495
4.127501455604076,1988.3473985351225,2110.461952174742,871.3936227600262,1296.8430307726728,1302.3259801944062,1299.5706356759208,1910.37
4.129502183406114,1984.474997606858,2076.0347698036308,957.8590023144474,1354.304472288301,1359.5073293000255,1356.8927395153933,1902.4049
4.131502911208152,1963.237364858661,2054.5040986025874,1032.5279352174978,1402.2363624461623,1407.3321705081057,1404.7713759920966,1891.785
4.133503639010189,1927.1389792569328,2035.579983481417,1101.5356379793195,1437.1600665140218,1442.2959609620393,1439.7150218494564,1878.5099
4.135504366812227,1949.263527983452,2055.968767095174,1158.8135535506808,1458.7345084081617,1464.0331220499531,1461.3704117218929,1873.2001
4.137505094614265,1962.4175821253868,2035.8092953553494,1222.7683687442209,1469.1417303641783,1474.6901704832478,1471.901914949169,1867.89
4.139505822416303,1569.3461522097116,1608.7303138974928,1244.2171681428626,1471.935642523351,1477.7757916040912,1474.840943674805,1496.1901
4.141506550218341,814.9457317291566,857.3112944439919,1201.61267929471,1470.9431657570792,1477.0754569410055,1473.9937989500684,771.3749
4.143507278020379,497.4438591890184,520.6052873501618,1146.8974569569862,1469.479315322172,1475.878010644657,1472.6624766817897,463.395
4.145508005822417,1943.6433588649747,2048.577257804997,1203.39268395961,1469.8654444081558,1476.4949378054396,1473.1634209725219,1865.235
4.147508733624454,1881.350210363867,1973.676425255185,1248.999009819447,1473.1981862751254,1480.0241860594406,1476.5939189454773,1804.17
4.149509461426492,1852.2150083094753,1997.761477657101,1291.5207318943008,1479.392405451888,1486.3904038390965,1482.8737023316678,1785.5851
4.15151018922853,1512.962374751113,1616.7596699129529,1304.7624426877037,1487.5063583029046,1494.669334861454,1491.0697269353975,1456.3651
4.153510917030568,1983.1499959847538,2076.9204203191225,1358.779245685046,1496.2414009609251,1503.5775611150252,1499.890923301587,1897.0951
4.155511644832606,2004.0326728163384,2099.192046418419,1400.4262257638163,1504.3879087840382,1511.901394575433,1508.1256453759274,1910.37
4.157512372634644,2004.503158363703,2143.1070910743006,1439.587956306374,1511.0235283404372,1518.6848590001086,1514.8348133743445,1926.2999
4.159513100436682,2011.834789368658,2146.40452294066,1479.5147806421733,1515.3913890816764,1523.1205130546632,1519.2363992805604,1936.92
4.161513828238719,2028.3035767172166,2115.595044800083,1518.865905187592,1516.584929977871,1524.2649798146135,1520.40552724781,1947.5399
4.163514556040757,2057.6324497371493,2146.2604693683666,1554.9070091400213,1513.2436669328877,1520.7577253739337,1516.9816884010138,1968.7799
4.165515283842795,2044.1522578313975,2161.2662450008634,1585.4739925899717,1503.4910851159386,1510.7525812818778,1507.1034643344342,1979.4
4.167516011644833,2058.810330515478,2193.3780558396006,1621.255406135223,1485.275331142463,1492.2273233872363,1488.7337413293276,2003.295
4.169516739446871,2096.348391790476,2207.880986730964,1651.4404135457883,1457.1126232593574,1463.6977516228876,1460.3885295337589,2019.225
4.171517467248909,2107.6619977640303,2239.3992887558948,1683.671055038784,1419.00659872549,1425.1326300199962,1422.054117808944,2037.8099
4.173518195050947,1712.5093732922949,1831.2347368336475,1680.615701068653,1373.1118744021992,1378.6387739620225,1375.8613431971103,1650.18
4.175518922852984,975.7886478929404,1061.8096869915732,1623.3812792645024,1323.6948604390964,1328.4498862476448,1326.060344909746,938.64
4.177519650655022,585.0099937010989,636.1774766735074,1536.4569623298898,1276.2136271292711,1280.0267319251504,1278.1105338008176,566.94006
4.17952037845706,1453.996993226149,1494.6159775515903,1524.6202694572323,1235.7729485466346,1238.5213094721203,1237.1401766860254,1379.37
4.181521106259098,608.1952902025716,637.7690557758278,1445.0939573269209,1205.6146933612372,1207.2728715349465,1206.4395878786188,580.21497
4.1835218340611355,790.37620012783,837.3816186065285,1394.0250312765434,1186.316268530047,1187.0075654085952,1186.6601682472417,755.44495
4.1855225618631735,749.9955384628959,778.2237142921318,1337.387661196201,1176.042674584142,1176.0768054672271,1176.059653687339,712.96497
4.1875232896652115,1082.7950621569432,1190.11038930026,1313.0192625155603,1171.6822692898063,1171.554436009925,1171.6186760201656,1052.805
4.189524017467249,1017.6822931091995,1053.2417892786527,1290.2426835025224,1170.3124552797224,1170.6426672806392,1170.4767259675464,965.19006
4.1915247452692865,1474.369515085012,1575.5754553380643,1298.1853532680059,1170.361399097333,1171.774654993853,1171.0644520377107,1416.5399
4.1935254730713245,1477.794424633457,1528.442928451525,1303.1514706063558,1172.0198938326027,1174.9993517421672,1173.5020858752532,1411.2301
4.1955262008733625,403.3857905960963,472.4223819333437,1233.12808007889,1176.780764754143,1181.5461067902709,1179.1513812423918,399.67502
4.1975269286754004,372.71710794257285,432.15841534362914,1165.992104431979,1186.3236531117384,1192.7811370207585,1189.536060051527,375.78
4.199527656477438,824.2361236502065,902.8875195122383,1135.3326307438106,1201.239067996961,1209.0211104648392,1205.1104035793267,781.995
4.201528384279476,561.784675543639,587.2574431878395,1086.249666973376,1220.197971699429,1228.7736718734593,1224.4641284782517,535.07996
4.2035291120815135,1760.3189360352098,1862.7911860311083,1129.5879984779956,1240.0091939284207,1248.826105423127,1244.39534619332,1700.6249
4.2055298398835514,1644.5739307200163,1745.2360029336412,1171.438487763636,1256.5849671650428,1265.202346314336,1260.8718579993063,1589.1151
4.207530567685589,1593.8575123348523,1671.3508463210483,1202.2753980368134,1266.3511275673352,1274.5335662163216,1270.4216483879422,1517.43
4.209531295487627,1463.7708805277796,1561.2376186162967,1220.4630495269287,1267.417651742724,1275.1628098751755,1271.2706384609248,1419.195
4.211532023289665,1318.0248195796967,1374.2517265859044,1218.7602174325991,1259.9912145062672,1267.4777100586036,1263.7155242538192,1246.62
4.213532751091703,997.1703954225068,1071.333198987924,1203.5714395206537,1245.9567149890652,1253.4246421208693,1249.6717874974977,967.84485
4.215533478893741,1184.309262677613,1216.0570841602673,1190.970361568339,1227.9652522013528,1235.5817990643266,1231.754258623137,1129.7999
4.217534206695779,1075.927183759762,1170.352661642568,1179.9979797671745,1208.5163166502978,1216.298037813054,1212.387492392884,1036.8751
4.219534934497816,1020.7463668487694,1134.8116410307591,1166.723984205636,1189.3977573836034,1197.232236649036,1193.2951787192962,973.1549
4.221535662299854,946.1467794355672,1025.2833754037079,1146.3934226209292,1171.5850867713248,1179.3297742867253,1175.4378393714849,914.745
4.223536390101892,909.2462531935387,956.2500742169782,1123.3056525926831,1155.4870947475301,1163.0733529969516,1159.2610334813814,874.92004
4.22553711790393,845.3283714133424,888.9104363228831,1096.1166341936644,1141.3310199492162,1148.8048951694286,1145.0490514554178,811.1998
4.227537845705968,794.0998491634348,878.2306208533315,1070.1652914833287,1129.54163904205,1137.0231492016303,1133.2634687043999,774.0299
4.229538573508006,787.3651729067602,845.3222271897453,1044.9632075630655,1121.049162598351,1128.6453518962248,1124.8280417345968,747.48
4.231539301310044,739.1355656203098,798.6923160725229,1017.7943258540704,1117.4971132300593,1125.2228012187413,1121.3404141285437,715.62
4.233540029112081,698.3094743557635,771.2676475122518,992.4675353645504,1121.2656981207344,1129.0105002256723,1125.1185077257946,673.14
4.235540756914119,686.3553441257916,717.686850311758,966.2839028628891,1135.1397968483388,1142.6922989595846,1138.8969429034835,670.485
4.237541484716157,662.0094423835187,762.6582316822863,940.0422428055543,1161.507687610802,1168.626863718527,1165.0492668166114,665.17505
4.239542212518195,676.6396126495792,738.9662960076839,918.4180053684287,1201.20800994031,1207.7186966886873,1204.4468837165284,651.9
4.241542940320233,696.822967090605,705.2432760473213,891.6010787959825,1252.5041364754327,1258.3837393009283,1255.429064696073,641.28
4.243543668122271,1296.6675707907139,1343.0067198273232,924.706386810936,1310.8393085790863,1316.2595244692595,1313.5357054088831,1235.9999
4.245544395924309,2152.4956820838124,2273.1470990616963,1016.9003723313641,1369.756043342581,1375.0566010966484,1372.3929137945743,2067.0151
4.247545123726346,2124.6861303620008,2270.3660454228825,1095.8555468136358,1422.7139692842277,1428.3116932144446,1425.498671105216,2043.12
4.249545851528384,2105.9895614168695,2217.8847118520284,1170.042482114844,1464.962176170121,1471.2301741154695,1468.0803194565633,2021.88
4.251546579330422,2092.9299313352276,2186.4792591620712,1238.6653963346362,1494.568089170867,1501.7327632442612,1498.1323022667057,2003.295
4.25354730713246,2052.8390352787937,2185.1077334223774,1298.0869882689806,1512.2366706560515,1520.3299128233557,1516.2628188694948,1984.7101
4.255548034934498,2066.5549658047767,2200.0415969046844,1353.3055311454286,1520.2425659042754,1529.119762556014,1524.6587082488318,1971.4349
4.257548762736536,2045.1772271524824,2157.748580462021,1398.505591929102,1521.174310426778,1530.5824367578266,1525.854574557836,1955.505
4.259549490538574,2028.6204259741203,2142.4136991190558,1441.899126352521,1517.082886731846,1526.7477818104478,1521.8908857079587,1939.5751
4.261550218340611,2016.9684959750916,2146.0808467987936,1481.8500236061127,1509.2638419565,1518.9667825028978,1514.0907674257326,1931.61
4.263550946142649,1998.1168696188904,2118.178108263395,1515.0426693187176,1498.5577820841677,1508.1792359828314,1503.3441703602193,1918.3351
4.265551673944687,1992.1301209644143,2081.2159799281403,1547.7207572959508,1485.868845979347,1495.3909185059101,1490.6057949669826,1905.0599
4.267552401746725,1543.2126094486466,1596.9598077225833,1540.2457177147717,1472.5695720458662,1482.0437613103054,1477.2827005291513,1474.9501
4.269553129548763,970.5483864687077,1026.6883996192141,1494.6715821720493,1460.5512868441942,1470.0513422883214,1465.2772829855805,935.985
4.271553857350801,818.5984681783622,867.7642782917833,1435.8681039407256,1451.8501613076414,1461.4346293946296,1456.6181502381007,792.61487
4.273554585152839,1946.5668800353315,2066.840364450876,1472.6566052471946,1448.0102176616772,1457.7106169210645,1452.8358789159083,1867.89
4.275555312954876,1720.6044771695047,1815.7178803064937,1488.0319768845557,1449.4882578284073,1459.3207603619774,1454.3796365479443,1634.2499
4.277556040756914,1670.5564963421532,1787.2271919975008,1496.6312889126896,1455.398644735183,1465.3811458946311,1460.3646433273389,1618.32
4.279556768558952,1634.6344477875332,1726.6563838469197,1503.3814320666806,1463.7213828942704,1473.8777534071799,1468.77387633884,1586.4601
4.28155749636099,1952.8520080245257,2092.9471593105022,1529.916013001656,1471.8543327018513,1482.2006817854358,1477.001334857158,1873.2001
4.283558224163028,1957.0154375785223,2059.073647792934,1563.0906896579324,1477.2656191394171,1487.7899252917086,1482.5011496643729,1878.5099
4.285558951965066,1969.545432003695,2088.970001167824,1588.8494677795757,1478.0324580416184,1488.6846071082832,1483.331586629089,1889.13
4.287559679767104,1975.923043843652,2084.7723308755253,1610.931084972776,1473.1791346131945,1483.881836521885,1478.503411741929,1894.4401
4.289560407569141,1984.1424957959448,2423.3158509879113,1634.193236720115,1462.8162652088076,1473.492701316739,1468.1274758797972,1907.715
4.291561135371179,2004.6992841147876,2108.548401758885,1655.1537900296019,1448.0786117938198,1458.683241404892,1453.3541008599116,1907.715
4.293561863173217,1621.9734784301568,1725.5244574662283,1653.885161464911,1430.8304167320207,1441.3686534606034,1436.0728773059832,1575.84
4.295562590975255,1567.6453159760745,1695.2711746069183,1641.0318260722386,1413.1586753987103,1423.6839841385943,1418.3947046812912,1514.775
4.297563318777293,1584.6435112375864,1652.002420548174,1628.6091785721085,1396.800936834291,1407.385738130506,1402.0665619011613,1522.7401
4.299564046579331,1530.218013563025,1624.282880731199,1620.9724519702613,1382.7333456464569,1393.419611593829,1388.0494463713565,1488.225
4.301564774381369,1536.7657237093151,1654.7244288495124,1610.1587052092118,1371.084277036222,1381.8325432277713,1376.4312210458233,1477.6051
4.303565502183406,1567.1087845668612,1650.7401287923,1597.6851449834767,1361.3536241229351,1372.0140534901414,1366.6568719146187,1485.57
4.305566229985444,1530.831326336114,1668.5664844254102,1586.7918717231792,1352.7913053287914,1363.114068882723,1357.9265743818244,1469.64
4.307566957787482,1494.6377956342492,1583.7310487588754,1573.0935616322793,1344.7485075169336,1354.43170272619,1349.5656102658997,1432.4701
4.30956768558952,1451.8615433257414,1587.1808970278576,1563.1742131827382,1336.9156391399697,1345.6730843378598,1341.2722086839105,1408.5751
4.311568413391558,1434.7013193535263,1497.2111025924398,1546.7388604448709,1329.4553443638276,1337.0808631218981,1333.248814037627,1384.68
4.313569141193596,1432.0650262486129,1499.450539260994,1533.1983226846628,1323.0769139321328,1329.4908335667835,1326.2676489360279,1379.37
4.315569868995634,1385.7482098545502,1492.0278360423988,1518.1200977402675,1319.045229209115,1324.3202896962443,1321.6694155261712,1334.235
4.317570596797671,1316.4576063994202,1352.362558449745,1494.9976904804676,1319.0443716081018,1323.4134527555138,1321.2178600435655,1249.275
4.319571324599709,1307.7701735880764,1380.149298920297,1479.9018573874907,1324.8005655723368,1328.643230876046,1326.7121777207897,1249.275
4.321572052401747,1249.0292037355057,1364.373097528404,1457.6016417054147,1337.4701741892513,1341.2703371706523,1339.3606426915,1212.1051
4.323572780203785,1174.076709684934,1257.2828955067134,1429.324876347463,1356.9875869123382,1361.260833577135,1359.1134005318265,1124.4901
4.325573508005823,422.22673837453954,461.6203508938166,1345.1095289683808,1381.7201212479395,1386.9256929014814,1384.309738928914,399.67502
4.327574235807861,2006.0329847513176,2096.231061339252,1390.514545754727,1408.7110043504638,1415.1759956932895,1411.927146016161,1913.025
4.329574963609899,2005.7874110903829,2102.203149618997,1431.6748172521714,1434.5081963967214,1442.38702366515,1438.4276795500816,1907.715
4.331575691411936,1960.8144751668156,2094.555158302264,1467.7827425002838,1456.2175725926693,1465.4917917891844,1460.8312218913368,1894.4401
4.333576419213974,1957.735041896726,2066.51692177254,1504.400378293944,1472.2784051381827,1482.7844094347658,1477.5048310321217,1889.13
4.335577147016012,1935.783943622712,2067.8235478469205,1532.0257362143593,1482.6441135935102,1494.1112312880114,1488.3486649296328,1873.2001
4.33757787481805,1939.7712294641537,2071.9099386880052,1558.4654592978816,1488.4146553615183,1500.5000214855877,1494.4267669755511,1865.235
4.3395786026200875,1124.178087602731,1189.5962812490059,1519.3711264045417,1491.2256256770668,1503.53852857876,1497.3509300971205,1074.045
4.3415793304221255,737.7865517967255,785.5605996467536,1457.0890401091738,1492.705300301562,1504.8183092724228,1498.7311634129458,697.03503
4.3435800582241635,1936.1377820522273,2055.4797654739655,1485.9521774334564,1494.144280096182,1505.5977971363793,1499.842065509712,1859.9249
4.345580786026201,1938.7412974943793,2062.4731473246934,1520.2286681173548,1496.3617072895267,1506.6787570126648,1501.494133881014,1865.235
4.3475815138282385,1894.6288351647975,2016.4935391206495,1541.0955409412188,1499.6969051695105,1508.4315904503121,1504.0421523289692,1817.445
4.3495822416302765,1882.7860244382523,1982.435362134665,1561.2426883645014,1504.0774180714316,1510.9104544755173,1507.4766512516576,1817.445
4.3515829694323145,1998.0700701290873,2401.8593949701926,1591.127962628225,1509.1490178793033,1514.013318053478,1511.5688631095652,1894.4401
4.3535836972343525,2263.4375499953335,2092.744430066146,1617.5784248506504,1514.432423035907,1517.617736628635,1516.0170221823937,1910.37
4.35558442503639,2005.6283859701862,2099.7516968982736,1638.7150878633627,1519.4621015583875,1521.6332215905843,1520.542169454306,1923.6449
4.357585152838428,2038.7551984588806,2095.1924545567986,1664.064344313158,1523.847364823508,1525.9335875285267,1524.885198814265,1934.265
4.3595858806404655,2028.3788393456575,2083.407153546043,1687.2629532571661,1527.211678024281,1530.1831549471065,1528.6898997624683,1947.5399
4.3615866084425035,2048.1375003299822,2186.576765305367,1709.389605656969,1529.0352325732206,1533.6450906624286,1531.3285004041365,1968.7799
4.363587336244541,2051.658897113775,2142.8659273869202,1729.4733796344174,1528.4789818156,1535.0778047809818,1531.7617007487158,1974.09
4.365588064046579,2067.609225600101,2213.4572792364693,1752.7109444405992,1524.3335775629002,1532.8320580369104,1528.56131982862,1987.3651
4.367588791848617,2105.603576227368,2218.7577593958968,1770.8456595553948,1515.2287196439747,1525.210489720175,1520.1943545438733,2005.9501
4.369589519650655,2093.003067220296,2229.8633241437,1791.2410946431671,1500.1363382312177,1511.0532701021677,1505.5671884195483,2035.1549
4.371590247452693,2157.302571603056,2268.450074793165,1809.825310976511,1478.9789301011072,1490.337452602269,1484.6294585457094,2053.7402
4.37359097525473,2143.934486826848,2288.0777173517595,1830.7739408245513,1453.0030115870686,1464.4769242627062,1458.7109432250031,2074.9802
4.375591703056768,1461.0185558382495,1534.2793346870963,1800.44803134227,1424.5872505568975,1436.0418704668602,1430.285584615463,1405.92
4.377592430858806,1381.6448433236035,1473.1512848303412,1762.3872223732433,1396.4376558280956,1407.8869070403052,1402.1333191185784,1331.58
4.379593158660844,1393.8584156044362,1455.79652338559,1729.8393029443098,1370.497205052302,1382.0275255149186,1376.2331978931609,1331.58
4.381593886462882,1436.74560348052,1557.2769362801414,1703.9162250410197,1347.0946539620531,1358.7855387490965,1352.9105227975467,1397.955
4.38359461426492,2036.6084499226708,2132.14896000371,1721.0485923753165,1324.7983283560263,1336.6620660128215,1330.700186373402,1950.195
4.385595342066958,1853.5024088388172,1932.8922892858461,1726.2233957716974,1301.0965064164297,1313.0527477314279,1307.044382263312,1756.38
4.387596069868995,1428.5047049136363,1531.4955306417926,1696.2431227153563,1273.7045739215096,1285.5965276410122,1279.6204685941725,1387.3351
4.389596797671033,1422.2534027222623,1510.2728841824821,1670.352895123917,1242.0392577543935,1253.6836565725396,1247.832001197522,1363.4401
4.391597525473071,1409.2680058586282,1535.140865949738,1645.5062937184728,1208.285009753795,1219.5330367775598,1213.880569971855,1360.785
4.393598253275109,603.854909169629,647.7448127214415,1563.3447299228944,1177.5385527762203,1188.3175348966256,1182.9007770504586,574.905
4.395598981077147,480.0749271375828,550.0807607259266,1469.673901007444,1156.7884400388868,1167.1037657380323,1161.9200089795127,460.73996
4.397599708879185,599.341646837562,669.3942506978283,1401.2002782852942,1152.9133871663305,1162.8129173215943,1157.8381101419461,582.87
4.399600436681223,474.6392574575154,542.1857993711496,1323.6129697484735,1170.3145036681158,1179.8402145343034,1175.0532626219274,450.11996
4.40160116448326,487.67186115533156,507.69318276789295,1254.2038015901076,1209.0597034049474,1218.2178929502666,1213.6156313895594,447.46494
4.403601892285298,427.7826103098193,488.8589469868461,1186.770113521991,1264.3685411974893,1273.1359528060505,1268.730068735481,412.94992
4.405602620087336,2169.659067962028,2279.5622790747034,1258.5999302073046,1327.810360613803,1336.1702366604434,1331.9691512831052,2074.9802
4.407603347889374,2131.677257708671,2212.4213886831085,1325.4095794086174,1389.840558093337,1397.8259843577614,1393.813071089177,2061.705
4.409604075691412,2132.954159962559,2243.7436908505906,1385.4264894910234,1442.5982380933597,1450.3189790972451,1446.4390780134638,2059.05
4.41160480349345,2103.0934358814397,2224.8581059281455,1433.519026011329,1481.7567168465587,1489.3963279430045,1485.5571970412102,2013.9149
4.413605531295488,2098.6436208580567,2206.3873688984486,1475.5099452693203,1506.78158510302,1514.5639782834196,1510.6530951544753,1997.985
4.415606259097525,2071.276149247928,2159.3866111331417,1517.6983073359615,1519.8368585205205,1527.9703662139643,1523.8830376403396,1984.7101
4.417606986899563,2049.426409102472,2172.2641795901923,1554.839755254395,1524.158434659293,1532.7719416343182,1528.4433992015722,1971.4349
4.419607714701601,2036.5841482322678,2160.0755272929796,1585.5996207796986,1522.7131778837984,1531.8030163445737,1527.2351032287718,1955.505
4.421608442503639,2002.2321677392383,2130.229818245906,1613.8998434832722,1517.549720989779,1526.9564345314086,1522.2292822999555,1936.92
4.423609170305677,2018.9609710256393,2138.2208662178436,1639.684151681034,1509.8143975329476,1519.2430794404509,1514.5048874543268,1931.61
4.425609898107715,2005.7043297556934,2118.4874057870998,1663.4391836048887,1500.1925345628583,1509.2783291875592,1504.7124482191844,1915.68
4.427610625909753,1939.9195204981904,2055.320947116385,1679.434743084347,1489.4587312571848,1497.863830501769,1493.640019127713,1867.89
4.42961135371179,1389.450558680011,1473.2040385292778,1650.0477014927067,1478.855668366918,1486.369117552386,1482.5933867484434,1339.545
4.431612081513828,1265.5572379745745,1362.829592141847,1617.3206667513787,1470.0705555899744,1476.6740537675873,1473.3556003026708,1212.1051
4.433612809315866,1942.8691043784504,2067.2109831332255,1639.936524771597,1464.7608817212565,1470.6319166209362,1467.6815476526308,1870.545
4.435613537117904,1944.5510131166777,2031.1386899427735,1651.974082191894,1463.8533852711353,1469.3012901596824,1466.563556557328,1867.89
4.437614264919942,1530.8914856887482,1601.7159062131334,1637.3849211560175,1466.9995092502825,1472.362296420976,1469.6673369934815,1445.745
4.43961499272198,1212.3957990129231,1274.3980538409667,1599.5297109249732,1472.524294652977,1478.0734385161845,1475.2848293298275,1166.9701
4.441615720524018,1968.6955236444953,2067.5029742772053,1624.226946007425,1477.8819007589696,1483.7756149592992,1480.8138489705361,1894.4401
4.443616448326056,1948.6342834886282,2055.849973858089,1640.7747843684965,1480.3609702424637,1486.657971739824,1483.4935419367926,1878.5099
4.445617176128093,1973.6304989704993,2077.051659858505,1666.5089045305335,1477.7579098710466,1484.472431506575,1481.0981854649515,1886.475
4.447617903930131,1970.8209153901328,2091.6441470645605,1682.332580183732,1468.9064187795873,1476.0671477063936,1472.4686692818746,1894.4401
4.449618631732169,1970.7331583057678,2083.319593494112,1700.2361339551337,1454.0797461062193,1461.756583240832,1457.8987451520259,1899.7499
4.451619359534207,2019.2671474107137,2110.0601824897053,1717.9249023452005,1435.2141208274656,1443.4943958148453,1439.3333123279917,1923.6449
4.453620087336245,1655.4544255072888,1727.1311552841617,1704.9771779359096,1415.7457962735741,1424.6688905025287,1420.1847713030656,1573.1849
4.455620815138283,1354.7048293205105,1466.8326695672067,1675.541527437651,1399.8656459256904,1409.3520077555881,1404.5848298996752,1307.6849
4.457621542940321,1358.8670235133602,1416.8128367501854,1646.3247327879585,1391.273750688171,1401.0954501360613,1396.159755192627,1326.2699
4.459622270742358,1326.9934845905432,1393.448412781183,1611.4437951992047,1391.8905899226236,1401.7111536005136,1396.776029415152,1262.5499
4.461622998544396,1290.097186231505,1409.5337340469364,1585.8773474033544,1401.1433711762384,1410.6166985763298,1405.8560709075434,1246.62
4.463623726346434,1982.4831126587032,2094.3154398582087,1610.2062411608404,1416.2031049558732,1425.0750697897195,1420.6166446260224,1894.4401
4.465624454148472,1921.7033586796456,2078.998776053462,1632.7251594613747,1433.0575607851297,1441.2129337716071,1437.114617240467,1867.89
4.46762518195051,1936.7001817314667,1999.4161236080313,1654.1723724754445,1447.854419167263,1455.2763759139616,1451.5466227709921,1849.305
4.469625909752548,1900.3944036455057,2002.1558007140711,1664.7181480723427,1457.8604231162444,1464.5112254372996,1461.1690002389034,1838.6849
4.471626637554586,1920.9324995069233,2030.8995657297842,1681.967744988003,1461.6742002695723,1467.3381491876298,1464.4918470600758,1836.0299
4.473627365356623,1906.8046996655996,2043.8065041851655,1688.5950506232823,1458.7746596562197,1462.9255303720633,1460.8395948665293,1830.7201
4.475628093158661,1828.8236009906777,1926.1914438030472,1694.8858457689892,1448.832244311643,1450.605622085941,1449.714447217494,1766.9999
4.477628820960699,1816.0308474480037,1919.5909389031972,1699.8200114988174,1431.2783694453283,1429.6306589391352,1430.458682282428,1748.4149
4.479629548762737,1812.5606505850428,1916.5164071202453,1703.7370320859616,1405.446950599031,1399.5281756158204,1402.5025353904146,1732.485
4.481630276564775,1794.5352598045704,1871.6288872906605,1703.123719669065,1371.2402638139483,1360.879540378201,1366.0861108442853,1721.8651
4.483631004366813,1803.0423747109824,1910.0591177244842,1702.7904298979688,1329.9261835802695,1315.9932198034396,1322.9949468696373,1724.5199
4.485631732168851,1268.6258652517229,832.203292006599,1632.351105273737,1284.5312853032424,1268.9216205442476,1276.765939526766,784.65
4.487632459970888,770.7647451907173,860.4160917844997,1560.0826054103568,1239.480779025818,1224.6461394578441,1232.1009853215146,758.1
4.489633187772926,914.0156207238423,943.1823181276571,1508.32995333654,1199.5740825302935,1187.7916985857191,1193.7126955746191,858.98987
4.491633915574964,754.8416877541848,806.0552667849115,1444.7849692056734,1168.7644059991967,1161.5073333633777,1165.1542273558875,723.58496
4.493634643377002,695.7974161271537,776.8604338322659,1380.7743968853674,1149.2643544357445,1146.9607657104348,1148.118387289428,678.44995
4.4956353711790396,657.4379088544134,738.602823006267,1324.3487520722676,1141.2298759506816,1143.450027555921,1142.3343356016135,646.58997
4.4976360989810775,596.4748180059881,652.6007413889569,1262.4582797299954,1142.961692359859,1148.8470530190973,1145.889484932209,574.905
4.4996368267831155,723.1728384524686,788.3720497081674,1217.0666456199745,1151.449278278974,1160.1366018860886,1155.7709644088773,683.76
4.501637554585153,1346.5538832117195,1403.2560633802232,1223.2668073203904,1163.112099430773,1174.0027972809858,1168.5298989709777,1294.41
4.5036382823871906,1283.265450959843,1351.0837754628626,1221.9916681787477,1174.663290241062,1187.5154401492728,1181.0568540714996,1214.7599
4.5056390101892285,1161.9995880084439,1243.8443815810467,1217.1076511289448,1183.9677729086732,1198.8547182113466,1191.373587166416,1132.455
4.5076397379912665,1107.3761728602224,1199.6662703459012,1201.046254798211,1190.6816445761888,1207.8586484659706,1199.2266951373274,1063.4249
4.5096404657933045,1037.19088315923,1137.8767502378366,1188.9217737289976,1196.4424264028994,1216.14549188941,1206.2441177730584,1010.3251
4.511641193595342,1001.2811851305621,1080.8975279283507,1170.0070520530435,1204.4634190422753,1226.67709548613,1215.5140649860903,957.225
4.51364192139738,919.0773410639802,1005.2749969545957,1142.8182065387762,1218.53799483706,1242.8079794258588,1230.611593164223,872.265
4.5156426491994175,870.2042764445773,961.3579578822341,1119.620717387955,1241.6519080760077,1267.0355592540197,1254.2795225385887,840.4049
4.5176433770014555,824.6472608689119,918.0871956464579,1095.0706320977663,1274.6434031151723,1299.855922201939,1287.1858844321994,821.81995
4.519644104803493,623.2523679959329,1130.3112374360762,1056.4364675118811,1315.481022388414,1339.1944445183358,1327.27774738062,596.145
4.521644832605531,2003.1223323473646,2122.1319790277335,1126.159434758351,1359.6013624608859,1380.7731680797963,1370.133708535035,1918.3351
4.523645560407569,2005.4981435048528,2116.661048934171,1187.8000113725682,1401.2529833710375,1419.3454576362014,1410.2534533228372,1920.9901
4.525646288209607,2007.1805825909285,2118.2690326031225,1249.4645007030924,1435.2520771670634,1450.271989322816,1442.724038495029,1913.025
4.527647016011645,1990.558854867649,2076.971690292245,1303.7313009469538,1458.3571353164475,1470.7437046125872,1464.5190865853485,1923.6449
4.529647743813682,1975.6279252966553,2113.515663671477,1351.085716588771,1469.7978917309715,1480.2424739941591,1474.9937619829425,1889.13
4.53164847161572,1976.2451487434857,2075.007802935373,1385.9970324714805,1471.0449391323045,1480.3140082400755,1475.656026414395,1883.82
4.533649199417758,1661.3175935231718,1753.610593346893,1413.268002850568,1465.2019000966034,1473.9914624378616,1469.5744469678893,1615.6649
4.535649927219796,995.2231510125903,1045.8172917210554,1373.1072351723617,1456.2982898901128,1465.1218552362093,1460.6877522489565,951.9149
4.537650655021834,639.7006965200954,663.6694768399564,1312.650918468401,1448.489287594585,1457.6088557331773,1453.0260025735213,620.04004
4.539651382823872,1949.8966058524677,2042.807194536915,1357.2040720987516,1445.1337497770323,1454.5556821468538,1449.8208820033717,1873.2001
4.54165211062591,1943.9864488571475,2048.354515995717,1395.1790932492959,1447.9539668991047,1457.4990852458245,1452.7023804995283,1862.58
4.543652838427947,1433.4857767618873,1556.5056976233573,1397.2773815390158,1456.6757042042286,1466.0982214692838,1461.3631273986193,1382.025
4.545653566229985,817.3731925031857,896.786399706833,1351.46631426948,1469.4055132816784,1478.5069944438585,1473.9332305256821,792.61487
4.547654294032023,1984.4656151426689,2101.26077720077,1393.095874086793,1483.5829743851186,1492.2763181798264,1487.9076553799996,1905.0599
4.549655021834061,1987.599655178959,2093.943598370437,1432.813815974158,1496.984290592866,1505.2972459054977,1501.1197395870402,1920.9901
4.551655749636099,2004.207159000253,2116.8409378174692,1472.1434786873326,1508.2961287970616,1516.3349587341077,1512.2952085379306,1936.92
4.553656477438137,2028.154676661103,2121.1320355929447,1511.7565231061735,1517.0822692077395,1524.9854983346554,1521.0138915627845,1939.5751
4.555657205240175,2022.8071229452837,2139.172612621207,1546.3093516816486,1523.3442516944883,1531.2409917870132,1527.2726459471633,1955.505
4.557657933042212,2061.1788554796603,2162.8614574349945,1583.0935574103225,1526.985636423733,1534.96246495723,1530.953872303147,1971.4349
4.55965866084425,2078.089913873622,2184.4091957416094,1617.0957644747587,1527.440295676297,1535.517152937826,1531.458292884525,1990.0199
4.561659388646288,2062.8896844888877,2194.8160175378857,1646.1970369783714,1523.5983044781456,1531.7182681504944,1527.6377458487157,2000.64
4.563660116448326,2092.0589214375973,2206.141785685248,1674.7925266678346,1514.0725415280745,1522.1090982846379,1518.070490428997,2016.57
4.565660844250364,2158.7607093209435,2266.7852821472384,1705.4246347648666,1497.755791884144,1505.5360953893112,1501.6262623840785,2059.05
4.567661572052402,2138.187683548199,2264.4722440351784,1734.5254979347947,1474.4767199883158,1481.813431295598,1478.126516511358,2064.36
4.56966229985444,2147.1539554929122,2244.306316317568,1758.6739939793968,1445.4331841854878,1452.1565819948814,1448.7778754129313,2067.0151
4.571663027656477,1450.4075236877727,1535.8025452655604,1732.305702389547,1413.113463747978,1419.0962407634822,1416.0897180715804,1387.3351
4.573663755458515,1437.6727808379537,1515.801077938949,1700.163836313096,1380.663556603429,1385.835878201339,1383.2366333667696,1371.4049
4.575664483260553,1381.0121730159035,1443.3663054918115,1674.6857648176979,1350.998994566286,1355.3552509697954,1353.166103071595,1328.9249
4.577665211062591,1354.7397897730752,1438.1109267344918,1642.5454536779018,1326.1323316977532,1329.7344800024932,1327.924293764609,1307.6849
4.579665938864629,1307.0858943950695,1384.5759188463965,1612.5642028724278,1307.0192418100767,1310.0001665276106,1308.5021635462374,1238.6549
4.581666666666667,1305.3542227233834,1347.620968161399,1577.7514466874663,1293.878804946804,1296.442280835586,1295.1540582577106,1233.3451
4.583667394468705,1229.8715407500065,1276.5566301425285,1549.4596754886866,1286.6580852756852,1289.0665350875586,1287.856217706025,1169.6251
4.585668122270742,1219.1490618514053,1293.0806847374524,1520.2822482633426,1285.2885514695693,1287.830370701569,1286.5530312353121,1169.6251
4.58766885007278,1158.6543269653089,1258.2734920912064,1483.3362697646305,1289.5880860284246,1292.5249837904917,1291.0491056585527,1121.8351
4.589669577874818,1158.3881827463213,1279.659344403262,1456.5472701298265,1298.9326435372911,1302.4392364896944,1300.677069647216,1121.8351
4.591670305676856,1135.9121370366265,1218.595458193282,1427.6753007984566,1311.9847019926942,1316.1008858434022,1314.0323815152078,1084.6649
4.593671033478894,1632.3796653694142,1745.0790672347002,1438.6180270369473,1326.7319459044108,1331.3501603890743,1329.0293707945052,1562.5651
4.595671761280932,1608.2317807716072,1694.3361014090203,1444.3871559835752,1340.8888140862732,1345.7897489942027,1343.3268840112628,1528.0499
4.59767248908297,1577.0972712276211,1652.718209599646,1448.974085464555,1352.4804923691472,1357.410032584337,1354.932792587058,1506.8099
4.599673216885007,1576.1407707538822,1702.7341407648094,1456.9682179897957,1360.316119179012,1365.0743891370003,1362.6832175178988,1530.705
4.601673944687045,1617.8615305923624,1701.004185775396,1463.9558704446658,1364.1368788863447,1368.6399951313406,1366.3770458120252,1541.3251
4.603674672489083,2012.7123759090662,1643.0526061554813,1463.3566827715986,1364.4324731620125,1368.720004677822,1366.5653930716867,1480.2599
4.605675400291121,1503.8521836037594,1584.6634047437344,1461.6644912254715,1362.0692166928338,1366.2590449607158,1364.153532131153,1448.4
4.607676128093159,1530.8179542328328,1630.276361748518,1466.030959403509,1357.9296052397658,1362.1475337193194,1360.027899700914,1466.985
4.609676855895197,1477.1059688617825,1541.9031255460277,1458.3588829751584,1352.6855262411088,1357.0043460822476,1354.834011165708,1395.2999
4.611677583697235,1540.2487101720644,1600.1281422368522,1452.3958500562746,1346.734687526597,1351.1437266518967,1348.9280538722921,1443.09
4.613678311499272,1488.0896366705717,1571.388938777911,1456.5671385284713,1340.2577380854038,1344.6642690782942,1342.4498567095297,1421.85
4.61567903930131,1420.5437060050428,1507.4162367749004,1445.8948684140178,1333.329153769925,1337.5797027410972,1335.4436759592616,1366.0951
4.617679767103348,1484.457891023954,1578.7879608807818,1444.991098508029,1326.0144628135072,1329.9277827244432,1327.961223535891,1419.195
4.619680494905386,1416.8032322979861,1487.8281465007647,1438.0319303508395,1318.411514226432,1321.8257202323935,1320.109980567494,1350.1649
4.621681222707424,1327.6460070480011,1388.7335803690535,1421.6106669677677,1310.6329681442912,1313.470027033635,1312.044320892997,1278.4801
4.623681950509462,1341.9760079506354,1372.0820670845408,1411.4629849571925,1302.7665207599973,1305.1018675798132,1303.9282866174874,1267.86
4.6256826783115,1361.905624500922,1449.4972036618606,1406.1148835372462,1294.8549223256,1296.9589989928022,1295.9016381336141,1305.0299
4.627683406113537,1345.7621016394091,1417.9648621030303,1396.2956710195006,1286.922634787958,1289.2365328909134,1288.0737305442349,1286.445
4.629684133915575,1298.008547079341,1343.0232409459725,1381.0992701336556,1279.0251736714838,1282.060153268928,1280.5349861090076,1238.6549
4.631684861717613,1237.009600850811,1315.5502924730047,1367.2092590738823,1271.2799865068573,1275.4713945228152,1273.3650878230437,1182.9
4.633685589519651,1236.487574091573,1306.1910091746786,1352.4176313426694,1263.8507192285822,1269.426205350934,1266.6243583989597,1177.59
4.635686317321689,1194.127385589562,1272.960257474977,1336.553373510587,1256.8926625495374,1263.8097612013837,1260.333714207654,1153.695
4.637687045123727,1186.5397588354601,1277.7619999705914,1317.5298983230996,1250.4940483436653,1258.4690763549972,1254.4613885166432,1145.7301
4.639687772925765,1146.8562546730896,1262.4168248281262,1306.6280933936737,1244.642949972162,1253.25411487676,1248.9267494037886,1113.87
4.641688500727802,1195.7482579315051,1293.5852140322434,1289.5964499650026,1239.2293829611751,1248.0485369844685,1243.6166508176107,1143.0751
4.64368922852984,1144.5194792530829,1215.4180616762776,1274.6988761939558,1234.0755159004461,1242.7764625249956,1238.4039790779373,1089.975
4.645689956331878,1129.6053349406977,1199.789438250704,1258.167632906131,1228.9833397035036,1237.3896345467435,1233.1652223489427,1079.3551
4.647690684133916,1146.9708623251704,1207.0481543227204,1245.1808922226257,1223.791144146499,1231.8581709370176,1227.8042509866302,1082.0099
4.649691411935954,1115.7494981646764,1198.2549733175606,1229.1263327523484,1218.4262125912262,1226.1839383154818,1222.2854513140308,1071.39
4.651692139737992,1068.5395483046102,1130.2310762746772,1213.3994201233713,1212.9325017177064,1220.4284052678095,1216.6614916654325,1018.2899
4.6536928675400295,1083.3606490566408,1175.6843154281028,1201.3316113525566,1207.4564062071554,1214.72386478045,1211.0717515466722,1052.805
4.655693595342067,1006.0977845273385,1054.8800910902319,1184.9780974264495,1202.1874409479833,1209.2381634732562,1205.6949665244815,970.4999
4.657694323144105,1046.7403739892268,1113.5049495705134,1169.8983466109885,1197.2732696223761,1204.0971717011437,1200.6679587463634,997.0499
4.659695050946143,1018.167069567199,1088.931216932002,1154.0119444089203,1192.7444900224452,1199.3044659631257,1196.007883711627,967.84485
4.6616957787481805,965.7389981905299,1031.1928354417307,1135.757909924802,1188.4817619604787,1194.7069470707888,1191.578607129833,930.6749
4.6636965065502185,1009.8837899347344,1081.5378619144838,1124.6322979663603,1184.2384021666062,1190.0292645106156,1187.1191846266713,970.4999
4.6656972343522565,962.1126634773303,1031.5574803860818,1105.9871531719593,1179.7040894654672,1184.9603358332333,1182.3189163155141,941.29504
4.6676979621542944,1025.8145265434457,1080.9522234803153,1096.8533104594321,1174.5814026055568,1179.2498449225982,1176.903814354244,989.0851
4.669698689956332,1013.1324739388,1078.4426440765733,1086.000255921128,1168.6484527699865,1172.773199862561,1170.7003922516399,962.53503
4.6716994177583695,967.873712634685,1018.2946882069431,1073.1808160554622,1161.7967043940203,1165.545469680773,1163.6616040658541,922.70984
4.6737001455604075,919.9726493011058,950.4584671370452,1054.7723762726757,1154.0433317725306,1157.6893523136475,1155.8571189772554,877.5748
4.675700873362445,892.4412173516403,939.3840727982185,1042.0695409659595,1145.5190073901917,1149.381372460315,1147.4404195888242,856.33484
4.677701601164483,861.5128584894757,910.3094051862936,1025.3793282777995,1136.432872004036,1140.8024765866153,1138.6066208329883,827.13
4.679702328966521,809.2627307989749,895.5435086076657,1004.6934291630723,1127.0244065745676,1132.11117778359,1129.5549245538934,784.65
4.681703056768559,800.6866612572742,858.8975407716015,982.1373024222916,1117.5197841120216,1123.4382191057252,1120.4640301859306,760.755
4.683703784570597,777.9968047272039,819.8217263561127,966.216289659099,1108.1091862796486,1114.890116294472,1111.4824980748842,742.17004
4.685704512372634,734.6079004923198,778.8275493722504,942.2653458059362,1098.9462116263198,1106.5500900767563,1102.7289158881722,699.69006
4.687705240174672,703.035482278614,792.8617494021673,924.6093991791191,1090.1566877886755,1098.474435892586,1094.294521054523,681.105
4.68970596797671,658.6219210943576,760.1665636994135,902.669814987904,1081.8416384525708,1090.6911660894548,1086.24401628194,657.20996
4.691706695778748,683.8025512910443,708.7932358853578,882.1862453234381,1074.0685885347946,1083.2038379781084,1078.6131044982662,643.93506
4.693707423580786,637.2396683013367,721.0520158323418,858.4801084192311,1066.8577509280663,1075.9978166443877,1071.4046628446758,617.385
4.695708151382824,607.7465443471076,672.7296607254461,841.7563739742333,1060.1798454708687,1069.051929359324,1064.593444367159,593.49
4.697708879184862,612.5960999703117,674.1754701994049,818.8521655851082,1053.9617282118006,1062.3449289594578,1058.1321222288573,580.21497
4.699709606986899,577.4494738092517,633.7976708775902,795.9203308218116,1048.1354305866826,1055.894000863848,1051.9950894495398,558.975
4.701710334788937,581.0473616085594,643.6836212978263,778.7441804190526,1042.7264858201652,1049.8255608522636,1046.258065336351,545.69995
4.703711062590975,559.1417422933579,584.1848652523194,757.9551776863152,1038.0089799303357,1044.5109610262348,1041.243522902354,529.77
4.705711790393013,540.5848509213745,580.2969448159869,741.7075666196496,1034.739130277789,1040.784948355837,1037.7467456623963,511.18503
4.707712518195051,502.1650500202811,592.3927492007319,717.7180853751834,1034.4387859956717,1040.2227380428053,1037.3161307877608,497.91
4.709713245997089,510.9791188402618,504.38434070337814,696.9564617461081,1039.6072100271708,1045.3511956995203,1042.4646727318209,476.67
4.711713973799127,491.2754177517594,537.9880375288352,681.5704937974574,1053.6208840302615,1059.5472053391086,1056.56905331232,468.70493
4.713714701601164,461.5883581669362,508.68809270016106,664.3341029080159,1080.0546580716468,1086.3549131891934,1083.1888483456291,447.46494
4.715715429403202,464.97533079756016,525.2263935124688,649.5556194071016,1121.3721810180318,1128.176741638068,1124.757248339297,444.81003
4.71771615720524,422.58410298647016,511.99785796816303,634.2521267806836,1177.3911803519284,1184.7522172035196,1181.0530781126122,426.22495
4.719716885007278,429.4471686987055,485.72157171668755,606.7288120468787,1244.347999583836,1252.247734724115,1248.2778837840394,407.63998
4.721717612809316,2151.43440713619,2289.861560755428,726.9866017519342,1315.332250661702,1323.7148189121772,1319.5023300301486,2077.635
4.723718340611354,2133.7296264917527,2271.8553217831563,831.7368939683938,1382.1776638321744,1390.9896985506302,1386.561390045365,2064.36
4.725719068413392,2112.3376467966355,2244.793079875839,930.6545282770638,1437.9809401558953,1447.2036089191445,1442.5689446412107,2045.775
4.727719796215429,2116.3070944842543,2225.931605019958,1023.1498377151289,1478.9933948917533,1488.657164528839,1483.8008339940532,2019.225
4.729720524017467,2073.2830677913116,2225.380759972591,1094.9390983844105,1505.045705136921,1515.226928483955,1510.1105621301947,1997.985
4.731721251819505,2085.413521581498,2169.7593553942183,1167.5851433099692,1518.5774002085832,1529.3783007166069,1523.9505282313228,1984.7101
4.733721979621543,2043.9883511933724,2160.190145574768,1230.559392235834,1523.042703728946,1534.5561074946772,1528.7702810142664,1968.7799
4.735722707423581,2016.104355876072,2151.6700363439613,1287.6172345851135,1521.546979053112,1533.812200677808,1527.648563450432,1955.505
4.737723435225619,2006.603903986241,2153.7652835800977,1345.2055058713727,1516.1810925534887,1529.144679553475,1522.6300930357265,1939.5751
4.739724163027657,2026.5365265494584,2131.133945486553,1385.7406158818515,1508.0654882063604,1521.5634333407784,1514.7803160299536,1931.61
4.741724890829694,1990.4804181538225,2124.654132780089,1430.5905746519218,1497.8488901761002,1511.620064099166,1504.6996412275587,1913.025
4.743725618631732,1974.7112018561752,2114.0491222906276,1468.6634729514496,1486.3224134574589,1500.0488066144026,1493.1508874044157,1902.4049
4.74572634643377,1587.8027870696085,1693.94316490886,1472.7616520204047,1474.8265313832874,1488.1851875681973,1481.4720670809786,1522.7401
4.747727074235808,1495.1256408808856,1563.268569301895,1468.7553190486997,1465.2046949924488,1477.914686254457,1471.5275391078942,1429.8151
4.749727802037846,1961.518527001767,2090.786128420191,1504.7080871430492,1459.2758822483022,1471.1305982277593,1465.173252248472,1870.545
4.751728529839884,1785.7607749384026,1898.9759572854434,1512.9748942631243,1458.075923541395,1468.9610681757351,1463.4909605212188,1697.9701
4.753729257641922,1282.9350955864684,1373.198088041104,1495.5756578182577,1461.2624268257687,1471.1648509996487,1466.1885894899094,1235.9999
4.755729985443959,1210.507715852953,1283.7858154748953,1470.2957299147731,1467.0499114493534,1476.0594079992675,1471.5318690738272,1177.59
4.757730713245997,1968.0340235352708,2058.7886028538355,1503.9162173527384,1472.6981645838691,1480.9986388465802,1476.827404625463,1894.4401
4.759731441048035,1967.8235613914946,2082.8212589935783,1532.331169135194,1475.327430610595,1483.173210266129,1479.2304735555858,1886.475
4.761732168850073,1955.9002249167227,2548.348133176616,1564.8138908426163,1472.7574376097596,1480.436835498333,1476.5777105547986,1889.13
4.763732896652111,1969.804838435322,2064.653103417699,1591.9138754325302,1464.1703512730728,1471.9686498480958,1468.0497737871508,1902.4049
4.765733624454149,1990.9463774301612,2072.911066062189,1613.320621527417,1450.488155194438,1458.6636664058135,1454.5552298200612,1907.715
4.767734352256187,2002.8276708045921,2110.1861558976952,1637.344401131535,1434.3344348678497,1443.1146511604727,1438.7023323568194,1923.6449
4.769735080058224,1417.6053559371264,1511.130812058458,1614.6415510311563,1419.4418639508938,1429.033143253095,1424.213241259137,1360.785
4.771735807860262,899.3327483664117,1002.6039719845888,1558.2618672886229,1409.5404684821935,1420.1347069051649,1414.8107882400473,872.265
4.7737365356623,911.199852074062,1455.182823441977,1503.4857228143871,1407.0896956519937,1418.8506779736945,1412.9404359343182,877.5748
4.775737263464338,900.1089703351865,973.3435917727368,1452.3921737162232,1412.4295220959398,1425.4554330000374,1418.909526874108,874.92004
4.777737991266376,1980.9128496834974,2090.9619470121825,1492.370675722636,1423.788889228902,1438.066183484671,1430.8914201519099,1891.785
4.779738719068414,1943.94227912606,2049.01424555033,1516.5984380864254,1438.1156082577759,1453.4912338892107,1445.7645265017723,1854.6151
4.781739446870452,1881.7140317859553,2028.2860695092986,1542.7391631291894,1452.2385018899513,1468.4296742607332,1460.29313047595,1828.0651
4.783740174672489,1884.4187456542536,2005.621183684987,1564.1944172059464,1463.7396417645211,1480.3782987794332,1472.016880704104,1820.1
4.785740902474527,1883.1447983529815,2030.7690862208767,1589.3754248671723,1471.1601272762064,1487.8484911545713,1479.462093907776,1825.41
4.787741630276565,1909.8933163027423,2044.2637306033532,1601.9411163374727,1473.5832173233823,1489.9346887770355,1481.7175899541996,1841.34
4.789742358078603,1938.8130754172032,2053.9829181988525,1625.833391435795,1469.9613392789106,1485.6165567445482,1477.7493461774288,1862.58
4.791743085880641,1963.89490677768,2093.594780904672,1649.7578580114046,1458.6535918871316,1473.280744598203,1465.9301670269879,1902.4049
4.793743813682679,1975.7586050940588,2118.0734327718233,1668.8194200823684,1437.5402794468305,1450.8371698482429,1444.155088497062,1907.715
4.795744541484717,1042.9372527459595,1117.3706540769188,1614.1528037817463,1404.8122508820506,1416.5228989111583,1410.6379513449788,1012.9801
4.797745269286754,526.5738168395061,549.7150517108014,1528.031340779314,1360.1550659542581,1370.1030580985787,1365.103897333728,503.21994
4.799745997088792,480.67728585302876,503.5094885238579,1439.0804446729953,1305.7058038021414,1313.8355692486318,1309.7501212649663,460.73996
4.80174672489083,1920.093299750578,2026.707188201971,1476.4345207335805,1246.1252548525247,1252.5340885782362,1249.3134597673943,1851.9601
4.803747452692868,1889.3993162859854,2009.6943978781724,1501.230792145977,1187.5266322598677,1192.4683005890101,1189.9849658551705,1812.1349
4.805748180494906,1850.3015333208903,1958.5185458794292,1523.3641929254031,1135.6914065786168,1139.5378645941012,1137.6049054888176,1782.93
4.807748908296944,396.3976093792124,450.8778814892961,1435.3568753930542,1094.4435180555458,1097.6198804062615,1096.0236642243146,383.74496
4.8097496360989815,488.8662151226449,510.3502140774034,1352.6065467833641,1064.9660668670824,1067.8868408665726,1066.4190654029999,450.11996
4.811750363901019,534.6420511761717,562.386340465276,1282.9918227512576,1046.2340756978535,1049.2805823399508,1047.7496224985998,497.91
4.813751091703057,519.5520588482751,570.0066204786989,1222.4768474813557,1036.158441688865,1039.719562454833,1037.9299937706353,513.83997
4.815751819505095,525.7481708504876,566.6478616832359,1170.0683869101686,1032.8270290747253,1037.3924140513209,1035.0981728496465,495.25497
4.8177525473071325,484.0517916128835,521.9280991366562,1107.1234614394198,1035.4012457046788,1041.655737057908,1038.5126698616787,455.43002
4.8197532751091705,416.2942963455155,486.405664466425,1054.167410067108,1044.491899204412,1053.327868616002,1048.8875322183644,412.94992
4.8217540029112085,636.2204122914645,688.8086664661035,1018.9645573142916,1061.9692919749925,1074.3370900148743,1068.1219051000096,601.45496
4.8237547307132465,584.0183544076693,1028.9912062021876,977.4597263331067,1090.1899265757681,1106.773679653651,1098.4398524332253,543.04504
4.8257554585152835,513.3812079305358,552.7850581071654,939.5851766677199,1130.7399513679716,1151.5684442865404,1141.1015095444452,505.87497
4.8277561863173215,427.3587710794695,506.9459211941479,900.1786367650933,1183.0802347727638,1207.2877365561378,1195.1227497553002,420.915
4.8297569141193595,588.835472758372,630.2698864861073,872.576701495373,1243.7665855843209,1269.694355519141,1256.6648830087283,553.66504
4.8317576419213975,2009.4344574017828,2123.3693039956693,959.1552008079551,1306.8311384918036,1332.4828148797135,1319.5920875559796,1926.2999
4.833758369723435,2012.7942289747493,2150.75738329784,1032.5087005972368,1365.3612575210245,1389.0011728379407,1377.121415051422,1926.2999
4.835759097525473,1993.6731301671184,2121.015749896381,1103.3984829555523,1413.5766953822633,1434.166367139273,1423.819447106012,1910.37
4.837759825327511,1991.5092739027002,2109.8342495132674,1174.1147407583298,1448.3905074282798,1465.6769558952758,1456.9900034242532,1907.715
4.8397605531295484,1959.843076647767,2090.2405877038036,1223.1452691602458,1469.8022661677883,1484.103100219275,1476.916507441792,1897.0951
4.841761280931586,1974.5028710732074,2075.6738315800008,1275.302297471261,1480.2000388391903,1492.0925645417635,1486.1162180564856,1883.82
4.843762008733624,1669.0449676044457,1760.2888055942965,1301.3169868907235,1483.1694681085082,1493.2802456375873,1488.1992803943285,1589.1151
4.845762736535662,1126.8892788446212,1215.6764829004471,1288.732827709256,1482.4104396393218,1491.3642125818253,1486.8646764199377,1084.6649
4.8477634643377,1026.8120168366086,1132.5270635685545,1261.6450817906398,1481.0240480852572,1489.4730326057038,1485.227167580412,986.43005
4.849764192139738,1938.0314951255814,2114.688660724208,1310.9234170833352,1481.139435606638,1489.7532404356439,1485.4245483224488,1878.5099
4.851764919941776,1923.8646605878391,2035.055861837716,1352.233405621183,1483.7846437061833,1493.1447685660237,1488.4410285273736,1841.34
4.853765647743813,1874.7865643005698,1939.2044414152665,1391.1515736339509,1488.9722451018501,1499.417143214238,1494.1682724794412,1793.5499
4.855766375545851,669.8904265460083,712.8313189940883,1326.9492552378201,1495.9933626948523,1507.5177409954556,1501.7263994861476,643.93506
4.857767103347889,2011.3737100450085,2146.0617700398807,1375.6134164649322,1503.8326605637562,1516.1196744801366,1509.9450859805859,1918.3351
4.859767831149927,2002.1675869001158,2135.049794385455,1418.8870160204813,1511.5450747818961,1524.125333198348,1517.803380650053,1926.2999
4.861768558951965,2032.3074976732232,2149.9714016329235,1457.3254822305453,1518.4470743691732,1530.8969746455557,1524.6405309245456,1944.8849
4.863769286754003,2021.5915425841322,2147.9589475085154,1500.9279457496166,1524.0606684753216,1536.1387336039268,1530.0691480604053,1952.85
4.865770014556041,2050.135342939509,2146.8658264146457,1539.1177041123578,1527.8855140144271,1539.544944280773,1533.6857351577235,1968.7799
4.867770742358078,2064.916537967666,2215.7748767736693,1573.3229402891284,1529.111608223844,1540.4006012512248,1534.7275478150725,1984.7101
4.869771470160116,2080.7727868613665,2182.2984217911294,1607.9739117028166,1526.4196707017243,1537.3294318411433,1531.8469536635532,1995.33
4.871772197962154,2092.990237400875,2230.432336801014,1640.4575659613179,1518.008531435518,1528.3381383977535,1523.1472048814444,2013.9149
4.873772925764192,2117.96773900819,2216.962690111538,1672.213733944755,1501.9444851611684,1511.2347266122626,1506.5661050568249,2035.1549
4.87577365356623,2154.343962541673,2262.4522118633654,1701.297309388565,1476.8164843332179,1484.3820419558363,1480.5801251184973,2059.05
4.877774381368268,2158.5456943875165,2304.39023432409,1731.1207955124078,1442.4937010453223,1447.5661672020767,1445.0171026849362,2077.635
4.879775109170306,1796.1064507676983,1918.8719173290722,1734.2185738833273,1400.6365897200158,1402.601851328639,1401.6142491488258,1743.1051
4.881775836972343,1098.100475600465,1147.186748478173,1675.1801385569988,1354.6361415135893,1353.2994007557797,1353.9711525879354,1034.2201
4.883776564774381,958.1931105653796,1012.7926278858564,1615.7834688981834,1308.9046855824581,1304.6723312307895,1306.7992146773033,904.1249
4.885777292576419,890.1624033227951,951.0967433164764,1559.7545615189015,1267.793963019015,1261.6667385488183,1264.7458503660034,869.61
4.887778020378457,1500.1458784285674,1558.7596917883577,1546.484854298414,1234.6057943113278,1227.9579715674713,1231.2986994400544,1432.4701
4.889778748180495,733.7283408393214,815.0917106869953,1476.009172382224,1211.0677829142137,1205.3067724994023,1208.201850904552,710.31006
4.891779475982533,1262.2472525649375,907.0558825761716,1426.7573464904367,1197.3507321511725,1193.6185335409964,1195.4940739101426,813.85486
4.893780203784571,817.9521373020682,892.7982704360767,1376.4824735978036,1192.432925952897,1191.4698895764138,1191.9538438858456,781.995
4.895780931586609,936.0376312985479,1029.922625394673,1335.3848071977109,1194.5415943740306,1196.7112124563826,1195.620915094397,901.46985
4.897781659388646,912.8548217785882,1014.0902385874471,1300.262692824063,1201.50942447846,1206.8801872802283,1204.1812198618386,885.5399
4.899782387190684,1030.1074282706425,1084.4036413630356,1274.8003680120307,1211.0374607886702,1219.4165896733084,1215.2058291745052,997.0499
4.901783114992722,1375.8014733814125,1464.196929910627,1280.0333190957979,1220.930457730304,1231.8354289811064,1226.3553578644478,1331.58
4.90378384279476,1426.5855163137346,1538.3276223257105,1287.4995747922292,1229.3391427480956,1241.983122916592,1235.629148300118,1379.37
4.905784570596798,1303.0368780975327,1400.2700751085376,1286.7499553657276,1234.9728670672828,1248.3471140967129,1241.6261587482388,1251.93
4.907785298398836,1212.3010168494209,1344.35100669828,1280.1072461615115,1237.21266662402,1250.2710198167972,1243.7088104796935,1172.2799
4.909786026200874,1209.7190486166764,1267.3611639405258,1267.0574903284157,1236.0794626448667,1247.9473694189608,1241.983394674587,1153.695
4.911786754002911,1183.435332770281,1267.2688590896198,1252.038533814218,1232.0721291037908,1242.1854288680022,1237.1031961268673,1119.18
4.913787481804949,1128.211602314497,1221.2506733954272,1246.9691221044332,1225.928332141277,1234.0613274704474,1229.974256375049,1089.975
4.915788209606987,1082.7434594751746,1127.3934459598281,1226.6732420491367,1218.3841126373818,1224.5942786652365,1221.4734862581595,1036.8751
4.917788937409025,1069.2760064798852,1129.7760526624793,1210.7153858208487,1209.9966156492421,1214.5441310764784,1212.258869852748,1020.94495
4.919789665211063,1060.6487684619688,1135.7283612357278,1193.3220052497227,1201.0830153454483,1204.3592580348475,1202.7128490237262,1012.9801
4.921790393013101,1033.775476886868,1077.2790094017998,1177.778168280121,1191.7762860043053,1194.2409062952609,1193.002361583921,991.7401
4.923791120815139,1027.9505190984416,1056.2286616441804,1160.7212386641677,1182.1480276433995,1184.2574937867469,1183.1974245561307,978.46497
4.925791848617176,969.5233765923241,1004.2242592874665,1144.3290804407081,1172.3123082261236,1174.4406255996307,1173.371083067386,925.36487
4.927792576419214,901.8778482953537,991.6055380496376,1120.583535548249,1162.4461736667067,1164.8237823352435,1163.628963541915,880.22986
4.929793304221252,888.4484274601713,937.8784787420486,1100.238818591539,1152.7237876999852,1155.4267833373083,1154.0684479524755,843.05994
4.93179403202329,866.5453171956384,912.3980399848303,1079.0036673064299,1143.2269167024056,1146.2229865272798,1144.7173726807896,821.81995
4.933794759825328,852.2686673357945,918.7933124063421,1059.5619412458134,1133.903837769905,1137.1273785448902,1135.5074538070724,827.13
4.935795487627366,834.2323536347462,874.8905287995195,1038.614747634632,1124.6128923227557,1128.027998195693,1126.3118063209795,800.57996
4.937796215429404,808.7958341442015,857.7351142859341,1013.0771835957437,1115.2224186861995,1118.8474171316984,1117.0257480211405,768.71985
4.939796943231441,759.3729997900476,792.8446859232066,995.5839269327539,1105.7064288910967,1109.6032430026346,1107.6449784672693,731.55005
4.941797671033479,738.8142741708484,809.5328895513723,970.1346804509122,1096.1836030039233,1100.4358002589802,1098.2989451656613,697.03503
4.943798398835517,693.4729152479323,755.2205356874829,943.0028560996356,1086.8852828571532,1091.584726400799,1089.2231167976554,638.625
4.945799126637555,663.9698399716615,691.5488578904188,919.569286751309,1078.0808443157816,1083.3268161014078,1080.6905598656017,646.58997
4.947799854439593,629.1783192543422,696.1640197039402,894.515753912589,1069.9948071456663,1075.8948805483842,1072.9299188720277,620.04004
4.949800582241631,610.6853128933523,656.997382891166,868.9422868878859,1062.784293036323,1069.444358939193,1066.0974785164983,582.87
4.951801310043669,621.2285132451075,666.9061304263356,846.6028820382297,1056.5973490295908,1064.0974287750037,1060.3284165107625,588.18005
4.953802037845706,587.6785781232378,665.0291523214062,827.484160720743,1051.7364449856295,1060.0997693720983,1055.8969511018383,566.94006
4.955802765647744,583.0022993465711,612.6823005568073,802.5209808630954,1048.9161628967665,1058.083771761653,1053.4767767138128,543.04504
4.957803493449782,555.029992122071,625.2627091396721,782.6020012021293,1049.5586044209736,1059.3815634750565,1054.445235542194,548.355
4.95980422125182,535.1667690818481,634.3709945560475,760.0657617077703,1055.9896852172476,1066.245473222199,1061.0916359188343,505.87497
4.961804949053858,505.7559152680808,564.3462145235769,737.2219852801281,1071.3092270357463,1081.742890488127,1076.4996655028142,492.59995
4.963805676855896,536.423916710425,601.0368040651177,714.7999644145236,1098.7095493031518,1109.0917253070381,1103.8743742899253,495.25497
4.9658064046579335,503.7553380466112,540.8237626671397,699.9627547822978,1140.2311969953712,1150.4184364335008,1145.2990468157363,460.73996
4.967807132459971,462.3500477044123,513.1872614963909,680.0988442015943,1195.364495450342,1205.3437023033218,1200.3288552226245,452.775
4.969807860262009,636.3910321425345,688.8929805113077,673.8393147966493,1260.265607588941,1270.1640566895112,1265.1897927718733,617.385
4.971808588064047,2187.927603471883,2301.3960933951953,785.0455855265494,1328.2694686214065,1338.3188513869427,1333.2687388312029,2090.9102
4.9738093158660845,2150.846375561901,2258.2051149266645,893.4632271111556,1391.7186361937352,1402.1734722826207,1396.9196074202184,2069.6702
4.9758100436681225,2132.826159134813,2239.8869189845173,981.8279724559338,1444.29644729439,1455.327200740836,1449.7839203445303,2048.4302
4.9778107714701605,2108.789768468384,2221.893722409338,1066.3687599013226,1482.6921159575127,1494.2907222169006,1488.4620789592773,2024.535
4.9798114992721985,2063.328424078753,2211.7438721900294,1139.459783202037,1506.8531760961757,1518.7935983306534,1512.793182419144,2003.295
4.9818122270742355,2072.372765406244,2224.9327536885903,1206.098947997163,1518.951740518609,1530.8314997561952,1524.8615687977838,1990.0199
4.9838129548762735,2047.6715088987298,2166.05514783992,1271.2009776347952,1521.8382484640274,1533.1917617216989,1527.4862849583938,1974.09
4.9858136826783115,2038.9705876546402,2171.575336158382,1322.495965070973,1517.8244585432471,1528.2638158664342,1523.0177295423584,1963.4701
4.9878144104803495,2042.8558106041257,2113.8028053707617,1375.506643494424,1508.2553923200248,1517.5806853339434,1512.8944493297734,1944.8849
4.989815138282387,1999.393841096774,2150.6738459464977,1420.2497689123568,1493.8603220141144,1502.0973227714073,1497.9579858671848,1934.265
4.991815866084425,2013.1699612644131,2089.082047863128,1457.8550772684005,1475.5478449538734,1482.907820295513,1479.2092146448042,1923.6449
4.993816593886463,1535.5284213985183,1650.2384979484261,1458.9026095484676,1455.1587450736465,1461.9520862916177,1458.5382310747623,1477.6051
4.9958173216885005,1234.1237129389874,1320.2585897646902,1438.0917433321963,1435.7101084068554,1442.262621572453,1438.9697895865206,1188.2101
4.997818049490538,1293.9718895104331,1368.554513505734,1421.8744919442852,1420.8521582670214,1427.462025332571,1424.1403713127856,1233.3451
4.999818777292576,1963.2505374098266,2068.602548635048,1456.7129683473745,1413.6784921037188,1420.619188521442,1417.131282951268,1881.1649
5.001819505094614,1733.7494555760093,1808.4886161354418,1473.3919517033348,1415.4427167236986,1422.984740453833,1419.194650094666,1658.1449
5.003820232896652,1063.837820418582,1106.186598115336,1438.5686714576357,1424.8453697665122,1433.260089334096,1429.0314434627278,1010.3251
5.00582096069869,755.1439283080501,838.2072560904634,1385.6343605487143,1438.307959649336,1447.8367811527444,1443.0482660530113,728.895
5.007821688500728,1954.588217779657,2077.1554459622516,1423.8435965547073,1451.0622070974723,1461.8662241597121,1456.4368855136054,1883.82
5.009822416302765,1957.2086624313065,2080.064271877636,1459.7458787211551,1458.5369251800544,1470.6590145440832,1464.56730551803,1891.785
5.011823144104803,1971.3857230543151,2105.12300135176,1497.1199283712137,1457.5489546920057,1470.9090172873657,1464.1951900372305,1902.4049
5.013823871906841,2022.2100559552673,2104.742564170831,1530.2023092193233,1447.0896958601488,1461.508803987248,1454.2627749828637,1907.715
5.015824599708879,2015.582761414154,2103.070324662718,1558.729320843663,1428.6696382180755,1443.9012690640122,1436.2469233221766,1920.9901
5.017825327510917,1989.9636212773787,2167.4181654593394,1589.2119240892823,1406.121477821487,1421.8722005339882,1413.9569957509473,1926.2999
5.019826055312955,1193.9603385034522,1306.3791823991412,1556.4890403443208,1384.6682487471103,1400.609272643828,1392.5984358779874,1161.66
5.021826783114993,720.6605665687468,779.423053090657,1487.3127331747526,1369.266686863889,1385.0525604372772,1377.1196913052856,686.41504
5.02382751091703,494.70758894548874,531.5590389265434,1406.021624328758,1362.7172952987144,1378.0250746886886,1370.3324620475498,468.70493
5.025828238719068,428.3648042659959,488.7925336298177,1321.816375691441,1364.401714230476,1378.9859239915916,1371.6569265249275,404.98495
5.027828966521106,1933.9897248132932,2036.9514200033525,1369.1048626795434,1370.3720244496703,1384.1106570594698,1377.2065871618254,1859.9249
5.029829694323144,1896.8325615752776,1995.0971144972627,1406.9509329800753,1374.8593474885602,1387.7620141449856,1381.2780419046605,1822.755
5.031830422125182,1869.0912925711623,2006.6944996105735,1437.2344441247178,1372.5213517779544,1384.6899729947238,1378.5748803341478,1790.8949
5.03383114992722,1846.8318635364574,1956.6038686924942,1459.121532357271,1360.3822639455507,1371.9416536747992,1366.1327178853728,1772.3099
5.035831877729258,1714.0961787301546,1832.798898143324,1475.4288212432227,1338.6342340190986,1349.6689118295374,1344.1236593240649,1671.42
5.037832605531295,1198.7768282612226,1284.6156883858228,1453.080599015986,1310.0976633073928,1320.626752334893,1315.3355731710708,1153.695
5.039833333333333,1077.9487722029387,1181.657199115104,1422.5150010446089,1278.7852638809745,1288.7839384963524,1283.7593082883118,1044.84
5.041834061135371,1095.7984598784647,1183.313806290189,1390.4644443780007,1248.3521363183875,1257.8002495217497,1253.0522927337981,1050.15
5.043834788937409,1090.8078492421785,1149.3292429605267,1359.379592275064,1221.1081858278342,1230.0315979323173,1225.5473189909842,1012.9801
5.045835516739447,1023.4481100638167,1071.8438921597597,1329.1584033700005,1197.839242364209,1206.31692404452,1202.0566378462343,978.46497
5.047836244541485,937.853305387025,1030.730255890036,1297.36265349452,1178.2315117111689,1186.3648496295582,1182.277606372928,904.1249
5.049836972343523,916.7311736877896,972.9661333356929,1260.6215192357656,1161.4788888177998,1169.3466507894898,1165.3928673138453,869.61
5.05183770014556,864.455218513698,928.8075116604768,1227.283463003917,1146.750873060671,1154.3843117496742,1150.5482826654793,824.475
5.053838427947598,827.7577476549534,911.517974929513,1191.15189030196,1133.404928590002,1140.805363553882,1137.0864257443684,789.95984
5.055839155749636,827.2339283099943,899.5268536554837,1157.3073355097563,1121.019270998316,1128.210289541135,1124.5965896872303,787.30505
5.057839883551674,769.9726511959233,815.388671948197,1121.673507940623,1109.3575088298726,1116.4346765143086,1112.878190089608,715.62
5.059840611353712,715.1330130924953,756.0771275339362,1090.7441626647305,1098.3161702044122,1105.4510410330543,1101.865557068917,699.69006
5.06184133915575,706.7362582615812,762.1602612037734,1050.9584544203274,1087.8925741759622,1095.2714780819006,1091.5633602668668,673.14
5.063842066957788,670.5805089597528,728.6921539451682,1025.1826505150232,1078.1669154203994,1085.887375291856,1082.0076154854487,654.55505
5.065842794759825,646.8867328107945,712.3940372526582,991.1233535656693,1069.3196431327467,1077.2988907704218,1073.2890824448227,614.73
5.067843522561863,609.8407520965419,697.2695464961224,961.7311938249238,1061.7000491040728,1069.6482809324184,1065.65405896986,596.145
5.069844250363901,588.2055874945515,645.1859064542718,929.8224314121744,1055.9418202157062,1063.419329342205,1059.6616594826296,569.595
5.071844978165939,564.7870460291451,612.6882082537962,898.0751807201947,1053.062083210816,1059.5945308577213,1056.311782389379,545.69995
5.073845705967977,577.2729720188553,649.8389645596604,867.4559380582124,1054.4308245876111,1059.631594551525,1057.0180535702473,543.04504
5.075846433770015,515.7524713937153,547.572084671352,836.7677408414276,1061.4832845465642,1065.139569428912,1063.302177956967,484.63498
5.077847161572053,498.0776365998309,545.5865308022333,809.8087407537482,1075.1484956084103,1077.2575900752556,1076.197707623093,492.59995
5.07984788937409,480.5043631405919,517.5258866125508,784.8071624598205,1095.1739383456634,1095.9449671919056,1095.557502354702,460.73996
5.081848617176128,457.5047255809005,508.12546003368584,759.7589811211298,1119.713337311657,1119.5544741077385,1119.6343075740785,447.46494
5.083849344978166,1366.1634440015835,1456.647820524187,802.4852193294785,1145.5246550954346,1145.0145357264084,1145.2708858217873,1326.2699
5.085850072780204,1292.9434028167825,1398.0325275369464,836.0181614297823,1168.8259134447426,1168.6453930030814,1168.7361098729898,1243.965
5.087850800582242,1217.1883432572802,1265.4449763720213,863.0332156600484,1186.4568997283002,1187.2605448716522,1186.8566893788832,1172.2799
5.08985152838428,1183.6484298673963,1219.960117326684,882.6897802808742,1196.7791622207299,1199.0241166035798,1197.8959605187329,1108.5599
5.091852256186318,1112.7167581387034,1186.0058183048657,900.0365970970804,1199.936378516687,1203.7352273934157,1201.8261932907922,1063.4249
5.093852983988355,1035.6881944831366,1133.0130433578192,906.0286925465413,1197.4740113274493,1202.5554944945122,1200.0018986625598,1010.3251
5.095853711790393,1003.9656929069799,1116.4604882901328,911.9428119047025,1191.675166776999,1197.4946769103094,1194.570200663542,970.4999
5.097854439592431,995.3485795256215,1085.011966814474,917.2733541388139,1185.0241525700371,1190.9845967571896,1187.9892969731516,943.9498
5.099855167394469,969.4420505791265,988.0457152837005,912.8244936733223,1180.0086546478915,1185.687851612871,1182.8338868900107,906.7799
5.101855895196507,892.1679683195507,947.9400657039247,911.9504177914127,1179.1773804032775,1184.4590415170746,1181.8048503365553,874.92004
5.103856622998545,866.5199479056752,959.6891644940799,908.0647071180001,1185.1636509909006,1190.2310867935234,1187.6845501783598,853.68005
5.105857350800583,906.0004102294614,941.3704966483849,901.759176995552,1200.3750727778984,1205.602536249719,1202.9755809899145,848.37
5.10785807860262,874.3985756948571,917.6327163315603,900.2175330934411,1226.2558399435884,1232.0660014202945,1229.1462231504274,835.09485
5.109858806404658,823.3575868268586,901.9229869662744,891.9818566165496,1262.37440628143,1269.1184234967793,1265.7293550524805,800.57996
5.111859534206696,903.7896945412817,972.0897250542272,887.0166601256097,1305.8602932062295,1313.7441420141558,1309.782274426725,861.6449
5.113860262008734,1977.3126775224225,2111.5124794111184,968.2799914503031,1351.683355449802,1360.7435864176314,1356.190551944166,1928.955
5.115860989810772,2006.2170197510409,2112.510798230951,1044.8874920703859,1393.8106234074544,1403.9353648193699,1398.8473823113013,1926.2999
5.11786171761281,1996.2850503631796,2095.6291798718103,1116.1558448857265,1426.7749253031634,1437.761239431272,1432.2402911089596,1913.025
5.119862445414848,2003.4424379635166,2101.951821558467,1177.33405835874,1446.9720830345268,1458.5997663824287,1452.7565110264095,1913.025
5.121863173216886,1963.5939907599895,2101.823937193878,1237.4584812476605,1453.3024644764996,1465.3956093900772,1459.3184458078638,1897.0951
5.123863901018923,1965.7284412493402,2061.1593217054215,1292.2611386704912,1447.2357655668875,1459.6884789310297,1453.4306215500817,1886.475
5.125864628820961,1458.6435617138475,1553.1196705776053,1298.7975335172907,1432.550059541743,1445.3128474903458,1438.899168444651,1411.2301
5.127865356622999,800.8955987204356,857.0912448464667,1256.0260647153539,1414.7744360469228,1427.8165850520288,1421.2625187992842,766.06506
5.1298660844250366,513.3424530183624,578.8268042625318,1197.542824785914,1400.1272628908255,1413.3956799653513,1406.7279073044617,503.21994
5.1318668122270745,1951.5075750863273,2076.933443635286,1251.4999856958536,1393.9155547570383,1407.3034606629128,1400.5756413243773,1878.5099
5.1338675400291125,1855.9720902625172,2016.507166833968,1291.6016619763425,1398.893847647873,1412.2255544020104,1405.5259768021397,1793.5499
5.1358682678311505,1004.7312374409464,1082.1493220323873,1266.0539505646434,1414.4308000759067,1427.4711362737098,1420.9179810103399,957.225
5.1378689956331876,816.4275120326924,883.7153767923347,1231.3175666261695,1437.0380789871365,1449.528777479316,1443.251831446208,774.0299
5.1398697234352255,1995.0660228870736,2110.4516434555417,1283.4449823579798,1462.0049460414575,1473.725473130932,1467.8355610442482,1918.3351
5.1418704512372635,2020.4610532051454,2120.6836912358067,1333.3237038679442,1485.2089759276835,1496.0377159663287,1490.5959532921524,1939.5751
5.1438711790393015,2008.1491295868975,2134.590564123602,1383.7167442917057,1504.1860525969626,1514.143072913075,1509.1393752244367,1944.8849
5.145871906841339,2041.291941747356,2151.5009493526923,1426.8848338793523,1518.1023912668143,1527.371363435926,1522.7134303247935,1963.4701
5.147872634643377,2055.345786782999,2182.88887560658,1470.2261609361083,1526.959672299562,1535.9011898834037,1531.4078124023124,1974.09
5.149873362445415,2103.9883354517347,2163.4116072476577,1517.192042872298,1530.6319835224692,1539.7927095794025,1535.1891733464643,1990.0199
5.1518740902474525,2075.78579022196,2221.106717532992,1554.4763628899466,1528.2496148711402,1538.3394251756,1533.2689965838726,2005.9501
5.15387481804949,2126.055234286904,2228.519315756236,1593.1270382326038,1518.181537065679,1529.967690183704,1524.0447990734824,2024.535
5.155875545851528,2139.8031255940896,2264.0184143401493,1630.4875111402291,1498.6084250344065,1512.7005658622606,1505.6188476122538,2043.12
5.157876273653566,2153.329306775757,2260.858640751382,1663.74575832095,1468.4425182754512,1485.023380743229,1476.691006140016,2064.36
5.159877001455604,2190.420584482217,2277.852606934036,1698.1232753493152,1428.1750356963876,1446.8122165645157,1437.446481046061,2082.945
5.161877729257642,1703.71660844472,2108.1874059180363,1691.966731157848,1380.1851394523537,1399.861897179914,1389.9737434918104,1631.5951
5.16387845705968,1109.42601386364,1176.685276838577,1643.5703318821445,1328.3003569466941,1347.686346762603,1337.944312564193,1060.7699
5.165879184861717,1040.5216097809769,1132.6723453465943,1593.2410240168235,1276.842860870375,1294.6679257502724,1285.7103025750898,999.70496
5.167879912663755,1022.6606708273048,1097.9261392748103,1540.3453282606392,1229.7072277879545,1245.030087234537,1237.329896418201,967.84485
5.169880640465793,846.9347304151056,936.305322385489,1481.1121603459958,1189.933471262489,1202.1773184194042,1196.0244224953133,800.57996
5.171881368267831,1954.4269311437954,2069.0661212419727,1513.6790530687988,1159.768135086654,1168.5598755161154,1164.1417654922946,1883.82
5.173882096069869,593.9736601296586,608.3224330835869,1438.626585698706,1140.7985154914838,1145.7739807397156,1143.2736620527894,585.525
5.175882823871907,590.7782216090646,643.9278949399087,1368.4976621446806,1133.7837642612096,1134.5228248718759,1134.151425020118,569.595
5.177883551673945,550.432435176447,620.87510534622,1304.8698362711705,1138.1996024409852,1134.3566441102596,1136.2878445202728,537.735
5.179884279475982,454.1970251729751,520.0721000069146,1232.7010467808445,1151.9524067870561,1143.5199312998268,1147.7575000468414,436.84494
5.18188500727802,1412.7054587880846,1495.5350237797136,1241.2817899814297,1171.745680111519,1159.3042274098482,1165.556425974304,1342.2001
5.183885735080058,1815.4946177746556,1365.859726703842,1243.4961303163832,1194.1691576104627,1178.9742310928111,1186.6101318223066,1235.9999
5.185886462882096,1206.550816689886,1322.0753342607863,1237.0340581950215,1217.0340236949687,1200.868152618183,1208.9919817531747,1159.005
5.187887190684134,1362.4673257647132,1160.218275179411,1225.3808816052867,1240.2069221988029,1225.0397115330459,1232.6616842258736,1055.4601
5.189887918486172,924.1458312309946,980.783747972174,1195.7021374808232,1265.401185297058,1252.9876045352512,1259.2257966242105,877.5748
5.19188864628821,419.7013904921847,479.20186113082985,1133.7662381475036,1294.9439567109039,1286.5082209705117,1290.7474280913268,428.87997
5.193889374090247,649.5308147245352,718.0563208750785,1093.9386995020225,1330.1302667008888,1326.2239291547523,1328.1869794981383,630.66003
5.195890101892285,1137.7076455182912,1244.9476856010292,1091.5385609958134,1370.0469537675435,1370.5959118353362,1370.3200441432186,1089.975
5.197890829694323,2197.5437697427474,2306.193966301726,1173.3096292125288,1411.5167262216164,1415.9986068855496,1413.7463290748287,2096.2202
5.199891557496361,2149.5891139893006,2277.4944623642596,1245.2032803538843,1450.1954205426255,1457.8622941209321,1454.009463014343,2069.6702
5.201892285298399,2108.0873245587477,2223.4658503993137,1307.0431346698188,1482.1929135899059,1492.2603664647197,1487.2011731437353,2045.775
5.203893013100437,2126.9819475078434,2237.310991007154,1366.1916001973048,1505.3456947942323,1517.1001358518558,1511.1931809914656,2035.1549
5.205893740902475,2081.5050458653423,2231.493763943905,1419.3671205550418,1519.5782140574634,1532.3977791572595,1525.9555679110497,2005.9501
5.207894468704512,2061.0279551690405,2191.8821056440142,1463.4423244645227,1526.38827896336,1539.7072759009613,1533.0140853604325,1992.6749
5.20989519650655,2051.221234229691,2173.3854122798325,1505.7637382916416,1527.9393846793791,1541.204103180576,1534.5381891623558,1976.745
5.211895924308588,2039.9086205128174,2181.7280221404703,1542.8361476190942,1526.2863187622738,1538.9453831691844,1532.583828276032,1960.8151
5.213896652110626,2023.8054419552288,2144.664445402483,1575.4750309430144,1522.9897311267064,1534.541368833457,1528.736328664992,1950.195
5.215897379912664,1999.065433877311,2167.813897054829,1606.924856232111,1519.092364002603,1529.175886563925,1524.1086177494008,1944.8849
5.217898107714702,2014.176293386083,2098.3880500246737,1627.9154999710695,1515.266025141214,1523.754182816038,1519.4886321201552,1923.6449
5.21989883551674,1537.583778815657,1632.2145624260163,1618.9708492908944,1511.9595871421002,1518.9970698710492,1515.4605263121603,1461.6749
5.221899563318777,1109.8095969038866,1211.5582906530583,1572.0287086682683,1509.4745962529519,1515.4275498738534,1512.4360143212668,1058.1151
5.223900291120815,1035.8022397283396,1145.3157082215782,1527.675443220953,1507.9673528647472,1513.2959535445066,1510.618173841492,1007.67004
5.225901018922853,1959.51716018638,2044.7179423767423,1556.0262584968516,1507.4218315682651,1512.5308936862791,1509.963438614439,1883.82
5.227901746724891,1975.6824864047464,2081.2635214492084,1583.3220814448264,1507.6283357980171,1512.7622395754931,1510.1823008338317,1897.0951
5.229902474526929,2010.5970316981804,2117.2328545117866,1608.0838739094781,1508.1661217988592,1513.3890640987934,1510.764380861803,1923.6449
5.231903202328967,1961.6601005130544,2087.899668408579,1632.2729061912326,1508.400224816792,1513.6539484391974,1511.013796675759,1875.8551
5.233903930131005,1989.0713841412205,2091.8801687788955,1650.8132118869682,1507.489931842019,1512.6860148044602,1510.074829180276,1918.3351
5.235904657933042,1998.8654164035252,2097.521171339296,1679.0529434993077,1504.4473615471022,1509.5462376317048,1506.9839013434184,1918.3351
5.23790538573508,1997.8385611444453,2081.217393761286,1694.679059528532,1498.2979402344545,1503.3478979051858,1500.8101445690927,1913.025
5.239906113537118,2015.3513375923237,2101.0230999761075,1714.1889347682593,1488.362211211641,1493.497747085927,1490.9169881672672,1918.3351
5.241906841339156,2020.1608655872717,2107.782454000349,1730.8119075048976,1474.5888648321454,1480.000735188945,1477.281110006328,1931.61
5.243907569141194,2018.4103306391312,2156.204091626298,1745.4819774675466,1457.7745974482536,1463.6639018406825,1460.7043519110316,1928.955
5.245908296943232,1589.6533804726523,1677.6998030958243,1726.7261955206434,1439.4985845462131,1446.0260966721548,1442.745828449313,1525.3949
5.24790902474527,1622.1636689221295,1719.0956869333652,1711.4284104698293,1421.7290693183945,1428.9717612565398,1425.332093990644,1541.3251
5.249909752547307,1543.793130114014,1637.8212691453145,1695.6250993747055,1406.2517737584003,1414.180777784955,1410.1962183624262,1477.6051
5.251910480349345,1476.0060564060423,1582.8191622951797,1674.1678440027465,1394.183402604075,1402.6725575275007,1398.4065056846514,1427.16
5.253911208151383,1757.5682228446274,1837.281477139677,1673.727251474208,1385.777595883133,1394.6401134783832,1390.186435831958,1671.42
5.255911935953421,1558.3111185673433,1662.9253630547769,1657.6239917931275,1380.5579961117382,1389.595026924878,1385.0536512164556,1488.225
5.257912663755459,1514.2036133480208,1620.1510570252735,1642.7788258844807,1377.6504350999496,1386.6913149747413,1382.1480049988093,1459.0199
5.259913391557497,1663.0814115396465,1774.7685893687767,1637.9416601051214,1376.1328382030617,1385.054471097511,1380.5710862619292,1602.39
5.261914119359535,1628.1527786120016,1716.2423976914586,1631.1155349292899,1375.272539258069,1384.0018905786487,1379.6151329303375,1559.91
5.263914847161572,1596.970815199461,1684.613580336444,1623.5683504706521,1374.6141976090234,1383.1276832213366,1378.8494044865174,1528.0499
5.26591557496361,1563.364211289137,1671.2580938154683,1613.6341067691446,1373.9536257723596,1382.2836113953217,1378.0975468413951,1498.8451
5.267916302765648,1528.7861191203772,1627.3420708910296,1605.0475077765034,1373.2584361683448,1381.5034889154488,1377.3601056478033,1464.33
5.269917030567686,1564.8054943542916,1645.6120893300265,1589.8527075765746,1372.5785501521282,1380.9038296597705,1376.720130068212,1482.9149
5.271917758369724,1962.3606256152766,1638.4762878701442,1584.3804848312434,1371.9797281042038,1380.5947405421412,1376.2654415696825,1490.88
5.273918486171762,1549.4587696733054,1681.2912015520938,1577.8011113858886,1371.5124792325012,1380.6254408834543,1376.045907679556,1485.57
5.2759192139738,1550.17170353171,1629.028671666944,1572.5929823495658,1371.231907662599,1380.9937001599455,1376.0881102339213,1477.6051
5.277919941775837,1556.901583274857,1668.8361714473394,1562.462086736903,1371.2776748519154,1381.73598613493,1376.480374884524,1506.8099
5.279920669577875,1579.5972681540493,1671.7913769415018,1557.320562968818,1371.987959806977,1383.0712059435696,1377.5015464153535,1512.12
5.281921397379913,1593.7686830327348,1707.4733181991749,1556.9914010943476,1373.9934796871594,1385.533725841306,1379.7344102655024,1509.465
5.283922125181951,1605.386745153729,1704.5359505069598,1554.9498957000792,1378.2066881225078,1389.9953239105384,1384.071185185089,1543.9801
5.285922852983989,1548.0599602393834,1651.0207019697343,1549.5041742166616,1385.6273442612603,1397.4840778681335,1391.5257179712967,1496.1901
5.2879235807860265,521.7918156611021,587.8486609059336,1467.5077644422338,1396.9638624938189,1408.792523903734,1402.8482711175163,508.53
5.2899243085880645,461.2394365108757,515.6031327866609,1387.4599982318555,1412.1832603603077,1423.993510472748,1418.0585099089517,455.43002
5.291925036390102,401.30069157512384,463.81662167241666,1307.9006817489378,1430.2258710189376,1442.110997260756,1436.1383692237189,394.36496
5.29392576419214,2018.3212368012946,2184.8604409304653,1357.8943351964538,1449.090379532676,1461.1682271433933,1455.0987509090546,1942.2301
5.2959264919941775,1994.8399828792312,2136.0497802886525,1405.8700210912648,1466.3233102435584,1478.662816769057,1472.4618491783147,1931.61
5.2979272197962155,1998.0688897339578,2120.995290602974,1444.8390944461144,1479.711779352011,1492.275107817119,1485.9616630709293,1918.3351
5.2999279475982535,2003.1785223745023,2097.5826640376913,1482.0170033806053,1487.875400377443,1500.5015473436422,1494.1565344396365,1913.025
5.3019286754002914,1970.3975752522995,2129.754364689698,1516.9964766641222,1490.5531626659954,1502.995135185056,1496.742675396962,1902.4049
5.303929403202329,2016.1128768102637,2151.1976622332454,1545.268945193878,1488.578821865981,1500.5840337651748,1494.5510591277318,1918.3351
5.3059301310043665,1556.0657843592062,1664.731618442868,1544.2563127107499,1483.651151726855,1495.056726610443,1489.3250873377733,1488.225
5.3079308588064045,1083.9421623399887,1162.536199978767,1501.2891828317686,1477.9777636745632,1488.781036791891,1483.3520720001422,1028.91
5.3099315866084424,1019.4397255881494,1100.4381953765326,1457.9984045546914,1473.806918205933,1484.1780753249918,1478.9662616239425,986.43005
5.31193231441048,1969.4242245997993,2257.1838474666474,1495.1492676289404,1472.8919631911285,1483.1178643057904,1477.9790460502045,1881.1649
5.313933042212518,1868.6443517890064,1980.2713539799809,1518.384447620283,1476.041017127659,1486.4244104877464,1481.206447713078,1806.8251
5.315933770014556,1848.1890735256632,1928.9309090422757,1535.675552068696,1482.9593967362198,1493.725125506804,1488.3150278615565,1764.3451
5.317934497816594,714.1751091868974,749.3660843635485,1468.750679877364,1492.4756230936728,1503.7337542314112,1498.076209809097,683.76
5.319935225618631,2007.2856210851298,2126.671177501252,1509.9120346122695,1503.0351885345267,1514.8171690942734,1508.8963748181998,1920.9901
5.321935953420669,2016.9552426621892,2126.1856318599453,1540.9123181850096,1513.198238465911,1525.5345539577052,1519.3351899559345,1950.195
5.323936681222707,2050.737677517681,2173.7205056257303,1577.6615911162062,1521.9113245592378,1534.8915772034816,1528.3686157057687,1979.4
5.325937409024745,2065.8801175252906,2178.7422264450315,1606.825744472465,1528.483313946204,1542.2515280277348,1535.3325925641852,1976.745
5.327938136826783,2063.9237790274346,2215.0657759569763,1643.890332814261,1532.3827681133457,1547.061805184921,1539.6851541854626,1992.6749
5.329938864628821,2097.4530067551896,2204.0490234739405,1669.3404793902466,1533.044756844619,1548.6290379655165,1540.7974750131402,2008.6051
5.331939592430859,2103.139756478727,2263.3308902630883,1697.1099463273601,1529.8512099627812,1546.1283699565781,1537.9486148438195,2035.1549
5.333940320232896,2140.78404758325,2271.738638340412,1728.0320001712792,1522.3328615016474,1538.88419774314,1530.5666609433588,2045.775
5.335941048034934,2140.701663582153,2261.503394228901,1757.8348786743506,1510.4971808962637,1526.7879092731291,1518.6013356459114,2069.6702
5.337941775836972,2189.770421517779,2329.833049318201,1780.316819985064,1495.0752309993977,1510.5996474438577,1502.7981682649006,2096.2202
5.33994250363901,1803.5369901490644,1901.0154521169432,1775.196173861462,1477.486131096899,1491.9042378721776,1484.6587120767485,1724.5199
5.341943231441048,1707.4806571241577,1813.566445616274,1770.8682456146364,1459.4565873617735,1472.6668789207429,1466.028316053407,1647.525
5.343943959243086,1667.5242357972043,1759.886923890313,1752.2843283819927,1442.4507821833865,1454.5794825710875,1448.4844513097853,1594.4249
5.345944687045124,1586.2427388006276,1684.162035442384,1733.4609115450098,1427.180478383469,1438.5095254202827,1432.8163436577781,1520.0851
5.347945414847161,1656.8389514366247,1760.3521552596376,1718.6970232279336,1413.4339876899417,1424.3076051222877,1418.8432902282702,1597.08
5.349946142649199,1938.772221720773,2052.4752730369873,1734.9355992175354,1400.271499586843,1411.0146426282251,1405.615894981011,1873.2001
5.351946870451237,1802.894048340554,1924.3785648273356,1733.7887989404712,1386.463635072421,1397.3299289529962,1391.8692943607061,1753.725
5.353947598253275,1673.0311277160338,1776.1267866866742,1724.6516503045098,1370.9698465333977,1382.1241920967261,1376.5188030002325,1602.39
5.355948326055313,1558.8096470170929,1675.6359509024574,1704.8634883011782,1353.2849242935013,1364.818840281722,1359.0227058018295,1514.775
5.357949053857351,1468.1276509011082,1572.7386888598312,1687.337027093437,1333.5673408218454,1345.5359834933165,1339.5213859761789,1408.5751
5.359949781659389,1386.399412422638,1483.4993801342725,1653.8829690175203,1312.5495089827027,1325.0064848188997,1318.746485419467,1334.235
5.361950509461427,1311.9927308833833,1394.6062270729838,1620.5437982924404,1291.295753604565,1304.3014226833698,1297.7656886743205,1251.93
5.363951237263464,1206.2052879904966,1305.906871947018,1585.5876439547976,1270.9088472581006,1284.5039180948868,1277.6719922412435,1161.66
5.365951965065502,1114.62841367321,1225.6752557375914,1548.8300285265966,1252.269207954166,1266.433379053111,1259.3154634579623,1074.045
5.36795269286754,1036.1161886858345,1131.295733505892,1500.6529452440946,1235.8942415377962,1250.524587273015,1243.1724051125714,986.43005
5.369953420669578,940.1063286732282,1034.0591865570125,1452.702184375924,1221.9397074663784,1236.8719552645039,1229.3680583735081,898.81506
5.371954148471616,1144.496386134631,1238.899008503931,1425.6384263006016,1210.362286931966,1225.4277022446468,1217.8568847324586,1095.285
5.373954876273654,1099.3271339292648,1211.7828822365962,1394.4156919232573,1201.2268875815562,1216.3102578261403,1208.7304174287501,1050.15
5.375955604075692,1019.9670554199522,1124.4939137654214,1365.381399369811,1195.1042519813302,1210.168471408897,1202.598254864407,997.0499
5.377956331877729,1030.8849309567188,1105.1923122235592,1331.883382463317,1193.4161682218164,1208.4829742322738,1200.9114578532528,981.12
5.379957059679767,976.6162270906632,1084.9729896596666,1299.7811290255202,1198.486102274737,1213.5921861003546,1206.0009314555984,930.6749
5.381957787481805,688.8524757969258,715.949701004796,1254.5890032136283,1213.049157456928,1228.2083311514587,1220.5903972747699,673.14
5.383958515283843,670.4727066791909,732.35716924587,1201.8932953783221,1239.185475430842,1254.375600447505,1246.742112614502,646.58997
5.385959243085881,534.6753462398747,614.6525389440174,1147.208665962679,1277.0363434227222,1292.2082127224514,1284.5838989280392,513.83997
5.387959970887919,881.9348667121792,972.9284155820951,1122.456470859071,1323.9930170822415,1339.0841509360341,1331.5004090950174,848.37
5.389960698689957,2187.1491418644473,2356.135068702527,1195.8882847539803,1374.9725325971351,1389.9114223526703,1382.4041876813062,2096.2202
5.391961426491994,2172.6683447413493,2283.0783100554886,1272.0045273903581,1423.8337850901444,1438.5315369415443,1431.1454812107932,2069.6702
5.393962154294032,2143.587157763324,2247.461157130698,1335.6211507923827,1465.2809417822052,1479.6194045303546,1472.4139022180366,2045.775
5.39596288209607,2092.738477100698,2226.193223741087,1390.1903122284182,1496.2972130667213,1510.126533138365,1503.1768901045,2024.535
5.397963609898108,2093.8293418367975,2214.850851320263,1435.8120113739708,1516.4904523812938,1529.6466765141383,1523.035284130194,2003.295
5.399964337700146,2094.0162916312997,2229.681044995296,1481.2539026527236,1527.425047310512,1539.7691908699255,1533.5658930322675,1995.33
5.401965065502184,2063.3550811545206,2209.7428817137734,1521.9102657974208,1531.5234966189971,1542.9913994851672,1537.2284385547644,1976.745
5.403965793304222,2074.5702807272314,2182.215140215241,1558.4948126774302,1531.1512853509148,1541.7920513209142,1536.4447511850221,1979.4
5.405966521106259,2055.209623278097,2156.0854596197346,1590.6151218455157,1528.1723012080126,1538.1508403291323,1533.1363288034765,1950.195
5.407967248908297,2037.8167411157838,2134.77081067267,1618.1098414705125,1523.9113988886202,1533.4651642320155,1528.6641141137202,1944.8849
5.409967976710335,2009.1682168195757,2116.486714527084,1641.6687596937597,1519.297187858755,1528.6648131093048,1523.9573039021218,1926.2999
5.411968704512373,1446.3434298530794,1547.8365945505775,1621.4111906513488,1514.9907359848771,1524.3520357700133,1519.6477052965945,1376.715
5.413969432314411,1087.139166692475,1194.6931761634162,1576.818680897805,1511.436888550365,1520.8995242784722,1516.144269491602,1042.1849
5.415970160116449,831.2987994100445,888.148131336264,1518.5019726380438,1508.8490053510855,1518.4851309479163,1513.642692362322,797.9249
5.417970887918487,1960.4832244839351,2086.8071122868723,1541.5759780368624,1507.1857009380064,1517.0859847754664,1512.1107988481865,1886.475
5.419971615720524,1983.4611556184852,2078.0712294747445,1570.53835883138,1506.1377624288157,1516.4384842345798,1511.262066365129,1886.475
5.421972343522562,1971.4695054227584,2115.302517923019,1595.9449038517616,1505.0880431378914,1515.949943319497,1510.4915166911037,1902.4049
5.4239730713246,1972.028427344575,2063.9498884890163,1619.621260427508,1503.0375197317383,1514.5914878132253,1508.785276562417,1875.8551
5.425973799126638,1998.349565773947,2076.6311649465106,1644.478971860937,1498.5245414466372,1510.8220507542949,1504.6421880096982,1913.025
5.427974526928676,1970.029248753939,2123.6218747549606,1663.3264030508963,1489.6695829415346,1502.665834776397,1496.1348332114176,1907.715
5.429975254730714,1996.7629878049595,2105.870121590686,1679.5931757626215,1474.5024225871434,1488.0720725593767,1481.252921443272,1913.025
5.431975982532752,1972.681151634743,2113.520225015284,1704.5143752862907,1451.6124676675418,1465.5756146448725,1458.5587196262363,1918.3351
5.433976710334789,2024.7431567488475,2145.1390680467593,1721.4750913430655,1420.9121750111865,1435.0515688587848,1427.9461045664714,1936.92
5.435977438136827,2025.094701623993,2140.7799034399654,1737.5742499947473,1384.0879642561226,1398.1575100521964,1391.0871464750442,1934.265
5.437978165938865,1122.533696305613,1220.3323662486114,1684.840267233851,1344.355787446769,1358.0957306877945,1351.1910021591311,1084.6649
5.439978893740903,1070.292630945217,1119.3902921241743,1633.8159849177873,1305.500940745298,1318.6719045788034,1312.053105058609,1026.255
5.441979621542941,889.3425470758913,599.5956599212375,1542.041145374394,1270.6427903242825,1283.0729970254374,1276.8264499094073,511.18503
5.4439803493449785,498.662057615263,526.4092491331412,1457.5710444544345,1241.3427109201336,1252.96574009261,1247.1248235976236,484.63498
5.4459810771470165,1714.1952085646958,1848.5908468795885,1472.1850883750924,1217.475109184559,1228.3358304347237,1222.8779962543056,1658.1449
5.447981804949054,1564.951103407676,1667.5362045692455,1474.1886090591793,1197.8085755505979,1208.0307238095293,1202.8937914751273,1485.57
5.449982532751092,1426.9372767551195,1891.531304061121,1466.5715870088968,1180.940535404051,1190.6724306535955,1185.781864980307,1347.5099
5.4519832605531295,438.4131529938148,497.5610837348444,1378.9959312975968,1166.1807134749738,1175.549021981471,1170.8411694179329,420.915
5.4539839883551675,1003.5248855264628,1087.1408662516142,1349.6749377483156,1154.1177436689745,1163.2151718118532,1158.6434446559474,951.9149
5.4559847161572055,941.1228574707455,990.8683630922167,1308.2788280141642,1146.740023077611,1155.6542780880952,1151.1746008577784,888.19495
5.4579854439592435,777.8606970220394,866.9761926195092,1266.5212630889998,1147.0506579770004,1155.9175294901254,1151.4616638709822,755.44495
5.459986171761281,648.2224115185543,666.3783295078853,1216.1339781502993,1158.182484488908,1167.2264759536654,1162.6816023115937,628.005
5.4619868995633185,699.2325302906693,768.0005527598975,1172.177034874488,1182.172381458066,1191.6956589830445,1186.9099298967146,657.20996
5.4639876273653565,663.2058891179396,705.5520128855306,1127.9261155281215,1218.7918814717877,1229.0938877764884,1223.9168244082684,617.385
5.4659883551673945,724.3977587986548,778.2045420210484,1091.131767126637,1264.9965464602278,1276.248125751993,1270.5938738263808,689.06995
5.467989082969432,1962.4378332267254,2109.111786007971,1155.2079369733697,1315.42174849544,1327.5546582079858,1321.4575116362464,1894.4401
5.46998981077147,1963.6590643950808,2087.951954421572,1213.3064221787074,1363.8774900959215,1376.554244191158,1370.1837997055593,1862.58
5.471990538573508,1911.3219527418814,2042.522378540137,1263.0075371067699,1405.1845775931683,1417.8775255983057,1411.4989431932322,1841.34
5.473991266375546,1897.081496040005,2045.45574486537,1306.7965237883168,1436.4940653733283,1448.6467473681962,1442.5396646388301,1825.41
5.475991994177583,1899.680929990438,1982.7878845231667,1349.2390564675143,1457.5180622785915,1468.7225188381956,1463.0919474815198,1820.1
5.477992721979621,1908.6925275876397,2016.9822723181403,1385.466280098774,1469.7595238405006,1479.8816008491895,1474.794957282676,1814.7899
5.479993449781659,1903.0554509764393,2005.5141846401625,1419.1310178235562,1475.279223410469,1484.493360424145,1479.8629836031275,1817.445
5.481994177583697,1900.5512619809053,1996.5972487907454,1451.5568385555794,1475.5648032777056,1484.2980304922694,1479.9093250924066,1820.1
5.483994905385735,2140.8527326546123,1973.1994612353328,1482.4968713955882,1470.799062664229,1479.6072280628623,1475.1808640054378,1817.445
5.485995633187773,1860.149007078409,1984.353716418074,1503.992742443841,1459.583051233663,1468.9894981639732,1464.2624799126063,1785.5851
5.487996360989811,1874.6195491742221,1997.7561134784985,1531.0776697876336,1439.1382574058016,1449.4649040237543,1444.2754581681484,1793.5499
5.489997088791848,1826.5069734036058,1994.6412299767917,1548.0756556527651,1406.0829987323177,1417.3117188567978,1411.6689543399564,1782.93
5.491997816593886,1908.6040405692875,2049.319160262631,1567.6175948297664,1357.8011210337859,1369.512915090559,1363.6273916115267,1836.0299
5.493998544395924,1884.6434218127513,1982.5597047100623,1592.0174793368767,1294.0704509006266,1305.504572724958,1299.7585877688527,1806.8251
5.495999272197962,1798.8080702543784,1947.6397625446436,1597.472488212274,1218.1980809178654,1228.4360483918908,1223.291166433255,1740.4501
5.498,443.00468474537934,517.0764852950226,1506.2947388230693,1136.8671672031037,1145.0870035459684,1140.9562922684968,420.915
